"id","dbogota","djamundi","d1993","d1995","d1997","vouch0","sex","age","mom_sch","mom_age","dad_sch","dad_age","stratams","rept6","totscyrs","finish6","finish7","finish8","usngsch","hoursum","working","married","haschild","test_tak","response","svy"
3,1,0,0,1,0,1,0,14,9,45,2,45,0,0,4,1,1,1,1,0,0,0,0,0,1,0
4,1,0,0,1,0,0,1,14,5,36,11,43,0,0,4,1,1,1,1,0,0,0,0,1,1,0
5,1,0,0,1,0,0,0,14,9,38,5,41,0,0,4,1,1,1,0,0,0,0,0,0,1,0
6,1,0,0,1,0,0,0,12,9,30,8,36,0,0,4,1,1,0,0,0,0,0,0,0,1,0
10,1,0,0,1,0,1,1,14,5,37,5,41,0,0,4,1,1,1,1,0,0,0,0,0,1,0
11,1,0,0,1,0,1,0,14,5,38,5,38,0,0,4,1,1,1,0,28,1,0,0,0,1,0
12,1,0,0,1,0,0,1,14,5,37,0,42,0,0,4,1,1,1,0,0,0,0,0,0,1,0
15,1,0,0,1,0,1,0,15,11,35,,,0,0,4,1,1,1,0,0,0,0,0,0,1,1
16,1,0,0,1,0,0,0,15,4,50,2,52,0,0,2,1,1,0,0,8,1,0,0,0,1,0
17,1,0,0,1,0,0,0,17,5,36,,37,0,0,4,1,1,1,0,0,0,0,0,0,1,0
21,1,0,0,1,0,1,1,14,11,45,11,50,0,0,4,1,0,0,1,0,0,0,0,1,1,0
22,1,0,0,1,0,0,0,13,5,54,,44,0,0,4,1,1,1,1,0,0,0,0,0,1,0
24,1,0,0,1,0,0,1,15,3,44,5,55,0,0,4,1,1,1,0,0,1,0,0,0,1,0
25,1,0,0,1,0,0,0,17,6,47,5,50,0,0,4,1,1,1,0,0,0,0,0,1,1,1
27,1,0,0,1,0,0,0,17,9,39,11,46,0,0,5,1,1,1,0,0,0,0,0,0,1,1
28,1,0,0,1,0,0,1,17,5,42,7,49,1,0,4,1,1,1,0,40,1,0,0,0,1,1
39,1,0,0,1,0,1,1,14,1,42,,,0,0,4,1,1,1,1,6,1,0,0,1,1,0
41,1,0,0,1,0,0,0,17,4,33,1,37,0,0,4,1,1,1,0,0,0,0,0,1,1,0
42,1,0,0,1,0,0,0,16,6,37,4,40,0,0,4,1,1,1,0,0,0,0,0,1,1,0
46,1,0,0,1,0,0,0,13,11,33,11,37,0,1,4,1,1,0,0,0,0,0,0,0,1,0
48,1,0,0,1,0,0,0,13,7,35,11,45,0,0,4,1,1,1,1,0,0,0,0,0,1,0
52,1,0,0,1,0,1,1,16,2,39,6,38,0,0,4,1,1,1,1,0,0,0,0,1,1,0
55,1,0,0,1,0,1,0,18,3,40,6,42,0,0,4,1,1,1,1,0,0,0,0,0,1,0
58,1,0,0,1,0,1,0,13,5,28,,39,0,0,4,1,1,1,1,0,0,0,0,0,1,0
60,1,0,0,1,0,0,0,14,5,47,8,40,0,0,3,1,1,0,0,0,0,1,0,0,1,0
63,1,0,0,1,0,0,0,16,6,42,,,0,0,2,1,1,0,0,0,0,1,0,0,1,0
64,1,0,0,1,0,0,0,15,5,36,7,36,0,2,4,1,0,0,0,0,0,0,0,0,1,0
73,1,0,0,1,0,1,0,14,7,58,5,44,0,0,4,1,1,1,1,40,1,0,0,0,1,0
74,1,0,0,1,0,1,1,13,5,37,5,38,0,0,4,1,1,1,1,0,0,0,0,1,1,0
75,1,0,0,1,0,0,1,14,9,32,,,0,0,4,1,1,1,0,0,0,0,0,0,1,0
76,1,0,0,1,0,1,1,17,5,40,,,0,0,4,1,1,1,1,0,0,0,0,0,1,0
77,1,0,0,1,0,1,0,18,,65,,,0,0,1,0,0,0,0,40,1,0,0,0,1,0
80,1,0,0,1,0,1,1,14,5,42,3,38,0,1,4,1,1,0,0,0,0,0,0,0,1,0
82,1,0,0,1,0,0,0,15,6,38,,,0,1,3,0,0,0,0,9,1,0,0,0,1,0
86,1,0,0,1,0,1,1,16,2,48,,51,0,0,4,1,1,1,1,0,0,0,0,0,1,0
87,1,0,0,1,0,1,0,17,5,38,,,0,0,4,1,1,1,0,0,0,0,0,0,1,0
88,1,0,0,1,0,1,1,16,0,48,1,58,0,0,4,1,1,1,1,0,0,0,0,1,1,0
89,1,0,0,1,0,0,1,16,11,38,11,42,0,0,4,1,1,0,0,0,0,0,0,0,1,0
91,1,0,0,1,0,1,1,17,1,36,,,1,0,1,1,0,0,0,40,1,0,0,0,1,0
93,1,0,0,1,0,0,1,13,11,39,11,40,0,0,4,1,1,1,0,0,0,0,0,0,1,0
95,1,0,0,1,0,0,0,18,1,48,,46,0,0,4,1,1,0,0,24,1,0,0,1,1,0
97,1,0,0,1,0,0,0,13,9,35,11,35,0,0,4,1,1,1,0,0,0,0,0,1,1,0
98,1,0,0,1,0,0,1,13,8,36,,,0,0,4,1,1,1,0,0,0,0,0,0,1,0
100,1,0,0,1,0,0,0,14,5,43,5,46,0,0,2,1,1,0,0,40,1,0,0,0,1,1
103,1,0,0,1,0,1,1,18,3,34,0,50,1,1,5,1,1,1,0,40,1,0,0,0,1,0
105,1,0,0,1,0,1,1,16,5,39,6,42,1,0,1,1,0,0,0,0,1,0,0,1,1,0
107,1,0,0,1,0,1,0,16,9,41,5,41,1,0,4,1,1,1,1,40,1,0,0,0,1,0
110,1,0,0,1,0,0,1,15,5,36,6,37,0,0,4,1,1,1,0,0,0,0,0,0,1,0
112,1,0,0,1,0,1,0,16,5,38,5,53,0,0,4,1,1,1,1,0,0,0,0,1,1,0
113,1,0,0,1,0,1,0,14,5,35,3,39,0,0,4,1,1,1,1,0,0,0,0,0,1,0
115,1,0,0,1,0,1,0,16,,,,,0,0,4,1,1,1,1,9,1,0,0,0,1,1
117,1,0,0,1,0,1,0,14,9,40,8,49,0,0,4,1,1,1,1,0,0,0,0,0,1,0
118,1,0,0,1,0,0,1,16,5,58,,70,1,0,4,1,1,1,0,16,1,0,0,0,1,1
119,1,0,0,1,0,1,0,16,9,35,9,41,0,2,6,1,1,1,1,0,0,0,0,1,1,0
120,1,0,0,1,0,1,1,14,,55,,,0,0,4,1,0,0,1,0,0,0,0,0,1,0
121,1,0,0,1,0,0,0,18,5,42,3,55,0,2,3,0,0,0,0,0,0,0,0,0,1,0
123,1,0,0,1,0,1,1,14,5,37,8,37,1,0,4,1,1,1,1,0,0,0,0,0,1,0
128,1,0,0,1,0,1,0,14,4,47,3,40,0,0,4,1,1,1,1,0,0,0,0,0,1,0
131,1,0,0,1,0,1,0,17,1,45,,,0,0,3,1,1,1,0,0,0,0,0,1,1,0
134,1,0,0,1,0,1,1,16,7,36,6,50,0,0,4,1,1,1,1,0,0,0,0,0,1,0
136,1,0,0,1,0,1,1,16,7,42,1,42,0,0,4,1,1,1,1,0,0,0,0,1,1,0
140,1,0,0,1,0,1,0,14,3,52,2,59,0,0,4,1,1,1,1,0,0,0,0,1,1,0
141,1,0,0,1,0,1,0,16,5,33,7,42,0,0,4,1,1,1,1,0,0,0,0,0,1,0
144,1,0,0,1,0,1,0,15,8,40,5,38,0,0,3,1,1,0,0,0,0,0,0,0,1,0
149,1,0,0,1,0,0,1,14,9,38,,35,0,0,4,1,1,1,0,0,0,0,0,1,1,0
153,1,0,0,1,0,1,1,15,4,31,5,45,0,0,4,1,1,1,1,0,0,0,0,1,1,0
156,1,0,0,1,0,0,0,15,6,45,8,52,0,2,5,1,1,0,0,0,0,0,0,0,1,0
157,1,0,0,1,0,1,0,14,6,38,,,0,0,2,1,1,0,0,40,1,0,0,0,1,0
158,1,0,0,1,0,0,0,13,5,31,9,35,0,0,4,1,1,1,0,0,0,0,0,0,1,0
160,1,0,0,1,0,0,0,18,5,47,2,57,0,0,6,1,1,1,0,0,0,0,0,1,1,0
165,1,0,0,1,0,1,0,15,5,38,5,65,0,0,4,1,1,1,0,0,0,0,0,1,1,0
168,1,0,0,1,0,0,0,14,,37,,,1,0,4,1,1,1,0,0,0,0,0,0,1,0
173,1,0,0,1,0,0,0,14,3,46,4,52,0,0,4,1,1,1,0,0,0,0,0,0,1,0
176,1,0,0,1,0,0,0,14,7,34,7,38,0,0,4,1,1,1,0,0,0,0,0,0,1,0
177,1,0,0,1,0,1,1,13,2,36,5,40,0,0,4,1,1,1,0,0,0,0,0,1,1,0
183,1,0,0,1,0,0,1,16,5,45,7,47,0,0,4,1,1,1,0,0,0,0,0,0,1,0
185,1,0,0,1,0,1,1,18,,,5,54,0,0,0,1,0,0,0,40,1,0,0,0,1,0
186,1,0,0,1,0,0,0,14,7,30,7,33,0,0,4,1,1,1,0,0,0,0,0,1,1,0
187,1,0,0,1,0,0,0,14,2,52,2,53,0,0,4,1,1,1,0,0,0,0,0,0,1,0
192,1,0,0,1,0,0,0,14,,,,,1,0,4,1,1,1,0,0,0,0,0,0,1,0
193,1,0,0,1,0,0,0,15,6,30,5,39,0,0,2,1,0,0,0,40,1,0,0,0,1,0
196,1,0,0,1,0,1,1,17,6,36,5,42,0,0,4,1,1,1,1,0,0,0,0,1,1,0
198,1,0,0,1,0,1,1,14,11,34,,,0,0,4,1,1,1,1,0,0,0,0,1,1,0
199,1,0,0,1,0,0,0,14,5,46,5,45,0,0,2,1,1,0,0,0,1,0,0,0,1,0
201,1,0,0,1,0,1,1,15,3,33,,,0,0,4,1,1,1,0,0,0,0,0,1,1,0
204,1,0,0,1,0,0,1,13,6,38,3,38,0,1,2,1,0,0,0,0,0,0,0,0,1,0
205,1,0,0,1,0,1,1,15,4,40,1,66,0,1,4,1,0,0,0,0,0,0,0,0,1,0
207,1,0,0,1,0,0,1,14,,42,,40,1,1,4,1,1,0,0,0,0,0,0,0,1,0
209,1,0,0,1,0,1,0,18,3,58,4,59,0,0,1,0,0,0,0,0,1,0,0,0,1,0
211,1,0,0,1,0,0,1,17,6,34,6,40,0,1,4,1,1,0,0,0,0,0,0,0,1,0
212,1,0,0,1,0,0,1,15,,,,,0,0,4,1,1,1,0,0,0,0,0,0,1,0
213,1,0,0,1,0,0,1,15,5,38,8,35,1,0,4,1,1,1,0,0,0,0,0,0,1,0
214,1,0,0,1,0,1,1,14,6,39,5,41,0,1,4,1,1,0,0,0,0,0,0,0,1,0
216,1,0,0,1,0,0,0,13,8,40,11,40,0,0,4,1,1,1,1,0,0,0,0,0,1,0
218,1,0,0,1,0,0,0,14,2,31,,,0,0,1,1,0,0,0,0,0,0,0,1,1,1
220,1,0,0,1,0,1,0,14,9,32,5,39,0,0,4,1,1,1,1,0,0,0,0,0,1,0
223,1,0,0,1,0,1,0,15,5,37,,,0,0,1,0,0,0,0,0,0,0,0,0,1,0
224,1,0,0,1,0,1,0,18,11,58,11,69,0,0,4,1,1,1,1,0,0,0,0,0,1,0
226,1,0,0,1,0,0,1,16,0,56,5,60,0,0,3,1,1,1,0,0,1,0,0,1,1,0
228,1,0,0,1,0,0,1,16,5,50,8,50,0,1,6,1,1,1,0,40,1,0,0,1,1,0
229,1,0,0,1,0,1,0,14,6,46,5,46,0,0,2,1,1,0,0,0,0,0,0,0,1,0
230,1,0,0,1,0,1,1,14,,51,,57,0,1,4,1,1,0,0,0,0,0,0,0,1,0
231,1,0,0,1,0,1,1,16,5,33,,,0,0,4,1,1,1,1,0,0,0,0,0,1,0
234,1,0,0,1,0,1,0,14,7,33,5,48,0,0,4,1,1,1,1,0,0,0,0,0,1,0
236,1,0,0,1,0,1,1,13,,42,,51,0,0,4,1,1,1,1,0,0,0,0,0,1,0
237,1,0,0,1,0,1,0,16,5,32,,33,0,0,4,1,1,1,0,0,0,0,0,1,1,0
238,1,0,0,1,0,0,0,13,,47,,48,0,0,4,1,1,1,0,0,0,0,0,0,1,0
239,1,0,0,1,0,1,0,15,11,35,8,42,0,0,4,1,1,1,1,0,0,0,0,0,1,0
241,1,0,0,1,0,1,1,16,2,43,3,43,0,0,4,1,1,1,1,15,1,0,0,1,1,0
242,1,0,0,1,0,1,0,13,8,38,11,38,0,0,4,1,1,1,1,0,0,0,0,1,1,0
243,1,0,0,1,0,1,1,15,5,40,3,42,0,0,4,1,1,1,1,0,0,0,0,0,1,0
244,1,0,0,1,0,1,0,14,5,52,5,54,0,0,4,1,1,1,1,30,1,0,0,1,1,0
245,1,0,0,1,0,1,1,18,5,53,,,0,0,3,1,1,1,0,40,1,0,0,0,1,0
250,1,0,0,1,0,0,1,14,7,40,7,44,0,0,4,1,1,1,0,0,0,0,0,0,1,0
251,1,0,0,1,0,0,0,17,5,,,,0,0,4,1,1,1,0,0,0,0,0,0,1,0
252,1,0,0,1,0,0,1,15,4,38,3,40,0,0,4,1,1,1,0,0,0,0,0,0,1,0
254,1,0,0,1,0,1,0,14,5,37,7,52,0,1,3,1,1,0,0,0,0,0,1,0,1,0
256,1,0,0,1,0,0,0,17,3,37,5,42,0,0,2,1,0,0,0,0,0,0,0,0,1,0
257,1,0,0,1,0,1,0,15,,40,,39,0,0,4,1,1,0,0,0,0,0,0,0,1,0
258,1,0,0,1,0,0,1,15,5,40,9,49,0,0,4,1,1,1,0,0,0,0,0,0,1,0
261,1,0,0,1,0,0,0,15,11,30,,36,1,0,4,1,1,0,0,0,0,0,0,0,1,0
262,1,0,0,1,0,1,1,14,3,36,2,46,0,0,4,1,1,1,1,0,0,0,0,0,1,0
263,1,0,0,1,0,0,1,16,7,46,5,48,0,0,3,1,1,0,0,8,1,0,0,1,1,0
264,1,0,0,1,0,1,0,14,5,55,3,65,0,0,4,1,1,1,1,0,0,0,0,0,1,0
266,1,0,0,1,0,1,0,14,5,43,9,40,0,0,4,1,1,1,1,0,0,0,0,0,1,0
267,1,0,0,1,0,1,0,15,7,36,9,40,0,0,4,1,1,1,1,0,0,0,0,0,1,0
269,1,0,0,1,0,0,0,14,,37,,35,0,1,4,1,0,0,0,0,0,0,0,0,1,0
273,1,0,0,1,0,1,1,15,2,49,,,0,0,4,1,1,1,1,0,0,0,0,0,1,0
276,1,0,0,1,0,0,1,15,,32,,39,0,0,4,1,1,1,1,0,0,0,0,0,1,0
279,1,0,0,1,0,1,1,14,5,40,5,38,0,0,4,1,1,1,1,0,0,0,0,0,1,0
282,1,0,0,1,0,0,1,15,11,32,11,39,0,0,4,1,1,1,0,0,0,0,0,1,1,0
285,1,0,0,1,0,0,1,15,3,53,,,0,1,4,1,1,0,1,0,0,0,0,0,1,0
286,1,0,0,1,0,1,1,15,5,35,5,43,0,0,4,1,1,1,0,0,0,0,0,1,1,0
287,1,0,0,1,0,1,0,12,3,38,11,38,0,0,4,1,1,1,1,0,0,0,0,1,1,0
288,1,0,0,1,0,1,1,13,8,35,8,38,0,0,4,1,1,0,0,0,0,0,0,1,1,0
289,1,0,0,1,0,1,0,14,11,38,5,45,0,0,4,1,1,1,1,0,0,0,0,1,1,0
290,1,0,0,1,0,1,1,16,2,45,2,70,0,0,4,1,1,1,1,0,0,0,0,0,1,0
293,1,0,0,1,0,1,0,14,7,50,,50,0,0,4,1,1,1,0,0,0,0,0,0,1,0
298,1,0,0,1,0,1,1,14,4,39,3,54,0,0,4,1,1,1,0,0,0,0,0,0,1,0
299,1,0,0,1,0,1,1,16,8,34,10,42,0,0,4,1,1,1,1,0,0,0,0,0,1,0
300,1,0,0,1,0,0,1,14,5,32,5,36,0,0,4,1,1,1,1,0,1,0,0,1,1,0
301,1,0,0,1,0,0,1,15,,,,,1,0,4,1,1,1,0,0,0,0,0,0,1,0
302,1,0,0,1,0,1,0,13,5,34,5,37,0,0,4,1,1,1,1,0,0,0,0,1,1,0
304,1,0,0,1,0,0,0,14,5,43,5,45,0,0,4,1,1,1,0,0,0,0,0,0,1,0
305,1,0,0,1,0,0,0,15,6,48,8,64,0,1,4,1,1,0,0,0,0,0,0,0,1,0
308,1,0,0,1,0,0,0,13,,,,,0,0,4,1,1,1,0,0,0,0,0,0,1,0
309,1,0,0,1,0,1,0,14,5,37,5,38,0,0,4,1,1,1,0,0,0,0,0,1,1,0
310,1,0,0,1,0,1,0,16,6,39,,,0,0,4,1,1,1,1,0,0,0,0,0,1,0
316,1,0,0,1,0,0,1,17,2,36,3,40,1,1,4,1,1,0,0,9,1,0,0,0,1,0
317,1,0,0,1,0,1,0,15,8,36,10,38,0,0,4,1,1,0,0,0,0,0,0,0,1,0
318,1,0,0,1,0,1,0,14,8,39,5,38,0,0,4,1,1,1,1,0,0,0,0,0,1,0
321,1,0,0,1,0,0,1,18,5,36,3,50,1,0,4,1,1,1,0,0,0,0,0,0,1,0
323,1,0,0,1,0,1,0,14,11,39,11,49,0,0,4,1,1,1,0,0,0,0,0,0,1,0
324,1,0,0,1,0,1,0,15,9,53,,55,0,0,3,1,1,1,1,0,0,0,0,0,1,0
327,1,0,0,1,0,0,1,16,5,56,6,51,0,0,1,0,0,0,0,40,1,0,0,0,1,0
329,1,0,0,1,0,1,0,15,9,37,7,47,0,0,4,1,1,1,0,0,0,0,0,0,1,0
334,1,0,0,1,0,0,0,14,5,53,,,0,0,4,1,1,1,0,0,0,0,0,0,1,0
337,1,0,0,1,0,1,1,14,3,39,5,37,0,1,4,1,1,0,1,0,0,0,0,1,1,0
339,1,0,0,1,0,0,1,16,9,39,9,41,0,0,4,0,0,0,0,0,0,0,0,0,1,0
341,1,0,0,1,0,1,1,15,5,32,6,45,1,0,3,1,1,1,0,0,0,0,0,0,1,0
342,1,0,0,1,0,0,0,14,9,38,8,34,0,0,4,1,1,1,0,0,0,0,0,0,1,0
344,1,0,0,1,0,1,1,16,8,33,,,0,0,4,1,1,1,1,0,0,0,0,0,1,0
347,1,0,0,1,0,0,1,15,,46,6,37,0,0,4,1,1,1,0,0,0,0,0,0,1,0
349,1,0,0,1,0,1,0,17,9,34,11,38,0,0,2,1,0,0,0,0,0,0,0,1,1,0
350,1,0,0,1,0,1,1,14,2,51,2,46,0,0,4,1,1,1,1,0,0,0,0,1,1,0
353,1,0,0,1,0,0,0,13,11,37,,32,0,0,4,1,1,1,0,0,0,0,0,0,1,0
354,1,0,0,1,0,0,1,14,2,47,7,38,0,1,4,1,1,0,1,0,0,0,0,0,1,0
359,1,0,0,1,0,1,0,15,3,49,1,55,0,0,4,1,1,1,1,20,1,0,0,0,1,0
362,1,0,0,1,0,1,0,13,7,43,8,45,0,0,4,1,1,1,1,0,0,0,0,0,1,0
366,1,0,0,1,0,0,0,14,6,30,5,42,0,0,4,1,1,1,0,0,0,0,0,1,1,0
367,1,0,0,1,0,1,1,16,4,46,4,51,1,0,2,1,0,0,0,0,0,0,0,0,1,0
368,1,0,0,1,0,1,1,17,,,5,46,0,0,4,1,1,1,0,0,0,0,0,0,1,1
370,1,0,0,1,0,0,0,15,3,40,1,56,0,1,3,1,0,0,0,0,0,0,0,0,1,0
371,1,0,0,1,0,0,1,14,5,40,9,43,0,0,4,1,1,1,0,0,0,0,0,0,1,0
373,1,0,0,1,0,0,1,14,5,33,5,42,0,0,4,1,1,1,0,0,0,0,0,0,1,0
374,1,0,0,1,0,1,0,14,7,33,5,45,1,0,4,1,1,1,1,0,1,0,0,1,1,0
375,1,0,0,1,0,0,1,15,11,38,,38,1,0,4,1,0,0,0,0,0,0,0,0,1,0
378,1,0,0,1,0,1,1,15,5,45,6,48,0,2,3,0,0,0,0,0,0,0,0,1,1,0
380,1,0,0,1,0,0,1,16,5,37,,,0,0,1,0,0,0,0,40,1,0,0,0,1,0
381,1,0,0,1,0,1,0,13,5,42,5,45,1,0,4,1,1,1,1,0,0,0,0,1,1,0
383,1,0,0,1,0,0,1,15,5,57,5,57,0,0,1,1,0,0,0,0,0,0,0,0,1,0
384,1,0,0,1,0,0,1,14,5,34,9,43,0,0,4,1,1,1,0,0,0,0,0,0,1,0
385,1,0,0,1,0,1,0,15,6,40,2,48,1,0,4,1,1,1,1,0,0,0,0,0,1,0
386,1,0,0,1,0,0,1,16,0,34,8,45,1,0,3,1,1,1,0,40,1,0,0,0,1,0
389,1,0,0,1,0,1,0,16,5,53,5,65,0,0,4,1,1,1,1,10,1,0,0,0,1,0
390,1,0,0,1,0,1,0,16,0,48,,53,1,0,4,1,1,1,1,40,1,0,0,0,1,0
391,1,0,0,1,0,0,0,14,8,44,2,54,0,0,4,1,1,1,0,4,1,0,0,1,1,0
392,1,0,0,1,0,0,1,15,8,36,,40,0,0,4,1,1,1,0,0,0,0,0,0,1,0
394,1,0,0,1,0,1,1,13,5,40,11,39,1,0,4,1,1,1,1,0,0,0,0,0,1,0
395,1,0,0,1,0,1,0,14,8,35,8,35,0,0,4,1,1,1,1,0,0,0,0,0,1,0
399,1,0,0,1,0,0,0,14,7,38,8,40,1,0,4,1,1,1,0,0,0,0,0,0,1,0
400,1,0,0,1,0,0,0,16,5,39,,36,0,0,4,1,1,1,0,0,0,0,0,0,1,0
401,1,0,0,1,0,1,1,15,5,31,5,36,0,0,4,1,1,1,1,0,0,0,0,0,1,0
403,1,0,0,1,0,0,1,16,6,42,6,49,0,0,3,1,1,0,0,0,0,1,1,0,1,0
404,1,0,0,1,0,0,0,14,3,44,,43,1,0,4,1,1,1,0,0,0,0,0,0,1,0
405,1,0,0,1,0,0,1,14,6,40,1,65,0,1,4,1,1,0,0,0,0,0,0,0,1,0
406,1,0,0,1,0,0,1,16,7,44,,,1,0,1,0,0,0,0,0,0,0,0,0,1,0
410,1,0,0,1,0,0,1,15,4,52,3,50,0,0,4,1,1,1,0,0,0,0,0,0,1,0
411,1,0,0,1,0,1,0,19,5,42,5,45,1,0,2,1,1,0,0,0,0,0,0,1,1,0
414,1,0,0,1,0,0,0,15,5,38,2,49,0,0,4,1,1,1,0,0,0,0,0,0,1,0
416,1,0,0,1,0,1,1,15,5,37,3,40,0,0,4,1,1,1,1,0,0,0,0,1,1,0
422,1,0,0,1,0,1,1,16,6,33,,31,0,0,4,1,1,0,0,0,0,0,0,0,1,0
424,1,0,0,1,0,1,0,14,5,37,6,48,0,0,4,1,1,0,0,0,0,0,0,0,1,0
425,1,0,0,1,0,0,1,14,5,33,5,38,0,2,4,1,0,0,0,25,1,0,0,0,1,0
427,1,0,0,1,0,1,1,15,1,45,,,0,0,4,1,1,1,1,0,0,0,0,1,1,0
430,1,0,0,1,0,0,0,15,2,51,,,0,0,4,1,1,1,0,10,1,0,0,1,1,0
434,1,0,0,1,0,0,1,15,3,50,2,55,1,0,4,1,1,1,0,0,0,0,0,0,1,1
435,1,0,0,1,0,1,0,14,5,42,5,42,1,0,4,1,1,1,1,0,0,0,0,0,1,0
437,1,0,0,1,0,0,0,14,,26,8,37,0,0,4,1,1,0,0,0,0,0,0,0,1,0
439,1,0,0,1,0,0,0,14,5,32,,,0,0,4,1,1,1,0,0,0,0,0,0,1,0
441,1,0,0,1,0,1,0,14,5,52,,53,0,0,4,1,1,1,1,0,0,0,0,1,1,0
442,1,0,0,1,0,0,0,15,4,48,3,68,0,0,2,1,1,0,0,0,0,0,0,0,1,0
445,1,0,0,1,0,1,1,15,,35,,43,0,0,4,1,1,1,1,0,0,0,0,1,1,0
447,1,0,0,1,0,1,1,17,10,42,5,46,0,0,4,1,1,1,0,20,1,0,0,0,1,1
452,1,0,0,1,0,0,0,14,11,36,2,36,0,0,4,1,1,1,0,0,0,0,0,1,1,0
453,1,0,0,1,0,1,1,13,5,43,5,53,0,0,4,1,1,1,0,0,0,0,0,0,1,0
454,1,0,0,1,0,0,0,14,7,49,8,43,0,0,4,1,1,1,0,0,0,0,0,0,1,0
455,1,0,0,1,0,1,1,15,11,40,,,0,1,5,1,1,1,1,0,0,0,0,0,1,1
456,1,0,0,1,0,1,0,15,5,33,9,43,0,1,3,0,0,0,0,0,0,0,0,1,1,0
459,1,0,0,1,0,1,0,14,5,37,,,0,0,4,1,1,1,1,8,1,0,0,1,1,0
460,1,0,0,1,0,0,0,15,9,33,9,33,0,0,3,1,1,0,0,0,0,0,0,0,1,0
461,1,0,0,1,0,0,0,15,7,30,6,41,0,0,4,1,1,1,0,0,0,0,0,0,1,0
463,1,0,0,1,0,0,0,13,11,41,10,50,0,0,4,1,1,1,0,0,0,0,0,0,1,0
466,1,0,0,1,0,1,0,16,4,37,,,0,1,3,1,0,0,0,40,1,0,0,0,1,0
468,1,0,0,1,0,1,0,13,3,36,2,46,0,0,4,1,1,1,1,0,0,0,0,1,1,0
469,1,0,0,1,0,0,1,17,2,37,,,0,0,3,1,0,0,0,40,1,0,0,0,1,0
472,1,0,0,1,0,1,0,12,5,42,5,40,0,0,4,1,1,1,1,0,0,0,0,1,1,0
475,1,0,0,1,0,0,0,17,5,45,5,50,0,0,4,1,1,1,0,0,0,0,0,0,1,0
476,1,0,0,1,0,1,0,18,0,58,5,54,0,0,2,1,0,0,0,40,1,0,0,0,1,0
477,1,0,0,1,0,0,0,14,10,35,10,43,0,0,4,1,1,1,0,0,0,0,0,1,1,0
478,1,0,0,1,0,0,1,15,6,40,,,0,0,5,1,1,1,0,0,0,0,0,0,1,0
483,1,0,0,1,0,0,0,17,4,44,0,52,0,0,4,1,1,1,0,0,0,0,0,0,1,0
485,1,0,0,1,0,0,0,15,9,37,8,36,0,0,4,1,1,1,1,0,0,0,0,0,1,0
486,1,0,0,1,0,0,0,14,5,35,,,0,0,4,1,1,1,0,0,0,0,0,1,1,0
487,1,0,0,1,0,0,1,17,5,42,6,41,0,0,2,1,1,0,0,40,1,1,1,1,1,0
489,1,0,0,1,0,1,0,15,11,34,9,35,0,0,4,1,1,1,0,0,0,0,0,0,1,0
490,1,0,0,1,0,0,0,16,7,39,5,45,0,0,4,1,1,1,0,0,0,0,0,1,1,0
492,1,0,0,1,0,0,0,18,7,46,5,49,0,0,4,1,1,0,0,0,0,0,0,1,1,0
494,1,0,0,1,0,1,1,14,5,38,,38,1,0,4,1,1,1,1,0,0,0,0,0,1,0
497,1,0,0,1,0,1,0,16,5,42,6,48,0,1,5,1,1,1,1,0,0,0,0,0,1,0
499,1,0,0,1,0,1,1,16,,,,,0,1,3,1,1,0,0,28,1,0,1,0,1,0
500,1,0,0,1,0,1,1,14,3,47,4,51,0,0,4,1,1,1,1,0,0,0,0,0,1,0
501,1,0,0,1,0,0,0,14,5,43,3,45,0,0,4,1,1,1,0,0,0,0,0,1,1,0
503,1,0,0,1,0,1,1,15,0,60,0,64,0,0,4,1,1,1,1,0,0,0,0,1,1,0
504,1,0,0,1,0,0,0,13,7,40,,,0,0,4,1,1,1,0,0,0,0,0,1,1,0
506,1,0,0,1,0,0,1,19,5,34,,,0,0,3,1,1,1,0,20,1,0,0,0,1,1
507,1,0,0,1,0,0,1,17,3,54,2,48,0,0,4,1,1,1,0,0,0,0,0,1,1,0
508,1,0,0,1,0,0,0,10,3,40,1,56,0,1,6,1,1,1,0,0,0,0,0,1,1,0
511,1,0,0,1,0,0,0,15,11,40,,,1,1,4,1,1,1,0,0,0,0,0,0,1,1
513,1,0,0,1,0,0,1,14,,,,,0,0,4,1,1,1,0,0,0,0,0,0,1,0
515,1,0,0,1,0,1,0,17,5,38,3,39,0,0,4,1,1,1,1,0,0,0,0,0,1,0
520,1,0,0,1,0,1,1,14,5,38,11,40,0,0,4,1,1,1,1,0,0,0,0,1,1,0
524,1,0,0,1,0,1,0,14,5,40,,,0,0,4,1,1,1,1,28,1,0,0,0,1,0
525,1,0,0,1,0,1,0,14,8,37,,,0,0,4,1,1,1,1,0,0,0,0,0,1,0
526,1,0,0,1,0,1,0,13,6,51,,,0,0,4,1,1,1,1,0,0,0,0,0,1,0
527,1,0,0,1,0,0,1,16,4,36,6,38,0,1,4,1,1,0,0,40,1,0,0,1,1,0
528,1,0,0,1,0,1,1,16,9,36,5,45,0,0,4,1,1,1,1,0,0,0,0,0,1,0
532,1,0,0,1,0,1,0,16,5,40,11,52,0,0,4,1,1,1,1,0,0,0,0,0,1,0
533,1,0,0,1,0,1,1,15,7,52,7,47,0,0,4,1,1,1,1,0,0,0,0,0,1,0
539,1,0,0,1,0,0,0,14,9,43,5,51,0,1,5,1,1,1,0,0,0,0,0,1,1,0
540,1,0,0,1,0,0,0,14,10,45,,44,0,1,3,1,1,0,0,0,0,0,0,0,1,0
541,1,0,0,1,0,1,0,14,9,31,7,37,0,0,4,1,1,0,0,0,0,0,0,0,1,0
543,1,0,0,1,0,1,1,15,5,37,,,1,0,4,1,1,1,0,21,1,0,0,0,1,0
544,1,0,0,1,0,1,1,17,2,42,3,54,1,0,4,1,1,1,1,0,0,0,0,0,1,0
545,1,0,0,1,0,1,1,14,4,42,3,43,0,0,4,1,1,1,1,0,0,0,0,0,1,0
551,1,0,0,1,0,0,1,14,11,37,11,42,0,0,4,1,1,0,0,0,0,0,0,0,1,0
552,1,0,0,1,0,0,1,16,5,37,,,1,0,3,1,1,0,0,40,1,0,0,0,1,0
554,1,0,0,1,0,1,1,15,2,40,,,0,0,4,1,1,1,1,0,0,0,0,1,1,0
556,1,0,0,1,0,1,0,14,6,35,6,41,0,0,4,1,1,1,0,0,0,0,0,1,1,0
557,1,0,0,1,0,0,0,14,5,41,,,0,0,4,1,1,1,0,0,0,0,0,0,1,0
559,1,0,0,1,0,1,1,18,4,56,5,55,0,0,4,1,1,1,1,0,0,0,0,0,1,0
561,1,0,0,1,0,1,0,18,2,39,,40,0,0,4,1,1,1,1,0,0,0,0,0,1,0
563,1,0,0,1,0,1,1,14,4,33,9,38,0,0,3,1,0,0,0,0,0,0,0,0,1,0
564,1,0,0,1,0,1,0,16,6,44,6,59,0,0,4,1,1,1,1,16,1,0,0,0,1,0
565,1,0,0,1,0,1,0,14,9,50,,,1,0,3,1,1,1,0,0,0,,,0,1,0
567,1,0,0,1,0,1,1,14,8,36,9,40,1,1,4,1,1,0,0,0,0,0,0,0,1,0
574,1,0,0,1,0,1,1,18,5,36,11,38,0,0,3,1,1,1,0,25,1,0,0,0,1,1
575,1,0,0,1,0,1,1,14,5,37,11,36,0,0,4,1,1,1,1,0,0,0,0,0,1,0
580,1,0,0,1,0,1,1,14,7,42,6,42,0,0,4,1,1,1,1,0,0,0,0,0,1,0
583,1,0,0,1,0,0,0,16,5,33,,,1,1,2,1,0,0,0,0,0,0,0,0,1,0
586,1,0,0,1,0,0,1,17,3,38,7,45,0,0,4,1,1,1,0,28,1,0,0,1,1,0
593,1,0,0,1,0,0,0,16,,,,,0,0,3,1,1,0,0,40,1,0,0,0,1,0
594,1,0,0,1,0,0,1,15,5,39,,,0,0,4,1,1,1,0,20,1,0,0,0,1,0
595,1,0,0,1,0,0,1,17,2,54,,,0,0,4,1,1,1,0,0,0,0,0,0,1,0
596,1,0,0,1,0,0,1,14,5,32,5,45,0,3,4,0,0,0,0,40,1,0,0,1,1,0
600,1,0,0,1,0,0,0,15,,37,,44,0,1,3,1,0,0,0,0,0,0,0,1,1,0
602,1,0,0,1,0,0,1,17,5,32,,,0,0,4,1,1,1,0,0,0,0,0,0,1,0
604,1,0,0,1,0,0,1,16,1,47,0,43,0,0,1,0,0,0,0,25,1,0,0,0,1,0
605,1,0,0,1,0,0,0,15,5,30,2,39,0,0,4,1,1,1,0,0,0,0,0,0,1,0
607,1,0,0,1,0,1,0,16,1,52,0,57,0,0,4,1,1,1,1,0,0,0,0,0,1,0
608,1,0,0,1,0,1,0,14,7,42,11,43,0,0,4,1,1,1,1,0,0,0,0,1,1,0
611,1,0,0,1,0,1,0,15,5,34,5,40,0,0,2,0,0,0,0,0,0,0,0,1,1,0
614,1,0,0,1,0,0,0,14,9,31,7,39,0,0,4,1,1,1,0,0,0,0,0,1,1,0
618,1,0,0,1,0,1,1,14,5,37,9,38,0,0,4,1,1,1,1,0,0,0,0,1,1,0
619,1,0,0,1,0,0,1,13,5,53,8,47,0,0,4,1,1,1,0,0,0,0,0,0,1,0
622,1,0,0,1,0,0,1,14,11,43,,,0,0,4,1,1,1,0,0,0,0,0,0,1,0
623,1,0,0,1,0,1,1,15,2,42,0,55,0,1,5,1,1,1,0,0,0,0,0,0,1,0
625,1,0,0,1,0,0,0,15,7,37,7,37,1,0,4,1,1,1,0,0,0,0,0,0,1,1
626,1,0,0,1,0,1,0,16,4,49,6,56,0,0,4,1,1,1,1,0,0,0,0,1,1,0
632,1,0,0,1,0,1,0,13,5,43,5,40,0,0,4,1,1,1,0,0,0,0,0,0,1,0
637,1,0,0,1,0,1,0,18,3,41,2,50,0,0,4,1,1,1,1,0,0,0,0,1,1,1
640,1,0,0,1,0,1,1,14,11,35,8,42,0,0,4,1,1,1,1,0,0,0,0,0,1,0
641,1,0,0,1,0,1,0,14,2,44,2,55,0,0,4,1,1,1,1,0,0,0,0,0,1,0
642,1,0,0,1,0,1,1,15,3,49,,,0,0,4,1,1,1,1,0,0,0,0,0,1,1
646,1,0,0,1,0,1,0,14,0,50,0,49,1,0,4,1,1,1,1,0,0,0,0,0,1,0
647,1,0,0,1,0,0,1,17,,,,,0,1,4,1,1,0,0,0,0,0,0,0,1,0
651,1,0,0,1,0,1,1,15,6,52,0,58,0,0,4,1,1,1,1,0,0,0,0,1,1,0
652,1,0,0,1,0,1,0,17,3,38,3,72,1,1,4,1,1,0,0,0,0,0,0,0,1,0
654,1,0,0,1,0,0,1,16,5,40,5,41,1,0,3,1,1,1,0,0,0,0,0,0,1,0
656,1,0,0,1,0,1,1,14,8,34,11,39,0,0,4,1,1,0,0,0,0,0,0,0,1,0
657,1,0,0,1,0,1,1,17,,,0,42,0,0,3,1,1,1,0,0,0,0,0,0,1,0
658,1,0,0,1,0,1,0,17,7,34,5,41,1,1,2,1,0,0,0,40,1,0,0,0,1,0
660,1,0,0,1,0,1,0,18,10,49,9,66,0,0,4,1,1,1,1,0,0,0,0,0,1,0
661,1,0,0,1,0,1,0,16,9,53,,,0,0,4,1,1,1,1,0,0,0,0,1,1,0
664,1,0,0,1,0,1,1,14,11,34,11,38,0,2,4,1,0,0,0,0,0,0,0,0,1,0
666,1,0,0,1,0,1,1,16,5,43,,,0,,0,0,0,0,0,40,1,0,0,0,1,0
667,1,0,0,1,0,1,0,15,8,43,5,49,0,0,4,1,1,1,1,0,1,0,0,0,1,0
668,1,0,0,1,0,1,0,14,3,48,11,50,0,0,4,1,1,1,1,0,0,0,0,0,1,0
671,1,0,0,1,0,1,1,15,5,49,5,57,0,0,4,1,1,1,1,0,0,0,0,1,1,0
672,1,0,0,1,0,1,1,14,6,32,2,36,1,0,4,1,1,1,1,0,0,0,0,1,1,0
673,1,0,0,1,0,0,1,14,5,31,5,37,0,0,4,1,1,1,0,0,0,0,0,0,1,0
677,1,0,0,1,0,0,0,14,5,53,11,48,0,0,4,1,1,1,0,0,0,0,0,0,1,1
680,1,0,0,1,0,1,1,16,,,,,0,0,1,1,0,0,0,8,1,0,0,1,1,0
682,1,0,0,1,0,1,1,17,5,34,5,53,0,0,4,1,1,1,0,0,0,1,1,0,1,0
684,1,0,0,1,0,1,1,14,0,47,2,49,0,0,4,1,1,1,1,0,0,0,0,0,1,0
688,1,0,0,1,0,1,1,16,1,49,5,44,0,0,3,1,1,1,0,0,1,0,1,0,1,0
690,1,0,0,1,0,1,0,14,7,34,,35,0,0,4,1,1,1,1,0,0,0,0,0,1,0
691,1,0,0,1,0,1,0,15,,,,,0,0,1,1,0,0,0,0,0,0,0,1,1,1
694,1,0,0,1,0,0,1,14,4,34,2,50,0,0,4,1,1,1,0,0,0,0,0,1,1,0
698,1,0,0,1,0,1,0,14,8,14,5,39,0,0,4,1,1,1,1,0,0,0,0,0,1,0
699,1,0,0,1,0,1,1,14,2,34,,,0,0,4,1,1,1,1,0,0,0,0,1,1,0
701,1,0,0,1,0,0,0,14,2,43,11,38,0,0,4,1,1,1,0,0,0,0,0,1,1,0
702,1,0,0,1,0,0,1,15,5,38,8,38,0,0,4,1,1,1,0,0,0,0,0,0,1,0
705,1,0,0,1,0,1,0,13,5,32,5,34,1,0,4,1,1,1,0,0,0,0,0,0,1,0
707,1,0,0,1,0,0,0,16,7,33,3,40,1,0,1,1,0,0,0,24,1,1,1,0,1,0
708,1,0,0,1,0,0,1,14,5,,5,46,0,0,4,1,1,1,0,0,0,0,0,0,1,0
710,1,0,0,1,0,1,0,17,5,40,,55,0,0,2,0,0,0,0,0,0,0,0,1,1,0
712,1,0,0,1,0,0,0,14,5,45,5,45,0,0,4,1,1,1,0,0,0,0,0,0,1,0
718,1,0,0,1,0,1,0,15,3,33,0,39,1,0,4,1,1,1,1,0,0,0,0,0,1,0
720,1,0,0,1,0,0,0,17,3,43,0,91,0,0,2,1,1,1,0,40,1,0,0,0,1,0
724,1,0,0,1,0,0,1,14,0,56,0,56,0,0,4,1,1,1,0,0,0,0,0,1,1,0
729,1,0,0,1,0,0,0,17,,,,,0,0,3,1,1,0,0,0,0,0,0,0,1,0
733,1,0,0,1,0,0,1,16,3,54,,,0,0,1,1,0,0,0,40,1,0,0,1,1,0
734,1,0,0,1,0,1,0,15,3,39,1,41,0,0,4,1,1,1,1,0,0,0,0,1,1,0
736,1,0,0,1,0,0,0,14,11,33,6,37,0,0,4,1,1,1,0,0,0,0,0,0,1,0
740,1,0,0,1,0,1,0,13,7,31,2,36,0,0,4,1,1,1,1,0,0,0,0,0,1,0
745,1,0,0,1,0,0,1,17,0,55,,,0,0,3,1,1,0,0,40,1,0,0,0,1,0
746,1,0,0,1,0,1,0,16,5,50,5,75,0,0,3,1,1,0,0,20,1,0,0,0,1,0
747,1,0,0,1,0,0,1,13,9,38,7,42,0,0,4,1,1,1,0,0,0,0,0,1,1,0
748,1,0,0,1,0,1,1,14,7,40,5,47,0,0,4,1,1,1,1,0,0,0,0,0,1,0
749,1,0,0,1,0,1,1,14,11,42,,,0,0,4,1,1,1,0,0,0,0,0,0,1,0
750,1,0,0,1,0,0,0,15,11,42,6,40,0,0,4,1,1,1,0,0,0,0,0,0,1,0
752,1,0,0,1,0,0,1,14,5,46,,,1,0,4,1,1,1,1,0,0,0,0,0,1,0
754,1,0,0,1,0,1,1,15,4,45,3,52,0,0,4,1,1,0,0,0,0,0,0,0,1,0
755,1,0,0,1,0,1,0,13,8,31,5,38,0,0,4,1,1,1,1,15,1,0,0,1,1,0
758,1,0,0,1,0,0,0,13,3,8,3,36,1,0,4,1,1,1,0,0,0,0,0,0,1,0
759,1,0,0,1,0,0,1,19,0,60,,,0,0,1,0,0,0,0,0,0,1,1,0,1,0
760,1,0,0,1,0,0,1,16,11,45,9,39,0,0,3,1,1,0,0,8,1,0,0,0,1,0
765,1,0,0,1,0,1,1,17,10,39,6,39,0,0,2,1,0,0,0,0,0,0,0,0,1,0
768,1,0,0,1,0,0,0,14,8,39,9,43,0,0,4,1,1,1,0,0,0,0,0,1,1,0
770,1,0,0,1,0,1,1,14,5,42,5,44,0,0,4,1,1,1,1,16,1,0,0,0,1,0
771,1,0,0,1,0,0,1,16,6,35,6,,1,0,4,1,1,1,0,0,0,0,0,0,1,0
772,1,0,0,1,0,1,1,17,5,33,3,39,1,0,4,1,1,1,0,40,1,0,0,0,1,0
773,1,0,0,1,0,0,1,15,7,42,7,42,0,1,2,1,0,0,0,0,0,0,0,0,1,1
774,1,0,0,1,0,0,0,14,5,39,9,39,0,0,4,1,1,1,0,0,0,0,0,0,1,0
775,1,0,0,1,0,0,1,15,5,50,5,55,0,0,4,1,1,1,0,0,0,0,0,0,1,0
780,1,0,0,1,0,0,1,15,5,36,6,44,1,0,4,1,1,1,0,0,0,0,0,0,1,0
782,1,0,0,1,0,1,0,13,,,,,0,0,4,1,1,1,1,0,0,0,0,0,1,0
783,1,0,0,1,0,0,1,16,7,16,3,37,1,0,3,1,1,0,0,30,1,0,0,0,1,0
784,1,0,0,1,0,1,1,13,9,34,11,38,0,0,4,1,1,1,1,0,0,0,0,0,1,0
785,1,0,0,1,0,1,0,17,5,40,5,45,0,0,3,1,1,0,0,0,0,0,0,0,1,0
786,1,0,0,1,0,0,1,16,11,60,,,0,0,4,1,1,1,0,0,0,0,0,1,1,1
789,1,0,0,1,0,0,1,17,5,56,,,0,0,1,1,0,0,0,40,1,0,0,0,1,0
793,1,0,0,1,0,0,0,15,8,36,5,33,0,0,3,1,1,0,0,0,0,0,0,0,1,1
794,1,0,0,1,0,1,0,14,5,45,8,41,0,0,4,1,1,1,1,0,0,0,0,1,1,0
795,1,0,0,1,0,0,0,14,6,48,5,50,1,0,4,1,1,0,1,0,0,0,0,0,1,0
796,1,0,0,1,0,0,0,15,5,42,,,1,0,4,1,1,1,0,8,1,0,0,0,1,0
797,1,0,0,1,0,0,0,14,6,44,,,0,0,3,1,1,0,0,0,0,0,1,0,1,0
800,1,0,0,1,0,0,0,14,5,46,5,47,0,0,4,1,1,1,0,0,0,0,0,0,1,0
804,1,0,0,1,0,1,1,16,3,48,5,36,1,0,3,1,1,0,0,0,0,0,0,0,1,0
806,1,0,0,1,0,1,1,15,8,35,,,0,1,4,1,1,0,0,0,0,0,0,0,1,0
808,1,0,0,1,0,1,1,15,5,42,5,40,0,0,4,1,1,1,0,0,0,0,0,0,1,0
809,1,0,0,1,0,0,1,14,5,52,5,56,0,0,4,1,1,1,0,0,0,0,0,0,1,0
813,1,0,0,1,0,0,1,15,2,47,5,48,0,0,3,1,0,0,0,0,0,0,1,0,1,0
815,1,0,0,1,0,0,1,17,5,54,6,45,1,0,1,0,0,0,0,40,1,0,0,0,1,0
816,1,0,0,1,0,1,0,13,11,33,7,38,0,0,4,1,1,1,1,0,0,0,0,0,1,0
820,1,0,0,1,0,0,1,14,2,35,5,42,0,0,4,1,1,1,0,0,0,0,0,0,1,0
822,1,0,0,1,0,0,1,13,7,36,11,31,0,0,4,1,1,1,0,0,0,0,0,0,1,0
824,1,0,0,1,0,0,0,14,5,40,10,47,0,0,4,1,1,1,0,0,0,0,0,0,1,0
829,1,0,0,1,0,1,0,13,10,39,11,41,0,0,4,1,1,1,1,0,0,0,0,0,1,0
837,1,0,0,1,0,0,1,14,5,36,5,37,0,0,4,1,1,1,0,0,0,0,0,0,1,0
839,1,0,0,1,0,1,1,14,7,39,7,43,0,0,4,1,1,1,0,0,0,0,0,0,1,0
840,1,0,0,1,0,0,1,16,8,33,,,0,0,4,1,1,1,0,0,1,0,0,1,1,0
842,1,0,0,1,0,0,0,15,11,35,8,49,0,0,4,1,1,1,0,0,0,0,0,0,1,0
843,1,0,0,1,0,0,0,15,1,45,6,46,0,0,4,1,1,1,0,0,0,0,0,0,1,0
849,1,0,0,1,0,1,0,14,8,35,6,34,0,1,4,1,1,0,0,0,0,0,0,0,1,0
850,1,0,0,1,0,1,0,15,5,53,6,42,1,0,4,1,1,1,0,0,0,0,0,0,1,0
853,1,0,0,1,0,1,0,14,3,50,3,43,0,0,4,1,1,1,1,0,0,0,0,0,1,0
854,1,0,0,1,0,1,1,15,2,50,3,49,0,1,3,1,0,0,0,0,0,0,0,0,1,0
855,1,0,0,1,0,0,1,15,9,42,,45,0,1,4,1,1,0,0,0,0,0,0,0,1,0
856,1,0,0,1,0,0,1,13,9,32,,34,1,0,4,1,1,1,0,0,0,0,0,0,1,0
857,1,0,0,1,0,1,1,14,9,37,5,42,0,0,4,1,1,1,1,0,0,0,0,0,1,0
858,1,0,0,1,0,1,1,16,4,34,,,1,0,2,1,1,0,0,40,1,0,0,0,1,0
859,1,0,0,1,0,1,1,15,5,44,,40,1,0,3,0,0,0,0,0,0,0,0,0,1,1
865,1,0,0,1,0,0,0,15,4,40,5,48,0,0,4,1,1,1,0,0,0,0,0,0,1,0
866,1,0,0,1,0,0,1,15,5,40,,,0,1,4,1,1,0,0,0,0,0,0,0,1,0
870,1,0,0,1,0,1,1,14,6,39,,,0,0,4,1,1,1,1,0,0,0,0,0,1,0
871,1,0,0,1,0,1,0,,,,,,1,,,,,,,,,,,0,1,0
872,1,0,0,1,0,0,0,13,5,40,9,44,0,0,4,1,1,1,0,0,0,0,0,0,1,0
875,1,0,0,1,0,0,0,14,5,40,8,42,0,0,3,1,1,0,0,0,0,0,0,0,1,0
884,1,0,0,1,0,1,1,14,3,39,,,1,0,4,1,1,1,1,0,0,0,0,1,1,0
888,1,0,0,1,0,1,0,14,6,41,6,44,0,1,4,1,0,0,0,0,0,0,0,0,1,0
891,1,0,0,1,0,1,0,14,9,42,9,39,0,0,4,1,1,1,1,0,0,0,0,0,1,0
895,1,0,0,1,0,1,0,14,5,36,5,36,0,1,4,1,1,0,0,0,0,0,0,0,1,0
896,1,0,0,1,0,1,0,14,11,48,11,41,0,0,4,1,1,1,1,0,0,0,0,0,1,0
898,1,0,0,1,0,1,0,15,10,40,11,45,0,0,4,1,1,1,1,0,0,0,0,0,1,0
900,1,0,0,1,0,0,0,16,11,40,11,38,0,0,4,1,1,1,0,0,0,0,0,0,1,0
901,1,0,0,1,0,1,1,16,5,40,5,51,0,0,4,1,1,1,1,0,0,0,0,0,1,0
902,1,0,0,1,0,1,1,14,4,31,,,0,0,4,1,1,1,1,0,0,0,0,1,1,0
906,1,0,0,1,0,1,1,19,9,45,,,0,0,1,0,0,0,0,30,1,0,0,0,1,1
909,1,0,0,1,0,0,0,14,,40,,,0,0,1,1,0,0,0,0,0,0,0,0,1,0
912,1,0,0,1,0,0,0,15,5,40,2,49,0,0,4,1,1,1,0,0,0,0,0,0,1,0
914,1,0,0,1,0,1,1,14,9,44,,56,1,1,4,1,1,0,0,5,1,0,0,0,1,0
915,1,0,0,1,0,0,0,14,5,32,,31,0,1,3,0,0,0,0,0,0,0,0,0,1,0
920,1,0,0,1,0,1,0,18,3,40,3,62,1,0,2,1,1,0,0,0,0,1,1,0,1,1
921,1,0,0,1,0,1,0,16,11,38,11,43,0,0,4,1,1,1,0,0,0,0,0,0,1,1
923,1,0,0,1,0,1,0,15,2,35,,,1,0,4,1,1,0,0,0,0,0,0,0,1,0
924,1,0,0,1,0,1,1,14,5,38,,,0,0,4,1,1,1,0,0,0,0,0,0,1,0
926,1,0,0,1,0,0,0,14,11,43,11,41,0,0,4,1,1,1,0,0,0,0,0,0,1,0
928,1,0,0,1,0,0,1,16,,43,,,1,0,1,0,0,0,0,0,0,0,0,0,1,0
930,1,0,0,1,0,1,0,14,9,42,,52,1,0,4,1,1,1,0,0,0,0,0,0,1,0
935,1,0,0,1,0,1,0,17,5,46,1,52,0,0,3,1,1,0,0,0,0,0,1,0,1,1
936,1,0,0,1,0,1,1,17,3,51,3,61,0,0,4,1,1,1,1,0,0,0,0,0,1,1
939,1,0,0,1,0,1,1,14,7,31,4,31,0,0,4,1,1,1,0,0,0,0,0,1,1,1
941,1,0,0,1,0,0,0,14,9,42,11,56,1,0,4,1,1,1,1,40,1,0,0,0,1,0
947,1,0,0,1,0,0,1,14,9,42,2,46,0,0,4,1,1,0,0,0,0,0,0,0,1,1
953,1,0,0,1,0,0,0,15,11,39,7,36,0,0,4,1,1,0,0,0,1,0,0,0,1,0
954,1,0,0,1,0,0,0,14,8,34,9,41,0,0,4,1,1,1,0,0,0,0,0,0,1,0
955,1,0,0,1,0,0,1,12,11,47,,,0,0,3,1,1,0,0,0,0,0,0,0,1,0
959,1,0,0,1,0,0,1,17,5,35,,,0,2,4,1,0,0,0,0,0,0,0,0,1,0
962,1,0,0,1,0,1,1,15,1,52,2,54,0,0,4,1,1,0,0,0,0,0,0,0,1,0
963,1,0,0,1,0,0,1,13,9,36,6,36,0,1,4,1,1,0,1,0,0,0,0,0,1,0
966,1,0,0,1,0,0,1,15,,35,5,40,1,0,2,1,0,0,0,0,0,0,0,0,1,0
968,1,0,0,1,0,0,0,13,10,36,7,40,0,0,4,1,1,1,1,0,0,0,0,0,1,0
969,1,0,0,1,0,1,1,16,5,34,5,37,1,0,4,1,1,1,1,0,0,0,0,0,1,0
975,1,0,0,1,0,0,0,16,4,37,,,0,1,6,1,1,1,0,0,0,0,0,0,1,0
981,1,0,0,1,0,0,1,14,5,31,,,0,1,4,1,1,0,0,0,0,0,0,0,1,0
983,1,0,0,1,0,0,1,15,7,37,6,38,0,0,4,1,1,1,0,0,0,0,0,0,1,0
984,1,0,0,1,0,1,0,13,10,38,,,0,1,4,1,1,0,0,0,0,0,0,0,1,0
988,1,0,0,1,0,1,0,14,11,38,5,37,0,0,4,1,1,1,1,0,0,0,0,0,1,0
989,1,0,0,1,0,0,1,14,11,37,8,36,1,1,4,1,1,0,0,40,1,0,0,0,1,0
992,1,0,0,1,0,1,0,13,8,34,5,36,0,0,4,1,1,1,1,8,1,0,0,1,1,0
993,1,0,0,1,0,1,0,17,3,39,2,50,0,0,4,1,1,1,1,0,0,0,0,0,1,0
996,1,0,0,1,0,1,1,14,8,42,11,40,0,0,2,1,1,1,1,0,0,0,0,0,1,0
997,1,0,0,1,0,0,1,14,7,52,11,46,0,0,4,1,1,1,0,0,0,0,0,0,1,0
998,1,0,0,1,0,1,0,16,5,40,,,0,0,1,1,0,0,0,40,1,0,0,0,1,0
1000,1,0,0,1,0,1,1,15,11,42,5,52,0,1,5,1,1,1,1,0,0,0,0,0,1,0
1003,1,0,0,1,0,0,1,15,5,39,,,0,0,4,1,1,1,0,0,0,0,0,0,1,0
1007,1,0,0,1,0,1,1,14,7,38,6,37,0,0,4,1,1,1,0,0,0,0,0,0,1,0
1009,1,0,0,1,0,1,0,14,5,41,5,38,0,0,4,1,1,1,1,0,0,0,0,0,1,0
1010,1,0,0,1,0,0,0,17,5,41,11,41,0,0,6,1,1,1,0,0,0,0,0,0,1,0
1011,1,0,0,1,0,0,1,15,11,35,11,38,0,0,4,1,1,1,0,8,1,0,0,0,1,0
1013,1,0,0,1,0,1,0,15,11,48,9,39,0,1,4,1,1,0,0,0,0,0,0,0,1,0
1014,1,0,0,1,0,0,1,15,5,33,4,54,0,0,4,1,1,1,0,0,0,0,0,0,1,0
1015,1,0,0,1,0,0,1,14,8,44,11,44,0,0,4,1,1,1,0,0,0,0,0,0,1,0
1017,1,0,0,1,0,1,1,16,8,33,10,40,0,1,3,1,1,0,0,2,1,0,0,0,1,0
1018,1,0,0,1,0,1,0,14,,,6,40,0,0,4,1,1,1,0,0,0,0,0,0,1,0
1019,1,0,0,1,0,1,1,14,1,60,,68,0,0,4,1,1,1,1,0,0,0,0,0,1,0
1024,1,0,0,1,0,0,1,15,7,37,,,0,0,4,1,0,0,0,0,0,0,0,1,1,0
1026,1,0,0,1,0,1,0,14,8,42,4,45,0,0,4,1,1,1,1,3,1,0,0,0,1,0
1027,1,0,0,1,0,1,0,14,7,34,6,34,0,0,4,1,1,1,1,0,0,0,0,0,1,0
1031,1,0,0,1,0,0,1,14,8,37,5,40,0,0,4,1,1,1,0,5,1,0,0,0,1,0
1032,1,0,0,1,0,1,0,14,5,42,5,40,0,0,4,1,1,1,1,8,1,0,0,0,1,0
1034,1,0,0,1,0,1,0,14,7,34,4,51,0,0,4,1,1,1,1,0,0,0,0,0,1,0
1035,1,0,0,1,0,1,0,14,5,49,5,53,0,0,4,1,1,1,1,0,0,0,0,0,1,0
1036,1,0,0,1,0,0,1,17,,,,,1,,0,0,0,0,0,0,0,,,0,1,0
1038,1,0,0,1,0,0,0,15,11,35,,,1,0,2,1,1,0,0,0,0,0,0,0,1,0
1040,1,0,0,1,0,1,1,17,8,45,5,47,0,1,4,1,1,1,0,18,1,0,0,0,1,0
1041,1,0,0,1,0,0,0,16,5,35,3,37,0,0,4,1,0,0,0,0,0,0,0,0,1,0
1045,1,0,0,1,0,0,1,12,5,37,,,1,0,4,1,1,0,1,0,0,0,0,0,1,0
1047,1,0,0,1,0,0,1,16,7,39,5,39,0,0,4,1,1,1,0,0,0,0,0,1,1,0
1049,1,0,0,1,0,0,0,15,5,38,4,44,0,0,4,1,1,1,1,0,0,0,0,0,1,0
1050,1,0,0,1,0,1,0,16,,,,,1,2,4,1,1,0,0,40,1,0,0,0,1,0
1051,1,0,0,1,0,0,0,15,11,45,7,44,0,0,3,1,1,0,0,0,0,0,0,0,1,0
1054,1,0,0,1,0,0,1,14,11,35,11,36,0,0,4,1,1,0,0,0,0,0,0,0,1,0
1055,1,0,0,1,0,1,0,14,4,36,5,37,0,1,4,1,1,0,1,0,0,0,0,0,1,0
1056,1,0,0,1,0,0,0,15,7,36,4,43,0,0,4,1,1,0,0,0,0,0,0,1,1,0
1059,1,0,0,1,0,1,0,14,11,38,11,48,0,0,3,1,1,1,1,0,0,0,0,0,1,0
1064,1,0,0,1,0,1,0,16,11,40,8,40,0,0,4,1,1,1,0,0,0,0,0,0,1,0
1065,1,0,0,1,0,1,1,15,3,43,2,52,0,0,4,1,1,1,1,0,0,0,0,1,1,0
1066,1,0,0,1,0,1,0,14,7,31,,35,0,0,4,1,1,1,1,0,0,0,0,0,1,0
1069,1,0,0,1,0,0,1,16,6,31,5,57,0,1,3,1,0,0,0,0,0,0,1,1,1,0
1070,1,0,0,1,0,1,0,15,5,53,5,54,0,1,4,1,1,1,0,0,0,0,0,0,1,0
1073,1,0,0,1,0,1,0,15,11,42,8,46,1,0,5,1,1,1,0,0,0,0,0,0,1,0
1078,1,0,0,1,0,0,1,14,5,32,5,45,0,0,4,1,1,1,1,0,0,0,0,0,1,0
1079,1,0,0,1,0,1,0,15,5,35,9,38,0,0,4,1,1,1,1,0,0,0,0,0,1,0
1080,1,0,0,1,0,1,1,17,5,32,9,44,0,0,4,1,1,1,1,0,0,0,0,0,1,0
1083,1,0,0,1,0,1,1,13,6,42,8,36,0,0,4,1,1,0,0,0,0,0,0,0,1,0
1084,1,0,0,1,0,1,0,13,2,35,2,36,1,0,4,1,1,1,1,0,0,0,0,0,1,0
1085,1,0,0,1,0,0,0,17,6,37,8,52,0,0,3,1,1,1,0,0,0,0,0,0,1,0
1086,1,0,0,1,0,1,1,15,11,34,7,39,0,0,4,1,1,1,1,0,0,0,0,0,1,0
1087,1,0,0,1,0,0,1,17,11,59,11,58,0,0,4,1,1,1,1,0,0,0,0,0,1,0
1091,1,0,0,1,0,1,0,17,1,42,,,0,0,2,1,0,0,0,0,0,0,0,0,1,0
1092,1,0,0,1,0,1,1,13,7,39,6,39,0,0,4,1,1,1,1,0,0,0,0,0,1,0
1093,1,0,0,1,0,0,0,17,3,40,6,43,0,0,6,1,1,1,0,8,1,0,0,0,1,0
1094,1,0,0,1,0,1,1,14,4,42,5,46,0,0,4,1,1,1,1,0,0,0,0,0,1,0
1096,1,0,0,1,0,1,0,13,8,52,,,0,0,4,1,1,1,1,0,0,0,0,1,1,0
1097,1,0,0,1,0,0,0,13,11,48,11,67,0,1,3,1,1,0,0,0,0,0,0,0,1,0
1099,1,0,0,1,0,1,1,15,5,31,,,0,0,4,1,1,1,1,0,0,0,0,0,1,0
1100,1,0,0,1,0,1,1,15,11,31,,,0,0,4,1,1,1,1,0,0,0,0,1,1,0
1103,1,0,0,1,0,0,1,16,2,37,,,0,0,1,1,0,0,0,40,1,0,0,0,1,1
1104,1,0,0,1,0,1,0,14,8,46,,,0,0,4,1,1,1,1,0,0,0,0,0,1,0
1107,1,0,0,1,0,0,1,14,6,35,3,49,0,0,1,0,0,0,0,0,0,0,0,0,1,0
1108,1,0,0,1,0,1,1,16,2,35,0,42,0,0,3,1,1,0,0,40,1,0,0,0,1,0
1109,1,0,0,1,0,0,0,14,11,41,11,41,0,0,4,1,1,1,1,0,0,0,0,0,1,0
1113,1,0,0,1,0,0,1,15,4,51,5,56,0,0,4,1,1,1,0,25,1,0,0,0,1,0
1116,1,0,0,1,0,0,1,15,11,33,9,39,0,0,4,1,1,1,0,0,0,0,0,0,1,0
1117,1,0,0,1,0,1,1,15,5,35,,,0,0,4,1,1,0,0,36,1,0,0,0,1,1
1118,1,0,0,1,0,0,0,14,5,41,5,43,0,0,4,1,1,1,0,0,0,0,0,0,1,0
1120,1,0,0,1,0,1,0,17,9,45,7,44,0,0,4,1,1,1,1,0,0,0,0,0,1,0
1122,1,0,0,1,0,1,1,14,5,47,8,47,0,0,4,1,1,1,1,0,0,0,0,0,1,0
1127,1,0,0,1,0,0,1,15,11,39,4,41,0,0,2,1,0,0,0,40,1,0,0,0,1,0
1129,1,0,0,1,0,1,0,14,8,53,,48,0,0,4,1,1,1,0,0,0,0,0,0,1,0
1131,1,0,0,1,0,1,1,14,9,46,5,46,1,0,4,1,1,1,1,0,0,0,0,0,1,0
1132,1,0,0,1,0,1,0,14,5,46,7,54,0,0,4,1,1,1,1,0,0,0,0,1,1,0
1134,1,0,0,1,0,0,0,13,5,40,1,50,0,0,4,1,1,1,0,0,0,0,0,0,1,0
1135,1,0,0,1,0,0,0,14,3,35,,,0,0,4,1,1,1,0,8,1,0,0,1,1,0
1139,1,0,0,1,0,1,1,18,11,39,7,38,0,1,5,1,1,1,0,0,0,0,0,0,1,1
1142,1,0,0,1,0,1,0,13,11,34,5,39,0,0,3,1,1,1,0,0,0,0,0,0,1,0
1147,1,0,0,1,0,0,1,14,6,34,2,28,0,0,4,1,1,1,0,0,0,0,0,0,1,0
1148,1,0,0,1,0,1,1,15,5,40,,,0,0,4,1,1,1,1,0,0,0,0,0,1,0
1150,1,0,0,1,0,1,0,15,5,50,5,51,0,0,4,1,1,1,1,0,0,0,0,0,1,0
1152,1,0,0,1,0,1,0,14,3,37,5,52,0,0,4,1,1,1,1,0,0,0,0,0,1,0
1153,1,0,0,1,0,1,0,14,4,39,11,50,0,0,4,1,1,1,1,0,0,0,0,0,1,0
1154,1,0,0,1,0,1,1,15,2,40,5,57,0,0,4,1,1,1,0,0,0,0,0,0,1,0
1158,1,0,0,1,0,1,1,16,9,50,5,49,0,0,3,1,0,0,0,30,1,0,0,0,1,0
1163,1,0,0,1,0,0,0,13,5,30,5,33,0,0,4,1,1,1,0,0,0,0,0,0,1,0
1165,1,0,0,1,0,0,1,14,5,37,0,42,0,0,3,1,1,0,0,0,0,0,0,0,1,0
1166,1,0,0,1,0,0,0,16,8,39,2,43,0,0,4,1,1,0,0,0,0,0,0,0,1,0
1168,1,0,0,1,0,1,1,17,0,58,0,,0,0,4,1,1,1,1,0,0,0,0,0,1,0
1173,1,0,0,1,0,1,1,17,4,54,4,56,0,0,4,1,1,1,1,0,1,0,0,0,1,0
1177,1,0,0,1,0,0,0,13,11,36,5,45,0,0,4,1,1,1,0,0,0,0,0,0,1,0
1179,1,0,0,1,0,0,1,16,5,38,5,39,0,0,4,1,1,1,0,0,0,0,0,0,1,0
1183,1,0,0,1,0,0,1,14,5,42,3,43,0,1,4,1,1,0,0,0,1,0,0,0,1,0
1184,1,0,0,1,0,1,1,13,3,48,3,49,0,0,4,1,1,1,1,0,0,0,0,1,1,0
1185,1,0,0,1,0,0,0,15,0,40,3,52,0,1,2,0,0,0,0,0,0,1,1,1,1,0
1189,1,0,0,1,0,0,1,18,7,50,5,56,0,0,3,1,1,1,0,40,1,0,0,1,1,0
1193,1,0,0,1,0,1,0,16,5,35,,,0,0,4,1,1,0,0,40,1,0,0,0,1,0
1194,1,0,0,1,0,1,0,12,4,32,5,35,0,0,4,1,1,1,1,0,0,0,0,1,1,0
1198,1,0,0,1,0,0,1,14,3,40,5,51,0,0,4,1,1,1,0,0,1,0,0,0,1,0
1199,1,0,0,1,0,0,0,13,7,48,5,49,0,0,4,1,1,1,0,0,0,0,0,0,1,0
1200,1,0,0,1,0,1,0,13,10,40,5,37,1,0,4,1,1,1,0,0,0,0,0,0,1,0
1201,1,0,0,1,0,1,1,16,,56,,61,0,0,4,1,1,1,1,20,1,0,0,1,1,0
1204,1,0,0,1,0,0,0,17,,,,,0,0,3,1,1,0,0,40,1,0,0,0,1,0
1208,1,0,0,1,0,1,0,13,9,35,5,39,0,0,4,1,1,1,1,0,0,0,0,0,1,0
1209,1,0,0,1,0,1,0,15,5,42,5,46,1,0,1,1,0,0,0,0,0,0,0,0,1,0
1210,1,0,0,1,0,0,0,14,1,42,5,42,0,0,4,1,1,1,0,0,0,0,0,0,1,0
1211,1,0,0,1,0,1,0,13,5,37,6,54,0,0,4,1,1,1,1,0,0,0,0,1,1,0
1213,1,0,0,1,0,0,1,17,5,48,11,38,0,,0,0,0,0,0,40,1,0,0,0,1,0
1214,1,0,0,1,0,0,0,14,5,35,1,39,0,0,4,1,1,1,0,0,0,0,0,1,1,0
1218,1,0,0,1,0,1,1,14,5,33,1,43,0,0,4,1,1,1,0,0,0,0,0,0,1,0
1223,1,0,0,1,0,0,0,14,5,44,5,72,0,0,4,1,1,1,0,0,0,0,0,0,1,0
1226,1,0,0,1,0,1,1,15,8,35,9,45,0,1,3,1,1,0,0,0,0,0,0,0,1,0
1227,1,0,0,1,0,1,1,15,6,43,5,48,0,0,4,1,1,1,1,0,0,0,0,1,1,0
1228,1,0,0,1,0,1,1,17,3,35,,,0,0,1,1,0,0,0,0,0,0,1,0,1,0
1235,1,0,0,1,0,1,1,14,,42,,,0,0,4,1,1,1,1,0,0,0,0,0,1,0
1237,1,0,0,1,0,1,0,14,11,37,5,47,0,0,4,1,1,1,1,0,0,0,0,1,1,0
1238,1,0,0,1,0,0,0,15,0,45,5,46,0,0,5,1,1,1,0,0,0,0,0,0,1,0
1239,1,0,0,1,0,1,0,15,6,33,5,40,0,0,3,1,1,0,0,0,0,0,0,0,1,0
1240,1,0,0,1,0,0,1,16,5,47,5,47,0,0,4,1,1,1,0,0,0,0,0,1,1,0
1244,1,0,0,1,0,0,1,14,7,34,5,36,0,0,4,1,1,1,0,0,0,0,0,0,1,0
1247,1,0,0,1,0,0,1,15,3,39,4,40,1,1,4,1,1,0,0,0,0,0,0,0,1,0
1248,1,0,0,1,0,0,1,14,5,40,11,40,0,0,3,1,1,0,0,0,1,0,0,0,1,0
1250,1,0,0,1,0,1,1,17,9,40,3,42,0,0,6,1,1,1,0,40,1,0,0,0,1,0
1252,1,0,0,1,0,0,0,17,5,59,,,0,0,1,1,0,0,0,40,1,0,0,0,1,0
1255,1,0,0,1,0,1,1,14,2,48,7,49,0,0,4,1,1,1,0,0,0,0,0,0,1,0
1261,1,0,0,1,0,0,0,15,5,37,,42,1,2,3,1,0,0,0,40,1,0,0,0,1,0
1263,1,0,0,1,0,0,0,14,5,35,,,1,0,4,1,1,1,0,0,0,0,0,0,1,0
1264,1,0,0,1,0,1,1,15,5,36,3,56,0,1,5,1,1,1,1,0,0,0,0,0,1,0
1267,1,0,0,1,0,1,0,14,3,38,5,48,0,0,3,1,1,1,0,0,0,0,0,0,1,0
1268,1,0,0,1,0,0,0,14,4,36,3,37,1,0,4,1,1,1,0,0,0,0,0,1,1,0
1271,1,0,0,1,0,1,1,14,6,55,,,1,0,4,1,1,1,1,0,0,0,0,0,1,1
1274,1,0,0,1,0,1,1,14,5,39,5,38,1,0,4,1,1,1,1,0,0,0,0,0,1,0
1277,1,0,0,1,0,1,1,14,9,37,5,39,0,0,4,1,1,1,1,0,0,0,0,1,1,0
1278,1,0,0,1,0,0,0,15,11,34,,,0,0,4,1,1,1,0,0,0,0,0,0,1,0
1279,1,0,0,1,0,0,1,14,11,34,11,42,1,0,4,1,1,0,0,0,0,0,0,1,1,0
1280,1,0,0,1,0,1,1,15,1,38,,40,0,0,1,1,0,0,0,8,1,0,1,0,1,0
1283,1,0,0,1,0,0,0,14,1,40,3,46,0,0,4,1,1,1,0,0,0,0,0,1,1,0
1287,1,0,0,1,0,1,0,15,11,40,5,43,0,0,4,1,1,1,1,0,0,0,0,0,1,0
1289,1,0,0,1,0,1,0,17,5,45,11,49,0,1,4,1,1,1,0,0,0,0,0,0,1,0
1291,1,0,0,1,0,1,0,14,0,35,0,49,0,0,4,1,1,1,1,0,0,0,0,0,1,0
1295,1,0,0,1,0,1,0,18,3,43,6,47,0,0,3,1,1,1,0,0,0,0,0,0,1,0
1296,1,0,0,1,0,1,1,14,2,45,1,50,0,0,4,1,1,1,1,0,0,0,0,0,1,0
1298,1,0,0,1,0,1,0,17,8,38,8,38,1,0,4,1,1,1,1,0,0,0,0,0,1,0
1299,1,0,0,1,0,1,1,15,5,37,9,38,0,0,4,1,1,1,1,0,0,0,0,0,1,0
1304,1,0,0,1,0,0,0,18,,41,5,50,1,0,5,1,1,1,0,0,0,0,0,0,1,0
1308,1,0,0,1,0,1,1,14,5,42,5,39,0,0,4,1,1,1,1,0,0,0,0,0,1,0
1309,1,0,0,1,0,1,0,18,9,36,8,40,0,0,4,1,1,1,1,0,0,0,0,1,1,0
1310,1,0,0,1,0,0,0,15,9,30,11,55,0,0,1,1,0,0,0,0,0,0,0,0,1,0
1311,1,0,0,1,0,0,0,15,6,40,5,45,1,0,4,1,1,1,0,0,0,0,0,0,1,0
1312,1,0,0,1,0,1,1,14,7,38,,,0,0,4,1,1,1,0,0,0,0,0,0,1,0
1313,1,0,0,1,0,1,0,17,3,40,2,40,0,1,3,1,0,0,0,0,0,0,0,0,1,0
1316,1,0,0,1,0,1,1,16,5,50,,80,0,0,4,1,1,1,1,0,0,0,0,0,1,0
1320,1,0,0,1,0,0,0,15,3,55,,,0,,0,0,0,0,0,0,0,0,0,0,1,0
1322,1,0,0,1,0,1,0,16,5,40,5,45,1,0,2,1,1,0,0,40,1,0,0,0,1,0
1325,1,0,0,1,0,1,1,15,4,43,3,48,0,1,5,1,1,1,1,0,0,0,0,0,1,0
1328,1,0,0,1,0,1,1,14,5,47,2,47,1,0,4,1,1,1,1,0,0,0,0,0,1,0
1329,1,0,0,1,0,1,0,16,5,33,3,35,1,0,4,1,1,1,0,0,0,0,0,0,1,0
1334,1,0,0,1,0,0,1,16,,50,,72,0,1,4,1,1,1,0,4,1,0,0,0,1,0
1336,1,0,0,1,0,0,1,16,6,,,,0,0,4,1,1,1,0,0,0,0,0,1,1,0
1337,1,0,0,1,0,1,1,14,1,42,,44,0,0,4,1,1,1,1,0,0,0,0,0,1,0
1338,1,0,0,1,0,0,0,14,4,33,,34,0,0,4,1,1,1,0,0,0,0,0,1,1,0
1339,1,0,0,1,0,1,1,13,11,36,5,37,0,0,4,1,1,1,1,0,0,0,0,0,1,0
1341,1,0,0,1,0,1,1,13,11,31,10,34,0,0,4,1,1,1,1,0,0,0,0,0,1,0
1343,1,0,0,1,0,1,0,15,10,48,5,50,0,0,4,1,1,1,0,0,0,0,0,0,1,0
1344,1,0,0,1,0,0,1,18,9,40,9,43,0,1,5,1,1,1,0,0,0,0,0,1,1,0
1349,1,0,0,1,0,1,1,16,8,47,,,0,0,1,1,0,0,0,0,0,0,0,0,1,0
1352,1,0,0,1,0,0,1,15,,,9,42,0,0,4,1,1,1,0,0,0,0,0,0,1,1
1354,1,0,0,1,0,0,1,14,5,47,5,52,0,0,4,1,1,1,0,0,0,0,0,0,1,0
1358,1,0,0,1,0,0,0,14,,,11,37,0,1,4,1,1,0,0,0,0,0,0,0,1,0
1360,1,0,0,1,0,0,0,17,5,35,5,37,0,0,4,1,1,1,0,0,0,0,0,1,1,0
1364,1,0,0,1,0,1,1,16,0,50,,,0,0,3,1,1,0,1,0,0,0,0,0,1,0
1365,1,0,0,1,0,1,0,15,7,43,8,36,0,0,4,1,1,1,1,12,1,0,0,0,1,0
1366,1,0,0,1,0,1,1,15,7,44,4,49,0,0,4,1,1,1,1,0,0,0,0,1,1,0
1369,1,0,0,1,0,1,1,15,5,50,3,65,0,0,4,1,1,1,1,0,0,0,0,1,1,0
1370,1,0,0,1,0,0,1,14,11,34,11,37,0,0,4,1,1,1,1,0,0,0,0,0,1,0
1371,1,0,0,1,0,1,1,13,7,40,5,40,0,0,4,1,1,1,1,0,0,0,0,1,1,0
1372,1,0,0,1,0,0,1,15,9,40,6,35,0,0,4,1,1,1,0,0,0,0,0,0,1,0
1373,1,0,0,1,0,1,0,14,8,39,,,0,0,4,1,1,1,1,0,0,0,0,0,1,0
1375,1,0,0,1,0,1,1,13,5,32,5,42,0,0,4,1,1,1,1,0,0,0,0,0,1,0
1376,1,0,0,1,0,1,1,14,8,41,6,43,0,0,4,1,1,1,1,0,0,0,0,1,1,0
1377,1,0,0,1,0,1,0,15,5,40,,,0,0,4,1,1,1,1,0,0,0,0,0,1,0
1378,1,0,0,1,0,1,0,14,6,40,,,0,0,4,1,1,1,1,0,0,0,0,0,1,0
1379,1,0,0,1,0,1,1,15,11,37,,41,0,1,5,1,1,0,1,0,0,0,0,0,1,0
1380,1,0,0,1,0,1,0,16,5,37,9,38,0,0,2,1,0,0,0,0,0,0,0,0,1,0
1381,1,0,0,1,0,1,1,17,11,43,,,0,0,3,1,1,1,0,0,0,0,0,0,1,0
1382,1,0,0,1,0,1,0,15,10,35,8,37,0,0,4,1,1,1,1,0,0,0,0,0,1,0
1383,1,0,0,1,0,1,0,15,8,15,5,37,0,0,4,1,1,1,0,0,0,0,0,0,1,0
1388,1,0,0,1,0,1,0,14,9,33,9,37,0,0,4,1,1,1,1,0,0,0,0,0,1,0
1390,1,0,0,1,0,1,0,14,8,37,7,39,0,0,4,1,1,1,0,0,0,0,0,1,1,0
1391,1,0,0,1,0,1,0,18,8,40,,,0,,1,1,1,1,1,0,0,0,0,0,1,1
1392,1,0,0,1,0,0,0,15,5,34,5,44,1,0,4,1,1,1,0,0,0,0,0,0,1,0
1393,1,0,0,1,0,1,0,14,5,45,,,0,0,4,1,1,1,1,0,0,0,0,1,1,0
1394,1,0,0,1,0,1,1,13,5,34,5,36,0,0,4,1,1,1,0,0,0,0,0,0,1,0
1395,1,0,0,1,0,1,1,15,3,43,0,41,0,1,3,1,0,0,1,0,0,0,0,0,1,0
1397,1,0,0,1,0,0,1,18,5,38,11,34,1,2,6,1,1,1,0,0,0,0,0,0,1,0
1399,1,0,0,1,0,1,1,14,11,40,6,53,0,0,4,1,1,1,0,0,0,0,0,0,1,0
1400,1,0,0,1,0,1,0,18,5,40,,,0,0,4,1,1,1,1,0,0,0,0,0,1,0
1401,1,0,0,1,0,0,0,16,0,47,1,50,0,,0,0,0,0,0,0,0,1,1,0,1,0
1402,1,0,0,1,0,0,1,15,3,37,,,0,0,4,1,1,1,0,0,0,0,0,0,1,0
1405,1,0,0,1,0,0,1,17,0,60,0,68,0,0,4,1,1,0,0,0,0,0,0,0,1,0
1406,1,0,0,1,0,0,1,16,,,,,0,0,1,0,0,0,0,0,0,0,0,0,1,0
1409,1,0,0,1,0,1,1,16,3,36,5,46,0,0,1,1,0,0,0,8,1,0,0,0,1,0
1412,1,0,0,1,0,0,1,17,5,35,5,55,0,0,4,1,1,1,0,0,0,0,0,0,1,0
1413,1,0,0,1,0,0,1,14,8,40,9,38,0,0,4,1,1,1,0,0,0,0,0,0,1,0
1418,1,0,0,1,0,0,0,14,9,43,2,43,0,0,4,1,1,1,0,0,0,0,0,0,1,0
1420,1,0,0,1,0,1,0,17,2,51,5,52,0,0,4,1,1,0,0,0,0,0,0,0,1,0
1422,1,0,0,1,0,1,1,19,6,50,7,70,0,0,1,1,0,0,0,0,0,0,0,0,1,1
1423,1,0,0,1,0,1,1,14,,,,,0,0,4,1,1,1,0,0,0,0,0,1,1,0
1424,1,0,0,1,0,0,1,14,6,30,8,43,0,0,4,1,1,1,0,0,0,0,0,0,1,0
1425,1,0,0,1,0,0,0,17,2,46,5,47,1,0,2,1,1,0,0,0,0,1,1,1,1,0
1429,1,0,0,1,0,0,0,14,5,50,2,52,0,0,4,1,1,1,0,0,0,0,0,0,1,0
1431,1,0,0,1,0,0,0,14,11,35,9,35,0,0,4,1,1,1,0,0,0,0,0,1,1,0
1432,1,0,0,1,0,1,1,16,5,53,5,58,0,0,4,1,1,1,1,0,0,0,0,0,1,0
1433,1,0,0,1,0,0,0,14,5,35,6,35,0,1,4,1,1,0,0,0,0,0,0,0,1,0
1434,1,0,0,1,0,1,1,13,5,39,9,41,0,0,4,1,1,1,1,0,0,0,0,0,1,0
1435,1,0,0,1,0,1,0,16,6,39,11,44,0,0,4,1,1,1,1,0,0,0,0,1,1,0
1437,1,0,0,1,0,1,0,16,,32,,34,1,0,4,1,1,1,1,20,1,0,0,0,1,0
1441,1,0,0,1,0,0,1,14,11,42,5,35,0,0,4,1,1,1,0,0,0,0,0,1,1,0
1442,1,0,0,1,0,0,0,16,,51,,53,0,0,2,1,1,0,0,40,1,0,0,0,1,0
1443,1,0,0,1,0,1,1,13,7,31,5,40,0,0,4,1,1,1,1,0,0,0,0,0,1,0
1453,1,0,0,1,0,1,1,12,11,39,11,47,0,0,4,1,1,1,1,0,0,0,0,0,1,0
1459,1,0,0,1,0,1,1,16,,37,2,40,0,0,4,1,1,1,1,0,0,0,0,0,1,0
1460,1,0,0,1,0,1,0,17,5,40,,,1,0,1,1,0,0,0,40,1,0,0,0,1,0
1461,1,0,0,1,0,1,0,15,6,37,6,37,0,0,4,1,1,1,1,0,0,0,0,0,1,0
1462,1,0,0,1,0,1,1,16,5,46,5,46,0,0,4,1,1,1,1,0,0,0,0,1,1,0
1463,1,0,0,1,0,1,1,14,4,45,5,45,1,0,4,1,1,1,1,0,0,0,0,0,1,0
1465,1,0,0,1,0,0,0,17,5,52,6,54,0,0,4,1,1,1,0,0,1,0,0,0,1,0
1466,1,0,0,1,0,0,0,15,8,49,,,0,0,4,1,1,1,0,20,1,0,0,0,1,0
1467,1,0,0,1,0,1,0,14,9,46,3,48,1,0,3,1,1,0,0,0,1,0,0,0,1,0
1470,1,0,0,1,0,1,1,15,2,36,5,40,0,0,4,1,1,1,1,0,0,0,0,0,1,0
1473,1,0,0,1,0,1,1,15,2,43,,,0,0,1,0,0,0,0,0,1,0,0,0,1,0
1474,1,0,0,1,0,0,1,15,5,47,9,39,0,0,4,1,1,1,0,8,1,0,0,0,1,0
1477,1,0,0,1,0,0,0,17,8,41,10,53,1,1,2,0,0,0,0,40,1,0,0,0,1,0
1478,1,0,0,1,0,1,0,14,7,37,,,0,0,4,1,1,0,0,0,0,0,0,1,1,0
1479,1,0,0,1,0,1,1,13,11,48,10,34,0,0,4,1,1,1,1,0,0,0,0,0,1,0
1481,1,0,0,1,0,1,1,14,4,38,6,48,0,1,4,1,1,0,0,0,0,0,0,0,1,0
1483,1,0,0,1,0,1,0,17,3,52,1,61,0,0,4,1,1,1,1,0,0,0,0,0,1,0
1486,1,0,0,1,0,1,0,15,6,38,5,39,0,0,3,1,1,1,0,3,1,0,0,0,1,0
1488,1,0,0,1,0,1,1,16,5,51,,,0,0,4,1,1,1,0,0,0,0,0,1,1,0
1492,1,0,0,1,0,0,0,15,9,45,9,39,0,0,1,0,0,0,0,0,0,0,0,0,1,0
1493,1,0,0,1,0,0,0,18,5,49,5,53,0,0,4,1,1,1,0,0,0,0,0,0,1,0
1495,1,0,0,1,0,0,0,14,5,40,6,43,0,0,4,1,0,0,0,0,0,0,0,1,1,0
1496,1,0,0,1,0,1,1,14,3,45,,,0,0,4,1,1,1,1,0,0,0,0,0,1,0
1500,1,0,0,1,0,1,1,14,6,38,5,42,0,0,4,1,1,0,0,0,0,0,0,0,1,0
1501,1,0,0,1,0,1,1,15,10,34,5,38,0,1,5,1,1,1,1,0,0,0,0,0,1,0
1504,1,0,0,1,0,1,0,15,5,34,3,41,0,0,4,1,1,1,1,0,0,0,0,0,1,0
1507,1,0,0,1,0,1,0,14,7,42,5,38,0,0,4,1,1,1,1,0,0,0,0,0,1,0
1508,1,0,0,1,0,1,1,14,5,36,0,38,0,0,4,1,1,1,0,0,0,0,0,0,1,0
1510,1,0,0,1,0,0,1,14,5,34,,,0,0,3,1,1,1,0,0,0,0,1,0,1,0
1511,1,0,0,1,0,0,1,14,11,36,8,36,0,1,4,1,1,0,0,0,0,0,0,0,1,0
1512,1,0,0,1,0,1,0,16,1,50,1,50,0,1,4,1,1,1,0,0,0,0,0,0,1,0
1515,1,0,0,1,0,0,1,16,3,46,5,50,0,0,3,1,1,0,0,0,0,0,0,0,1,0
1517,1,0,0,1,0,1,0,18,5,49,5,52,0,0,5,0,0,0,0,0,0,0,0,1,1,0
1518,1,0,0,1,0,0,1,16,3,40,1,43,0,1,4,1,1,0,0,0,0,0,0,1,1,0
1520,1,0,0,1,0,0,0,14,5,37,5,40,0,0,3,1,1,0,0,0,0,0,0,0,1,0
1522,1,0,0,1,0,0,1,14,8,35,5,48,1,0,4,1,1,1,0,0,0,0,0,0,1,0
1523,1,0,0,1,0,0,0,14,7,43,9,48,0,0,4,1,1,1,0,0,0,0,0,0,1,0
1524,1,0,0,1,0,0,1,14,7,36,6,37,1,1,4,1,1,0,0,0,0,0,0,0,1,0
1530,1,0,0,1,0,1,0,15,5,56,,,0,0,4,1,1,1,0,0,0,0,0,1,1,0
1535,1,0,0,1,0,0,0,14,6,36,11,38,0,0,4,1,1,1,0,0,0,0,0,0,1,0
1536,1,0,0,1,0,0,0,17,3,35,,,0,0,1,1,0,0,0,0,0,0,1,0,1,0
1539,1,0,0,1,0,1,0,15,,45,,45,0,0,4,1,1,1,1,0,0,0,0,0,1,0
1540,1,0,0,1,0,1,0,15,5,33,,,0,1,3,1,0,0,1,0,0,0,0,1,1,0
1545,1,0,0,1,0,1,0,14,,34,,38,0,0,4,1,1,1,1,0,0,0,0,0,1,0
1546,1,0,0,1,0,1,0,15,,46,,47,0,0,4,1,1,1,0,0,0,0,0,0,1,0
1547,1,0,0,1,0,1,1,14,6,29,,34,0,0,4,1,1,1,1,0,0,0,0,0,1,0
1548,1,0,0,1,0,1,1,15,,35,,44,0,0,6,1,1,1,0,0,0,0,0,0,1,0
1552,1,0,0,1,0,0,1,14,6,38,1,40,0,1,4,1,0,0,0,0,0,0,0,0,1,0
1554,1,0,0,1,0,1,1,14,,49,,46,0,0,4,1,1,1,0,0,0,0,0,0,1,0
1559,1,0,0,1,0,1,1,15,3,43,9,37,0,1,4,1,1,0,0,0,0,0,0,0,1,0
1560,1,0,0,1,0,1,0,14,,35,,36,0,0,4,1,1,1,1,0,0,0,0,0,1,0
1561,1,0,0,1,0,1,0,15,,36,,38,0,0,4,1,1,0,0,0,0,0,0,0,1,0
1562,1,0,0,1,0,0,1,13,9,38,5,46,0,1,4,1,0,0,0,0,0,0,0,1,1,0
1563,1,0,0,1,0,1,1,15,,46,,49,0,0,4,1,1,1,1,0,0,0,0,0,1,0
1567,1,0,0,1,0,1,0,15,5,46,5,47,0,0,4,1,1,1,1,0,0,0,0,1,1,0
1568,1,0,0,1,0,0,0,17,5,39,,59,0,0,1,0,0,0,0,40,1,0,0,0,1,0
1571,1,0,0,1,0,1,1,14,3,50,11,54,0,0,4,1,1,1,1,0,0,0,0,1,1,0
1574,1,0,0,1,0,1,1,15,7,58,11,61,0,0,1,0,0,0,0,40,1,0,0,0,1,0
1576,1,0,0,1,0,1,0,20,5,44,5,45,1,0,2,1,1,0,0,0,0,1,1,0,1,1
1579,1,0,0,1,0,0,1,18,5,47,7,60,1,0,2,1,0,0,0,0,0,0,0,0,1,0
1580,1,0,0,1,0,1,1,15,10,36,10,40,0,0,4,1,1,1,1,0,0,0,0,0,1,0
1584,1,0,0,1,0,0,0,16,9,42,,,0,1,4,1,1,0,0,0,0,0,0,1,1,0
1586,1,0,0,1,0,1,0,16,7,35,,,1,0,4,1,1,1,0,0,0,0,0,1,1,1
1587,1,0,0,1,0,0,1,15,4,33,6,42,0,0,1,0,0,0,0,40,1,0,0,0,1,0
1590,1,0,0,1,0,1,0,16,,48,,51,0,0,1,1,0,0,0,0,0,0,0,0,1,0
1591,1,0,0,1,0,0,1,15,5,39,5,40,0,0,4,1,1,1,0,0,0,0,0,1,1,0
1596,1,0,0,1,0,1,1,16,5,37,5,48,0,1,4,1,1,1,0,0,0,0,0,0,1,0
1599,1,0,0,1,0,0,1,16,3,46,,,0,0,3,1,1,0,0,24,1,0,0,0,1,0
1600,1,0,0,1,0,1,1,14,1,55,0,55,0,0,4,1,1,0,0,0,0,0,0,0,1,0
1601,1,0,0,1,0,1,1,15,5,50,5,46,0,0,4,1,1,1,1,0,0,0,0,0,1,0
1604,1,0,0,1,0,0,1,14,5,45,1,45,0,0,4,1,1,1,0,0,0,0,0,0,1,0
1605,1,0,0,1,0,1,1,14,,38,3,,0,0,4,1,1,1,0,0,0,0,0,0,1,0
1607,1,0,0,1,0,1,0,16,11,38,7,38,1,0,2,1,1,0,0,0,0,0,0,0,1,0
1608,1,0,0,1,0,1,1,17,5,38,3,40,0,0,4,1,1,1,1,0,0,0,0,0,1,0
1611,1,0,0,1,0,1,1,16,5,36,,,0,0,4,1,1,1,1,0,0,0,0,0,1,0
1613,1,0,0,1,0,1,1,14,11,35,8,34,1,0,4,1,1,1,0,0,0,0,0,0,1,0
1614,1,0,0,1,0,1,0,16,,38,,,1,0,2,0,0,0,0,40,1,0,0,0,1,0
1615,1,0,0,1,0,0,0,14,11,50,5,60,0,0,4,1,1,1,0,0,0,0,0,0,1,0
1617,1,0,0,1,0,0,0,16,5,49,,,0,0,5,1,1,1,0,30,1,0,0,0,1,0
1618,1,0,0,1,0,1,1,15,5,43,,44,1,0,4,1,1,1,1,0,0,0,0,0,1,0
1619,1,0,0,1,0,0,1,15,4,32,5,39,1,0,4,1,1,1,0,0,0,0,0,0,1,1
1621,1,0,0,1,0,0,1,14,,37,,39,0,0,4,1,1,1,0,0,0,0,0,0,1,0
1622,1,0,0,1,0,1,0,18,2,58,2,54,0,0,4,1,1,1,0,0,0,0,0,0,1,0
1623,1,0,0,1,0,1,1,15,5,52,5,42,1,1,4,1,1,0,0,0,0,0,0,1,1,0
1624,1,0,0,1,0,1,1,14,3,43,5,41,0,0,4,1,1,1,1,0,0,0,0,0,1,0
1625,1,0,0,1,0,1,1,15,5,34,5,45,0,0,4,1,1,1,0,0,0,0,0,1,1,0
1628,1,0,0,1,0,0,0,14,5,40,,,0,0,4,1,1,0,0,0,0,0,0,0,1,0
1629,1,0,0,1,0,1,1,15,8,45,5,53,0,0,4,1,1,1,0,0,0,0,0,0,1,0
1632,1,0,0,1,0,1,1,14,11,30,,50,0,0,4,1,1,1,1,0,0,0,0,0,1,0
1633,1,0,0,1,0,0,1,15,11,42,9,39,0,0,3,1,1,0,0,0,0,0,0,1,1,0
1637,1,0,0,1,0,1,1,14,5,38,5,48,0,1,4,1,1,0,0,0,0,0,0,0,1,0
1639,1,0,0,1,0,1,1,17,2,35,5,40,0,0,3,1,1,0,0,10,1,0,0,0,1,0
1642,1,0,0,1,0,1,1,16,6,32,,1,1,0,4,1,1,1,1,0,0,0,0,1,1,0
1645,1,0,0,1,0,1,1,14,11,35,8,45,0,0,4,1,1,1,0,0,0,0,0,0,1,0
1650,1,0,0,1,0,0,0,13,,33,,,0,0,4,1,1,1,0,0,0,0,0,0,1,0
1652,1,0,0,1,0,1,0,14,11,37,5,45,0,0,4,1,1,1,1,0,0,0,0,1,1,0
1653,1,0,0,1,0,1,1,14,6,49,5,63,0,0,4,1,1,1,1,0,0,0,0,1,1,0
1654,1,0,0,1,0,0,1,17,,47,,58,0,0,1,1,0,0,0,40,1,0,0,0,1,0
1658,1,0,0,1,0,1,0,14,7,41,5,42,0,0,4,1,1,1,1,0,0,0,0,1,1,0
1661,1,0,0,1,0,1,1,15,3,42,7,,0,0,4,1,1,1,1,0,0,0,0,0,1,0
1663,1,0,0,1,0,1,0,15,5,44,5,45,0,0,4,1,1,1,1,0,0,0,0,0,1,0
1664,1,0,0,1,0,0,1,15,,33,,,1,0,3,1,1,0,0,0,0,0,0,0,1,0
1666,1,0,0,1,0,1,0,16,5,39,5,39,0,0,4,1,1,0,0,0,0,0,0,1,1,0
1668,1,0,0,1,0,1,0,15,6,37,,40,0,0,1,1,0,0,0,0,0,0,0,0,1,0
1673,1,0,0,1,0,1,0,15,10,35,11,36,0,0,4,1,1,1,1,0,0,0,0,0,1,1
1675,1,0,0,1,0,1,1,14,7,40,5,56,0,0,4,1,1,1,1,0,0,0,0,1,1,0
1678,1,0,0,1,0,1,1,15,7,40,5,55,0,0,4,1,1,1,1,0,0,0,0,1,1,0
1680,1,0,0,1,0,1,1,14,2,41,5,44,0,0,4,1,1,1,1,0,0,0,0,0,1,0
1685,1,0,0,1,0,1,1,14,3,47,5,54,1,0,4,1,1,1,1,0,0,0,0,0,1,0
1688,1,0,0,1,0,0,1,16,5,43,2,40,0,0,4,1,1,1,0,0,0,0,0,0,1,0
1689,1,0,0,1,0,0,0,15,,60,,70,1,0,4,1,1,1,0,0,0,0,0,0,1,0
1690,1,0,0,1,0,1,0,16,6,38,3,41,1,0,4,1,1,0,0,0,0,0,0,1,1,0
1695,1,0,0,1,0,1,0,18,8,34,,,0,0,1,0,0,0,0,0,0,0,1,0,1,0
1697,1,0,0,1,0,0,0,16,,45,,42,0,0,4,1,1,1,0,0,0,0,0,0,1,0
1702,1,0,0,1,0,1,1,14,5,33,3,44,0,0,4,1,1,1,1,0,0,0,0,0,1,0
1703,1,0,0,1,0,0,0,15,,,,,0,0,2,1,0,0,0,0,0,0,0,0,1,0
1704,1,0,0,1,0,1,0,15,11,48,11,64,0,0,4,1,1,1,1,0,0,0,0,0,1,0
1707,1,0,0,1,0,1,0,14,,48,5,39,0,0,4,1,1,1,1,0,0,0,0,1,1,0
1708,1,0,0,1,0,1,0,14,5,49,5,58,0,0,3,1,1,0,0,0,0,0,0,0,1,0
1713,1,0,0,1,0,1,0,13,11,42,,,0,0,4,1,1,1,1,0,0,0,0,0,1,0
1714,1,0,0,1,0,1,1,17,4,42,5,44,0,0,4,1,1,1,1,0,0,0,0,0,1,0
1715,1,0,0,1,0,0,0,15,4,37,5,38,1,1,4,1,1,0,0,0,0,0,0,1,1,1
1716,1,0,0,1,0,1,0,13,7,33,5,36,0,1,4,1,1,0,0,0,0,0,0,0,1,0
1717,1,0,0,1,0,1,0,14,5,47,,,1,0,4,1,1,1,1,0,0,0,0,0,1,0
1719,1,0,0,1,0,0,1,17,6,41,5,47,0,0,2,1,0,0,0,0,0,0,0,0,1,0
1720,1,0,0,1,0,0,0,15,5,50,5,60,1,0,1,0,0,0,0,40,1,0,0,0,1,0
1722,1,0,0,1,0,0,1,14,6,39,7,43,0,0,4,1,1,1,0,0,0,0,0,1,1,0
1727,1,0,0,1,0,1,1,14,8,35,,37,0,0,4,1,1,1,1,0,0,0,0,0,1,0
1728,1,0,0,1,0,0,0,14,7,43,3,56,0,0,4,1,1,1,0,0,0,0,0,0,1,0
1733,1,0,0,1,0,1,0,14,5,38,,,1,0,4,0,0,0,1,0,0,0,0,0,1,0
1734,1,0,0,1,0,1,0,17,11,39,6,37,0,0,4,1,1,1,0,0,0,0,0,0,1,0
1735,1,0,0,1,0,1,0,15,,43,,,0,0,4,1,1,0,0,0,0,0,0,0,1,0
1736,1,0,0,1,0,0,1,17,3,40,9,42,0,0,1,1,0,0,0,40,1,0,0,0,1,0
1738,1,0,0,1,0,1,0,15,,56,,67,0,0,4,1,1,1,1,0,0,0,0,0,1,0
1740,1,0,0,1,0,1,1,16,2,43,11,48,0,0,1,0,0,0,0,0,0,0,0,0,1,0
1742,1,0,0,1,0,1,0,15,2,42,5,43,0,0,4,1,1,1,1,0,0,0,0,0,1,0
1744,1,0,0,1,0,0,0,14,5,36,,,0,0,4,1,1,1,0,0,0,0,0,1,1,0
1747,1,0,0,1,0,1,1,15,10,45,5,56,0,0,4,1,1,1,1,0,0,0,0,0,1,0
1750,1,0,0,1,0,0,1,16,9,42,11,34,1,0,4,1,1,1,0,0,0,0,0,0,1,0
1751,1,0,0,1,0,1,1,17,5,48,,,0,0,4,1,1,1,1,0,0,0,0,0,1,0
1756,1,0,0,1,0,0,1,13,5,32,6,42,0,0,4,1,1,1,0,0,0,0,0,1,1,0
1757,1,0,0,1,0,0,0,14,5,44,5,46,0,0,4,1,1,1,0,0,0,0,0,0,1,0
1758,1,0,0,1,0,1,1,15,5,36,5,42,0,0,4,1,1,1,0,32,1,0,0,0,1,0
1759,1,0,0,1,0,1,0,16,5,35,5,37,0,0,4,1,0,0,0,0,0,0,0,0,1,0
1761,1,0,0,1,0,1,1,16,5,34,,,1,0,4,1,1,1,0,8,1,0,0,0,1,0
1766,1,0,0,1,0,1,1,17,7,37,,,1,0,2,1,1,0,0,0,0,0,0,0,1,0
1769,1,0,0,1,0,0,1,14,6,31,9,40,0,0,4,1,1,1,0,0,0,0,0,0,1,0
1774,1,0,0,1,0,0,0,17,8,36,2,41,0,0,2,1,0,0,0,0,0,0,0,0,1,0
1778,1,0,0,1,0,1,1,14,8,40,5,54,0,0,4,1,1,1,1,0,0,0,0,0,1,0
1780,1,0,0,1,0,0,1,14,2,43,5,45,1,1,4,1,1,0,0,0,0,0,0,0,1,0
1781,1,0,0,1,0,1,1,13,5,47,7,56,0,0,4,1,1,1,1,0,0,0,0,0,1,0
1782,1,0,0,1,0,0,0,13,8,37,11,38,0,0,4,1,1,1,0,0,0,0,0,0,1,0
1788,1,0,0,1,0,0,0,16,2,48,4,46,0,0,4,1,1,1,0,0,0,0,0,0,1,0
1793,1,0,0,1,0,0,0,15,8,37,,42,1,0,4,1,1,0,0,0,0,0,0,0,1,0
1795,1,0,0,1,0,0,0,13,6,38,6,41,0,0,4,1,1,1,0,0,0,0,0,0,1,0
1801,1,0,0,1,0,0,0,14,,46,,56,0,0,4,1,1,1,0,0,0,0,0,0,1,0
1806,1,0,0,1,0,0,0,15,5,47,,54,0,0,3,1,1,0,0,0,0,0,0,0,1,0
1835,1,0,0,1,0,0,0,16,5,42,11,44,0,0,4,1,1,1,0,0,0,0,0,0,1,0
1836,1,0,0,1,0,0,1,14,5,45,5,42,1,0,4,1,1,1,0,0,0,0,0,1,1,0
1840,1,0,0,1,0,0,0,14,5,43,,,0,0,4,1,1,1,0,20,1,0,0,0,1,0
1842,1,0,0,1,0,0,0,16,5,32,5,42,0,1,4,0,0,0,0,0,0,0,0,0,1,0
1856,1,0,0,1,0,0,1,18,2,,,,0,0,4,0,0,0,0,0,0,0,0,0,1,0
1862,1,0,0,1,0,0,1,16,,50,,,0,0,4,1,1,1,1,0,0,0,0,1,1,0
1864,1,0,0,1,0,0,0,14,3,50,5,53,0,0,4,1,1,1,0,0,0,0,0,0,1,1
1870,1,0,0,1,0,0,0,15,7,35,7,45,0,0,4,1,1,1,0,0,0,0,0,0,1,0
1871,1,0,0,1,0,0,0,17,,50,,50,0,0,4,1,1,0,0,0,0,0,0,1,1,0
1878,1,0,0,1,0,0,1,14,5,42,5,34,0,0,4,1,1,0,0,0,0,0,0,1,1,0
1885,1,0,0,1,0,0,0,15,7,38,,,1,0,3,1,1,1,0,40,1,0,0,0,1,0
1886,1,0,0,1,0,0,0,16,,40,,45,0,0,3,1,1,1,0,16,1,0,1,0,1,0
1888,1,0,0,1,0,0,0,15,5,35,5,40,0,0,4,1,1,1,0,0,0,0,0,0,1,0
1894,1,0,0,1,0,0,0,16,6,34,6,38,0,0,4,1,1,1,0,0,0,0,0,1,1,0
1899,1,0,0,1,0,0,1,15,8,41,9,40,0,1,4,1,1,0,0,0,0,0,0,0,1,0
1900,1,0,0,1,0,0,1,17,6,50,2,58,1,0,4,1,1,1,0,0,0,0,0,0,1,1
1901,1,0,0,1,0,0,0,14,,40,11,38,0,0,4,1,1,1,0,0,0,0,0,0,1,0
1906,1,0,0,1,0,0,0,15,9,35,11,19,0,0,4,1,1,1,0,0,0,0,0,1,1,0
1909,1,0,0,1,0,0,0,17,,,,56,0,0,1,1,0,0,0,0,0,1,1,0,1,0
1910,1,0,0,1,0,0,1,13,3,47,,52,0,0,4,1,1,0,0,0,0,0,0,1,1,0
1912,1,0,0,1,0,0,1,18,,,6,46,1,1,5,1,1,1,0,0,0,0,0,0,1,0
1914,1,0,0,1,0,1,0,15,11,29,,50,0,0,4,1,1,1,1,0,0,0,0,0,1,1
1915,1,0,0,1,0,1,0,15,2,32,5,33,0,0,4,1,1,1,1,0,0,0,0,0,1,1
1917,1,0,0,1,0,0,1,14,,56,,60,0,0,4,1,1,1,0,0,0,0,0,1,1,0
1918,1,0,0,1,0,1,1,16,7,41,5,44,0,0,4,1,1,1,1,0,0,0,0,0,1,1
1919,1,0,0,1,0,0,1,17,7,44,,,0,0,1,0,0,0,0,0,0,0,0,1,1,0
1920,1,0,0,1,0,1,1,15,,56,,52,0,0,4,1,1,1,0,0,0,0,0,1,1,1
1922,1,0,0,1,0,0,0,15,8,39,5,40,0,0,4,1,1,0,0,0,0,0,0,1,1,1
1926,1,0,0,1,0,0,0,17,,33,,45,1,0,4,1,1,1,0,0,0,0,0,0,1,0
1933,1,0,0,1,0,0,1,14,5,32,7,34,1,0,4,1,1,1,0,0,0,0,0,0,1,0
1935,1,0,0,1,0,1,1,15,5,55,7,58,0,0,4,1,1,1,0,0,0,0,0,0,1,1
1936,1,0,0,1,0,0,0,15,6,47,3,67,1,0,4,1,1,1,0,0,0,0,0,0,1,0
1937,1,0,0,1,0,1,0,15,5,38,5,42,0,0,4,1,1,1,1,0,0,0,0,1,1,1
1940,1,0,0,1,0,1,1,14,9,36,5,42,0,0,4,1,1,1,1,0,0,0,0,0,1,1
1941,1,0,0,1,0,1,0,14,8,41,5,44,0,0,4,1,1,1,0,0,0,0,0,1,1,1
1945,1,0,0,1,0,1,1,14,5,37,4,38,0,1,4,1,1,0,0,0,0,0,0,1,1,1
1951,1,0,0,1,0,0,1,15,11,36,5,39,0,0,4,1,1,1,0,0,0,0,0,0,1,0
1955,1,0,0,1,0,1,1,15,1,46,3,44,0,0,4,1,1,1,1,0,0,0,0,0,1,1
1958,1,0,0,1,0,0,1,16,9,50,9,47,1,0,4,1,1,0,0,7,1,0,0,0,1,0
1960,1,0,0,1,0,0,0,14,8,37,,,0,1,5,1,1,1,0,0,0,0,0,1,1,0
1961,1,0,0,1,0,1,1,14,3,45,2,48,0,0,4,1,1,1,1,0,0,0,0,0,1,1
1962,1,0,0,1,0,0,0,15,,,5,42,0,0,4,1,1,1,0,0,0,0,0,0,1,0
1968,1,0,0,1,0,0,1,13,1,40,3,39,1,0,4,1,1,1,0,0,0,0,0,0,1,0
1970,1,0,0,1,0,0,0,14,5,54,5,67,0,,1,1,1,1,0,0,0,0,0,1,1,0
1971,1,0,0,1,0,0,0,15,5,53,5,49,0,0,4,1,1,1,0,0,0,0,0,0,1,0
1972,1,0,0,1,0,1,0,15,5,35,5,37,0,0,4,1,1,1,1,0,0,0,0,0,1,1
1973,1,0,0,1,0,1,1,15,11,35,,,1,0,4,1,1,1,0,40,1,0,0,0,1,1
1974,1,0,0,1,0,1,0,16,7,40,3,49,1,0,4,1,1,1,1,0,0,0,0,1,1,1
1976,1,0,0,1,0,0,1,14,7,33,9,37,1,0,4,1,1,1,0,0,0,0,0,0,1,0
1979,1,0,0,1,0,1,0,14,5,37,,,0,0,4,1,1,1,1,0,0,0,0,1,1,1
1982,1,0,0,1,0,0,0,14,5,35,,,0,1,4,1,1,0,0,8,1,0,0,0,1,0
1983,1,0,0,1,0,1,1,14,6,47,6,46,0,0,4,1,1,0,0,0,0,0,0,0,1,1
1985,1,0,0,1,0,0,1,14,7,41,6,41,0,0,5,1,1,1,0,0,0,0,0,0,1,0
1990,1,0,0,1,0,1,1,17,5,54,5,60,0,0,1,1,0,0,0,40,1,0,0,0,1,1
1998,1,0,0,1,0,0,0,15,11,34,5,40,0,0,4,1,1,1,0,4,0,0,0,0,1,0
1999,1,0,0,1,0,0,0,14,9,97,3,38,0,0,4,1,1,1,0,0,0,0,0,0,1,0
2000,1,0,0,1,0,1,0,14,6,39,0,36,0,0,4,1,1,1,1,0,0,0,0,1,1,1
2002,1,0,0,1,0,1,0,16,5,55,5,47,0,0,4,1,1,1,1,0,0,0,0,1,1,1
2003,1,0,0,1,0,0,0,14,2,42,0,52,1,0,4,1,1,1,0,0,0,0,0,0,1,0
2004,1,0,0,1,0,0,1,14,11,39,11,39,0,0,4,1,1,1,1,0,0,0,0,0,1,0
2006,1,0,0,1,0,0,0,14,5,40,7,41,1,0,4,1,1,1,0,0,0,0,0,1,1,0
2009,1,0,0,1,0,1,1,15,5,35,4,34,0,1,3,1,0,0,0,32,1,0,0,0,1,1
2011,1,0,0,1,0,1,0,15,3,49,11,64,1,0,4,1,1,0,0,0,0,1,1,0,1,1
2012,1,0,0,1,0,0,1,14,3,46,5,36,1,0,4,1,1,1,0,0,0,0,0,0,1,0
2015,1,0,0,1,0,0,1,14,10,38,,,0,0,4,1,1,1,0,0,0,0,0,0,1,0
2016,1,0,0,1,0,0,0,15,5,38,3,36,0,0,3,1,1,1,0,0,0,0,0,0,1,0
2019,1,0,0,1,0,1,0,14,9,40,6,44,0,0,4,1,1,1,1,0,0,0,0,0,1,1
2021,1,0,0,1,0,1,1,17,5,39,7,44,0,0,4,1,1,1,0,36,1,0,0,0,1,1
2022,1,0,0,1,0,0,0,16,5,39,3,41,0,0,4,1,1,1,0,0,0,0,0,0,1,0
2024,1,0,0,1,0,1,0,14,3,52,3,58,0,1,4,1,1,0,0,0,0,0,0,0,1,1
2027,1,0,0,1,0,1,0,15,,,8,45,1,0,4,1,1,1,1,0,0,0,0,0,1,1
2031,1,0,0,1,0,0,0,17,1,40,5,45,1,0,4,1,1,1,0,0,0,0,1,0,1,1
2032,1,0,0,1,0,1,0,13,11,28,11,42,0,0,4,1,1,0,0,0,0,0,0,0,1,1
2033,1,0,0,1,0,1,1,15,4,37,,41,0,1,5,1,1,0,0,20,1,0,0,1,1,1
2035,1,0,0,1,0,0,0,15,5,33,5,34,1,0,4,1,1,1,0,0,0,0,0,1,1,0
2039,1,0,0,1,0,1,1,14,5,49,,,0,0,4,1,1,1,1,0,0,0,0,1,1,1
2043,1,0,0,1,0,1,0,16,5,35,10,40,0,0,4,1,1,1,0,9,1,0,0,0,1,1
2044,1,0,0,1,0,0,0,14,,49,,,0,0,4,1,1,1,0,0,0,0,0,0,1,0
2045,1,0,0,1,0,0,0,14,5,49,6,49,0,0,4,1,1,1,0,0,0,0,0,0,1,0
2047,1,0,0,1,0,0,1,18,,,,,0,0,3,1,1,0,0,40,1,0,0,0,1,0
2048,1,0,0,1,0,1,0,14,2,40,9,47,0,0,4,1,1,1,1,0,0,0,0,0,1,1
2049,1,0,0,1,0,0,1,16,,38,,35,0,0,2,1,0,0,0,40,1,0,0,0,1,0
2051,1,0,0,1,0,0,1,18,5,40,5,54,0,1,4,1,1,0,0,0,0,0,0,0,1,0
2054,1,0,0,1,0,0,1,16,5,36,5,35,0,0,4,1,1,0,0,0,0,0,0,0,1,0
2055,1,0,0,1,0,0,0,15,,39,,42,0,1,4,1,1,0,0,0,0,0,0,0,1,0
2056,1,0,0,1,0,1,1,14,6,34,6,42,0,0,4,1,1,0,0,0,0,0,0,0,1,1
2057,1,0,0,1,0,1,1,17,0,39,0,39,0,0,4,1,1,1,0,0,0,0,0,1,1,1
2058,1,0,0,1,0,0,0,14,,35,,,0,0,4,1,1,1,0,0,0,0,0,0,1,0
2060,1,0,0,1,0,0,1,17,,42,,50,1,0,3,1,1,0,0,40,1,0,1,0,1,0
2064,1,0,0,1,0,1,1,14,11,40,11,44,0,0,4,1,1,0,0,0,0,0,0,0,1,1
2067,1,0,0,1,0,1,0,17,5,40,6,42,0,0,4,1,1,1,0,0,0,0,1,0,1,1
2068,1,0,0,1,0,0,1,14,3,35,4,40,0,0,4,1,1,1,0,32,1,0,0,1,1,0
2070,1,0,0,1,0,0,1,17,5,60,,,0,0,4,1,1,1,0,0,1,0,0,0,1,1
2071,1,0,0,1,0,0,1,15,,46,,56,0,0,4,1,1,0,0,0,0,0,0,1,1,0
2072,1,0,0,1,0,1,1,14,0,55,2,54,0,0,4,1,1,0,0,0,0,0,0,0,1,1
2073,1,0,0,1,0,1,0,16,11,44,,,0,0,4,1,1,1,1,0,0,0,0,1,1,1
2074,1,0,0,1,0,1,1,14,5,48,5,40,0,0,3,1,0,0,0,0,0,0,0,0,1,1
2077,1,0,0,1,0,0,1,16,5,37,5,44,0,1,5,1,1,1,0,0,0,0,0,0,1,0
2078,1,0,0,1,0,0,1,15,0,35,3,37,0,1,3,0,0,0,0,40,1,0,0,0,1,0
2079,1,0,0,1,0,1,0,16,6,33,6,36,0,0,4,1,1,1,1,0,0,0,0,0,1,1
2081,1,0,0,1,0,1,1,12,7,35,8,38,0,0,1,1,0,0,0,0,0,0,0,1,1,1
2084,1,0,0,1,0,1,1,16,9,35,11,36,0,0,4,1,1,1,1,0,0,0,0,0,1,1
2089,1,0,0,1,0,1,0,14,11,37,8,37,0,0,4,1,1,1,1,0,0,0,0,1,1,1
2091,1,0,0,1,0,0,0,13,,42,,41,0,0,4,1,1,1,0,0,0,0,0,0,1,0
2093,1,0,0,1,0,1,1,17,5,37,3,48,0,1,2,1,0,0,0,0,0,0,0,0,1,1
2094,1,0,0,1,0,0,0,14,,41,,45,0,1,4,1,1,0,0,0,0,0,0,0,1,0
2096,1,0,0,1,0,1,1,15,1,37,3,37,1,0,3,1,1,0,0,0,0,0,0,0,1,1
2097,1,0,0,1,0,0,1,15,6,35,5,39,0,,1,1,1,1,0,0,0,0,0,1,1,0
2098,1,0,0,1,0,0,0,16,11,35,11,42,1,0,4,1,1,1,0,0,0,0,0,0,1,0
2101,1,0,0,1,0,1,0,14,11,46,8,48,0,0,4,1,1,1,1,0,0,0,0,0,1,1
2105,1,0,0,1,0,0,1,15,5,49,5,,0,0,4,1,1,1,0,0,0,0,0,0,1,0
2108,1,0,0,1,0,1,0,14,7,41,8,40,0,0,4,1,1,1,1,0,0,0,0,0,1,1
2112,1,0,0,1,0,0,1,15,5,34,7,37,0,0,4,1,1,1,1,0,0,0,0,0,1,0
2113,1,0,0,1,0,1,1,15,5,35,6,39,0,0,4,1,1,1,1,0,0,0,0,1,1,1
2116,1,0,0,1,0,0,1,14,5,32,3,40,0,1,4,1,0,0,0,0,0,0,0,0,1,0
2119,1,0,0,1,0,0,1,14,4,39,,,0,0,4,1,1,1,0,0,0,0,0,0,1,0
2122,1,0,0,1,0,0,1,15,10,37,6,45,0,0,4,1,1,1,0,0,0,0,0,0,1,0
2123,1,0,0,1,0,0,0,17,5,48,4,54,0,0,4,1,1,1,0,0,0,0,0,0,1,0
2126,1,0,0,1,0,0,0,17,5,43,,,0,0,4,1,1,1,0,0,0,0,0,0,1,0
2133,1,0,0,1,0,0,1,14,5,42,,,1,0,4,1,1,1,0,8,1,0,0,0,1,0
2134,1,0,0,1,0,0,0,16,0,49,,,0,0,4,1,1,1,0,0,0,0,0,0,1,0
2135,1,0,0,1,0,0,0,16,5,41,3,52,0,1,3,1,0,0,1,0,0,0,0,0,1,0
2140,1,0,0,1,0,0,0,15,6,39,1,50,0,0,4,1,1,1,0,0,0,0,0,1,1,0
2150,1,0,0,1,0,1,0,14,11,40,,46,0,0,4,1,1,0,0,0,0,0,0,1,1,1
2153,1,0,0,1,0,0,0,15,6,42,6,45,1,1,3,0,0,0,0,40,1,0,0,0,1,0
2157,1,0,0,1,0,1,0,15,5,40,5,50,0,0,4,1,1,1,1,0,0,0,0,0,1,1
2161,1,0,0,1,0,0,0,15,9,45,11,42,0,0,4,1,1,1,0,0,0,0,0,0,1,0
2168,1,0,0,1,0,0,1,15,5,44,5,51,0,0,1,0,0,0,0,40,1,0,0,0,1,0
2173,1,0,0,1,0,0,0,17,5,34,9,34,0,0,3,0,0,0,0,40,1,0,0,0,1,0
2176,1,0,0,1,0,0,0,14,5,39,5,,0,0,4,1,1,0,0,40,1,0,0,0,1,0
2178,1,0,0,1,0,0,0,15,3,38,11,35,0,0,3,1,0,0,0,0,1,0,0,0,1,0
2179,1,0,0,1,0,1,1,16,,36,,,0,0,4,1,1,1,1,0,0,0,0,0,1,0
2180,1,0,0,1,0,0,0,15,2,52,2,53,0,1,5,1,1,1,0,0,0,0,0,0,1,0
2183,1,0,0,1,0,0,1,17,5,50,2,60,0,1,2,1,0,0,0,0,1,0,0,1,1,0
2184,1,0,0,1,0,1,1,15,5,44,7,43,0,0,4,1,1,1,1,0,0,0,0,1,1,1
2185,1,0,0,1,0,0,1,14,8,42,5,38,0,0,4,1,1,1,0,0,0,0,0,0,1,0
2190,1,0,0,1,0,0,1,16,5,45,5,50,0,1,4,1,1,0,0,40,1,0,0,0,1,0
2193,1,0,0,1,0,1,0,15,,,,,0,0,4,1,1,1,1,0,0,0,0,0,1,0
2195,1,0,0,1,0,1,0,15,6,40,7,47,0,1,5,1,1,1,0,0,0,0,0,0,1,1
2201,1,0,0,1,0,0,0,17,,,,,0,1,4,1,1,1,0,0,0,0,0,0,1,1
2203,1,0,0,1,0,0,1,16,5,50,,,0,0,3,1,1,1,0,0,0,0,0,1,1,0
2208,1,0,0,1,0,0,1,15,5,54,7,58,0,0,1,0,0,0,0,40,1,0,0,0,1,0
2214,1,0,0,1,0,0,0,16,8,40,,,0,0,4,1,1,1,0,0,0,0,0,0,1,1
2217,1,0,0,1,0,0,0,14,7,36,5,40,0,0,4,1,1,0,0,0,0,0,0,1,1,0
2219,1,0,0,1,0,1,1,16,10,42,5,47,0,0,4,1,1,1,1,0,0,0,0,1,1,1
2222,1,0,0,1,0,0,0,17,3,67,,51,0,0,2,1,1,0,0,40,1,0,0,0,1,0
2229,1,0,0,1,0,0,1,14,6,38,3,36,0,0,4,1,1,1,1,0,0,0,0,1,1,0
2230,1,0,0,1,0,0,1,16,5,54,4,57,0,0,4,1,1,1,0,0,0,0,0,1,1,0
2231,1,0,0,1,0,1,0,16,4,39,5,40,0,0,4,1,1,1,1,0,0,0,0,1,1,0
2233,1,0,0,1,0,0,0,14,8,33,1,37,0,1,4,1,0,0,0,0,0,0,0,1,1,0
2234,1,0,0,1,0,0,1,18,7,46,11,52,0,0,3,1,1,0,0,40,1,0,0,0,1,0
2237,1,0,0,1,0,0,1,15,2,38,6,47,1,0,4,1,1,0,0,0,0,0,0,0,1,0
2238,1,0,0,1,0,0,0,15,6,38,,,1,0,4,1,1,1,0,0,0,0,0,0,1,1
2239,1,0,0,1,0,0,0,17,2,40,6,42,0,1,4,1,1,0,0,0,0,0,0,0,1,0
2240,1,0,0,1,0,0,1,14,5,46,5,52,0,0,4,1,1,1,0,0,0,0,0,1,1,0
2246,1,0,0,1,0,0,0,14,6,50,3,57,0,0,4,1,1,1,0,0,0,0,0,0,1,0
2255,1,0,0,1,0,0,0,16,2,37,3,43,0,0,3,1,1,1,0,40,1,0,0,0,1,0
2263,1,0,0,1,0,0,0,13,9,45,11,48,0,0,4,1,1,1,0,0,0,0,0,0,1,0
2272,1,0,0,1,0,0,0,16,1,41,3,50,0,1,5,1,1,1,0,25,1,0,0,0,1,0
2273,1,0,0,1,0,1,0,14,5,35,3,39,0,0,4,1,1,1,1,0,0,0,0,0,1,1
2280,1,0,0,1,0,0,1,15,5,42,5,42,0,0,4,1,1,0,0,0,0,0,0,0,1,1
2283,1,0,0,1,0,0,0,14,10,32,11,38,1,0,4,1,1,1,0,0,0,0,0,0,1,1
2285,1,0,0,1,0,0,1,15,11,35,,,1,0,4,1,1,1,0,0,0,0,0,0,1,1
2295,1,0,0,1,0,0,1,15,3,52,3,53,0,0,4,1,1,1,0,0,0,0,0,0,1,1
2301,1,0,0,1,0,0,1,14,5,35,8,41,1,0,4,1,1,1,0,0,0,0,0,0,1,1
2304,1,0,0,1,0,0,1,17,5,40,6,43,0,0,2,1,1,0,0,40,1,0,0,0,1,1
2307,1,0,0,1,0,0,1,14,11,42,11,42,0,0,4,1,1,1,0,0,0,0,0,0,1,1
2312,1,0,0,1,0,0,1,,,,,,1,,,,,,,,,,,0,1,1
2314,1,0,0,1,0,1,1,14,5,40,8,42,0,0,4,1,1,1,1,0,0,0,0,1,1,1
2323,1,0,0,1,0,0,0,17,1,42,,,0,2,6,1,1,1,0,0,0,0,0,0,1,1
2324,1,0,0,1,0,1,0,15,5,48,5,46,1,0,3,1,0,0,0,0,0,0,0,1,1,1
2332,1,0,0,1,0,0,0,14,9,38,,40,0,0,4,1,1,1,0,0,0,0,0,0,1,1
2335,1,0,0,1,0,0,0,17,7,40,,,0,0,1,0,0,0,0,25,1,0,1,1,1,1
2337,1,0,0,1,0,1,0,18,7,38,,,1,0,3,0,0,0,0,0,0,0,0,0,1,1
2338,1,0,0,1,0,0,0,15,3,42,3,48,0,1,4,1,1,0,0,0,0,0,0,0,1,1
2347,1,0,0,1,0,0,1,14,5,39,5,36,0,0,4,1,1,0,0,0,0,0,0,1,1,1
2348,1,0,0,1,0,1,1,15,4,45,11,50,0,1,2,1,0,0,0,40,1,0,0,0,1,1
2351,1,0,0,1,0,0,0,15,2,48,0,40,0,0,4,1,1,1,1,0,0,0,0,1,1,1
2361,1,0,0,1,0,1,1,14,8,29,11,43,1,0,4,1,1,1,1,0,0,0,0,0,1,1
2362,1,0,0,1,0,0,1,15,7,37,7,40,0,0,1,0,0,0,0,0,0,0,0,0,1,1
2377,1,0,0,1,0,0,1,15,3,45,11,47,0,0,4,1,1,1,0,0,0,0,0,1,1,1
2382,1,0,0,1,0,0,0,14,7,40,0,46,0,0,4,1,1,1,0,0,0,0,0,1,1,1
2385,1,0,0,1,0,1,1,16,3,32,6,32,0,0,4,1,1,1,1,0,1,0,0,0,1,1
2386,1,0,0,1,0,0,0,19,0,43,8,42,0,,0,0,0,0,0,0,0,0,1,0,1,1
2387,1,0,0,1,0,0,0,14,6,34,5,35,0,0,4,1,1,1,1,0,0,0,0,0,1,1
2397,1,0,0,1,0,0,1,14,5,47,3,37,0,1,4,1,1,0,0,0,0,0,0,0,1,1
2398,1,0,0,1,0,0,1,14,6,41,6,42,0,0,4,1,1,1,0,0,0,0,0,0,1,1
2399,1,0,0,1,0,1,0,16,1,43,5,44,0,0,4,1,1,0,0,0,0,0,0,1,1,1
2403,1,0,0,1,0,1,0,15,11,34,5,40,0,0,4,1,1,1,0,0,0,0,0,1,1,1
2407,1,0,0,1,0,1,1,14,7,40,11,40,0,0,4,1,1,1,0,0,0,0,0,1,1,1
2416,1,0,0,1,0,0,0,14,9,38,9,39,0,0,4,1,1,1,0,0,0,0,0,0,1,1
2418,1,0,0,1,0,0,0,16,,39,,,1,0,4,1,1,1,0,0,0,0,0,0,1,1
2422,1,0,0,1,0,0,0,15,5,40,5,50,0,0,4,1,1,1,0,0,0,0,0,0,1,1
2432,1,0,0,1,0,1,0,15,3,45,3,50,0,1,3,1,0,0,0,8,1,0,0,0,1,1
2433,1,0,0,1,0,0,0,14,11,39,11,53,0,0,4,1,1,1,0,0,0,0,0,0,1,1
2437,1,0,0,1,0,1,1,13,,36,,50,0,0,4,1,1,1,0,0,0,0,0,1,1,0
2438,1,0,0,1,0,0,1,14,8,42,8,44,0,0,4,1,1,1,1,0,0,0,0,1,1,1
2440,1,0,0,1,0,1,1,14,8,36,8,40,0,0,4,1,1,1,1,0,0,0,0,0,1,1
2441,1,0,0,1,0,1,0,14,5,35,2,46,0,0,4,1,1,1,0,0,0,0,0,1,1,1
2445,1,0,0,1,0,1,0,13,11,34,4,44,0,0,4,1,1,1,1,0,0,0,0,0,1,1
2452,1,0,0,1,0,1,1,17,11,40,,,0,0,2,1,1,0,0,40,1,0,0,1,1,1
2455,1,0,0,1,0,0,1,18,,,,,0,0,0,0,0,0,0,0,0,0,1,0,1,1
2456,1,0,0,1,0,0,0,14,5,46,7,45,0,0,4,1,1,0,0,0,0,0,0,0,1,1
2458,1,0,0,1,0,1,1,14,5,32,5,33,0,0,4,1,1,1,0,0,0,0,0,0,1,1
2460,1,0,0,1,0,0,1,14,5,36,5,34,0,0,4,1,1,1,0,0,0,0,0,1,1,1
2461,1,0,0,1,0,1,0,17,5,44,0,56,1,0,3,1,1,1,0,0,0,0,1,0,1,1
2465,1,0,0,1,0,1,1,17,8,37,5,37,0,0,4,1,1,1,1,20,1,0,0,0,1,1
2470,1,0,0,1,0,0,1,16,0,40,5,57,0,2,4,0,0,0,0,0,0,0,0,0,1,1
2472,1,0,0,1,0,0,1,17,,,2,42,0,0,2,1,1,0,0,40,1,0,0,0,1,1
2473,1,0,0,1,0,0,0,14,5,30,5,38,0,0,4,1,1,1,0,0,0,0,0,0,1,1
2474,1,0,0,1,0,0,0,14,5,37,11,43,0,0,4,1,1,1,0,6,1,0,0,0,1,1
2478,1,0,0,1,0,0,0,15,2,59,5,60,0,1,4,1,1,0,0,0,0,0,0,0,1,1
2481,1,0,0,1,0,1,1,14,11,38,11,40,0,0,4,1,1,1,1,0,0,0,0,0,1,1
2484,1,0,0,1,0,1,1,15,10,33,9,48,0,0,4,1,1,1,1,0,0,0,0,1,1,1
2493,1,0,0,1,0,1,1,16,5,46,5,63,0,1,2,0,0,0,0,40,1,0,0,0,1,1
2497,1,0,0,1,0,0,1,15,6,40,5,52,0,0,1,0,0,0,0,0,0,0,0,0,1,1
2503,1,0,0,1,0,0,1,15,5,40,5,32,0,2,3,0,0,0,0,0,0,0,0,0,1,1
2508,1,0,0,1,0,1,1,17,8,38,9,37,0,0,1,1,0,0,0,0,0,0,0,0,1,1
2510,1,0,0,1,0,0,0,15,7,38,,,0,1,4,1,1,0,0,0,0,0,0,0,1,1
2512,1,0,0,1,0,0,0,14,11,45,7,47,0,1,5,1,1,1,0,0,0,0,0,0,1,1
2515,1,0,0,1,0,0,0,16,6,46,5,48,0,1,3,1,0,0,0,0,1,0,0,1,1,1
2520,1,0,0,1,0,1,1,16,9,39,5,44,0,0,4,1,1,1,1,0,0,0,0,0,1,1
2522,1,0,0,1,0,0,0,17,9,33,,,0,1,2,1,1,0,0,0,0,0,0,0,1,1
2526,1,0,0,1,0,1,0,14,7,35,5,39,0,2,3,0,0,0,0,0,0,0,0,0,1,1
2534,1,0,0,1,0,0,0,17,5,51,,,0,0,5,1,1,1,0,0,0,0,1,0,1,1
2535,1,0,0,1,0,0,1,14,5,35,6,35,0,0,4,1,1,0,0,0,0,0,0,0,1,1
2536,1,0,0,1,0,0,0,15,5,35,6,39,0,1,4,1,1,0,0,0,0,0,0,0,1,1
2541,1,0,0,1,0,1,1,16,10,38,,41,0,0,2,1,1,0,0,40,1,0,0,0,1,1
2543,1,0,0,1,0,0,1,15,,38,,,0,0,4,1,1,1,0,0,0,0,0,0,1,1
2544,1,0,0,1,0,0,1,16,6,40,2,49,0,0,4,1,1,1,0,0,0,0,0,0,1,1
2553,1,0,0,1,0,0,0,14,11,37,11,43,0,0,4,1,1,1,0,0,0,0,0,0,1,1
2556,1,0,0,1,0,1,1,17,3,32,4,45,0,0,4,1,1,1,1,12,1,0,0,0,1,1
2559,1,0,0,1,0,0,1,17,5,35,7,36,0,0,4,1,1,1,0,0,0,0,0,0,1,1
2560,1,0,0,1,0,1,0,15,5,54,5,53,0,0,4,1,1,1,1,0,0,0,0,0,1,1
2561,1,0,0,1,0,0,1,15,,40,,,0,0,4,1,1,1,0,0,0,0,0,1,1,0
2564,1,0,0,1,0,1,1,14,7,48,9,57,0,0,4,1,1,1,0,0,0,0,0,1,1,1
2567,1,0,0,1,0,0,1,14,5,35,2,45,1,0,3,1,1,0,0,0,0,0,0,0,1,1
2570,1,0,0,1,0,0,1,16,,,,,0,0,4,1,1,0,0,0,0,0,0,0,1,1
2571,1,0,0,1,0,0,0,14,5,40,5,46,0,0,4,1,1,1,0,0,0,0,0,1,1,1
2585,1,0,0,1,0,1,1,16,6,37,1,45,0,0,4,1,1,1,1,8,1,0,0,0,1,1
2588,1,0,0,1,0,1,1,18,2,42,1,54,0,1,4,1,1,1,0,40,1,0,0,0,1,1
2590,1,0,0,1,0,0,0,15,3,53,0,74,0,0,4,1,1,1,0,0,0,0,0,0,1,1
2597,1,0,0,1,0,0,1,14,5,39,9,39,0,0,3,1,0,0,0,0,0,0,0,0,1,1
2601,1,0,0,1,0,1,1,16,8,31,5,40,0,0,4,1,1,1,1,0,0,0,0,1,1,1
2603,1,0,0,1,0,1,1,15,8,45,8,43,0,1,4,1,1,0,0,0,0,0,0,0,1,1
2608,1,0,0,1,0,0,1,13,3,43,,,0,0,4,1,1,1,0,0,0,0,0,0,1,1
2612,1,0,0,1,0,0,1,14,,,,,1,0,4,1,1,1,0,0,0,0,0,0,1,0
2622,1,0,0,1,0,1,0,15,5,50,5,53,1,0,4,1,1,1,1,0,0,0,0,0,1,1
2636,1,0,0,1,0,1,0,14,3,39,8,39,0,0,4,1,1,1,0,0,0,0,0,1,1,1
2639,1,0,0,1,0,0,1,17,8,36,5,34,0,0,4,1,1,1,0,0,0,0,0,1,1,1
2642,1,0,0,1,0,0,0,15,6,30,,,0,0,4,1,1,1,0,0,0,0,0,0,1,1
2650,1,0,0,1,0,0,1,16,9,36,3,40,0,0,4,1,1,1,0,0,0,0,0,0,1,1
2664,1,0,0,1,0,0,1,15,9,40,3,42,0,0,4,1,1,1,1,0,0,0,0,1,1,1
2667,1,0,0,1,0,1,1,15,,32,,42,0,2,4,0,0,0,0,0,0,0,0,1,1,0
2671,1,0,0,1,0,0,1,12,5,27,10,33,0,0,4,1,1,1,0,0,0,0,0,1,1,0
2679,1,0,0,1,0,1,1,14,5,36,,,0,0,4,1,1,1,1,0,0,0,0,0,1,1
2690,1,0,0,1,0,0,0,18,5,42,11,58,0,0,4,1,1,1,0,0,0,0,0,0,1,1
2695,1,0,0,1,0,1,0,16,5,36,,,1,0,3,1,0,0,0,0,0,0,0,0,1,1
2702,1,0,0,1,0,1,0,17,5,38,4,43,0,0,4,1,1,1,0,0,0,0,0,0,1,1
2708,1,0,0,1,0,1,1,15,5,42,,,0,1,4,1,1,1,0,0,0,0,0,0,1,1
2711,1,0,0,1,0,1,1,16,,,,,0,0,4,1,1,1,1,0,0,0,0,0,1,1
2714,1,0,0,1,0,1,1,14,3,43,0,56,0,1,3,1,0,0,0,0,0,0,0,0,1,1
2720,1,0,0,1,0,1,1,16,1,45,5,50,0,0,4,1,1,1,1,0,0,0,0,0,1,1
2729,1,0,0,1,0,1,0,14,3,53,4,55,0,0,4,1,1,1,1,0,0,0,0,0,1,1
2730,1,0,0,1,0,1,1,14,1,54,2,48,0,0,4,1,1,1,1,0,0,0,0,1,1,1
2732,1,0,0,1,0,0,1,14,3,40,5,40,0,0,4,1,1,1,0,0,0,0,0,0,1,1
2734,1,0,0,1,0,0,0,15,3,36,6,38,1,0,4,1,1,1,0,0,0,0,0,1,1,1
2752,1,0,0,1,0,0,1,17,5,65,,,1,1,5,1,1,1,0,0,0,0,0,0,1,1
2761,1,0,0,1,0,1,0,13,9,46,2,68,0,0,4,1,1,1,1,0,0,0,0,1,1,1
2766,1,0,0,1,0,1,1,15,7,,,53,0,0,4,1,1,1,1,0,0,0,0,0,1,1
2779,1,0,0,1,0,0,1,14,3,42,3,50,0,0,4,1,1,1,0,0,0,0,0,1,1,0
2785,1,0,0,1,0,1,0,16,,36,,,0,0,2,0,0,0,0,40,1,0,0,0,1,0
2786,1,0,0,1,0,1,0,16,5,39,5,47,0,0,3,1,1,0,0,0,0,0,0,0,1,1
2794,1,0,0,1,0,1,0,16,6,37,,,0,0,4,1,1,0,0,10,1,0,0,0,1,1
2815,1,0,0,1,0,0,1,15,6,40,10,41,0,,,,,,,,,,,0,1,1
2818,1,0,0,1,0,1,1,14,11,50,,49,1,1,4,1,1,0,0,0,0,0,0,0,1,1
2821,1,0,0,1,0,1,0,16,2,52,5,48,0,0,4,1,1,1,0,0,0,0,0,0,1,1
2828,1,0,0,1,0,1,0,15,5,32,5,38,0,1,4,1,1,1,0,0,0,0,0,0,1,1
2834,1,0,0,1,0,1,1,13,11,38,11,42,0,0,4,1,1,1,1,0,0,0,0,0,1,1
2837,1,0,0,1,0,1,1,15,5,45,8,41,0,0,4,1,1,1,1,0,0,0,0,1,1,1
2840,1,0,0,1,0,1,0,14,2,32,2,41,0,0,4,1,1,1,1,0,0,0,0,0,1,1
2860,1,0,0,1,0,0,0,16,7,39,8,49,0,0,2,1,1,0,0,40,1,0,0,0,1,1
2870,1,0,0,1,0,1,1,17,5,50,5,36,0,0,1,0,0,0,0,0,0,0,0,0,1,1
2884,1,0,0,1,0,1,1,18,,38,,,1,0,3,1,1,1,0,0,0,0,0,1,1,0
2887,1,0,0,1,0,1,1,14,5,46,5,39,1,0,4,1,1,1,0,0,0,0,0,0,1,1
2888,1,0,0,1,0,1,1,13,8,41,5,51,1,1,4,1,1,0,0,0,0,0,0,0,1,0
2893,1,0,0,1,0,0,1,15,6,33,,,0,1,4,1,1,0,0,0,0,0,0,0,1,1
2914,1,0,0,1,0,1,0,15,,,,,0,0,4,1,1,1,1,0,0,0,0,0,1,1
2917,1,0,0,1,0,0,1,13,6,30,,40,0,0,2,1,0,0,0,0,0,0,0,0,1,1
2918,1,0,0,1,0,1,0,13,5,45,7,43,1,0,3,1,1,1,0,30,1,0,0,0,1,1
2921,1,0,0,1,0,1,1,16,8,39,7,45,0,2,5,1,1,0,0,0,0,0,0,0,1,1
2923,1,0,0,1,0,0,0,14,5,38,8,39,0,1,4,1,1,0,0,0,0,0,0,0,1,1
2933,1,0,0,1,0,0,0,14,3,45,4,50,0,0,4,1,1,1,0,0,0,0,0,0,1,1
2938,1,0,0,1,0,1,0,16,5,51,3,51,0,0,4,1,1,1,1,0,0,0,0,1,1,1
2944,1,0,0,1,0,1,1,15,6,58,2,56,0,0,4,1,1,1,1,0,0,0,0,1,1,1
2973,1,0,0,1,0,1,1,14,5,40,11,44,0,0,4,1,1,1,1,0,0,0,0,0,1,1
2984,1,0,0,1,0,0,1,17,7,56,4,51,0,1,2,1,0,0,0,6,1,0,0,0,1,1
3010,1,0,0,1,0,0,0,15,7,35,7,41,0,0,6,1,1,1,0,0,0,0,0,1,1,1
3045,1,0,0,1,0,0,1,15,,48,,55,0,0,4,1,1,0,0,40,1,0,0,0,1,0
3055,1,0,0,1,0,1,1,15,,38,,,1,0,3,1,1,1,0,0,0,0,0,1,1,0
3075,1,0,0,1,0,0,1,18,5,42,5,38,0,0,4,1,1,1,0,40,1,0,0,0,1,1
3077,1,0,0,1,0,0,1,17,5,42,2,45,0,0,4,1,1,1,1,40,1,0,0,1,1,1
3117,1,0,0,1,0,0,0,16,11,36,11,45,0,0,4,1,1,1,0,0,0,0,0,0,1,1
3142,1,0,0,1,0,0,0,14,9,53,11,51,0,0,4,1,1,1,0,0,0,0,0,0,1,1
3147,1,0,0,1,0,0,0,16,3,45,4,61,0,0,1,0,0,0,0,0,0,0,1,0,1,1
3156,1,0,0,1,0,0,0,16,9,33,,,0,0,1,1,0,0,0,40,1,0,0,0,1,1
3165,1,0,0,1,0,0,1,15,,,,,0,,0,1,1,1,0,0,0,0,0,0,1,1
3203,1,0,0,1,0,0,0,14,3,39,3,35,1,0,4,1,1,1,1,0,0,0,0,0,1,1
3247,1,0,0,1,0,0,1,15,,38,0,51,0,0,4,1,1,0,0,0,0,0,0,0,1,1
3272,1,0,0,1,0,0,1,18,4,39,,,0,1,2,1,0,0,0,0,0,0,0,1,1,1
3300,1,0,0,1,0,0,1,15,2,42,3,56,1,0,4,1,1,1,0,30,1,0,0,1,1,0
3303,1,0,0,1,0,0,0,14,5,37,5,44,0,0,4,1,1,1,0,0,0,0,0,1,1,1
3347,1,0,0,1,0,0,1,15,3,34,2,39,0,0,5,1,1,1,0,0,0,0,0,0,1,1
3373,1,0,0,1,0,0,0,15,6,45,11,50,0,0,4,1,1,1,0,0,0,0,0,0,1,1
3432,1,0,0,1,0,0,1,14,3,40,5,52,0,0,4,1,1,1,0,0,0,0,0,0,1,1
3438,1,0,0,1,0,1,1,13,10,33,5,40,1,0,4,1,1,1,1,0,0,0,0,0,1,0
3459,1,0,0,1,0,0,1,15,7,45,,44,0,0,4,1,1,1,1,0,0,0,0,1,1,1
3558,1,0,0,1,0,1,1,15,7,39,5,44,0,0,4,1,1,1,0,0,0,0,0,1,1,0
3567,1,0,0,1,0,0,0,18,,,,,1,0,4,1,1,1,0,0,0,0,0,0,1,1
3581,1,0,0,1,0,1,0,16,5,38,5,39,1,0,4,1,1,1,1,16,1,0,0,0,1,0
3585,1,0,0,1,0,0,0,16,7,42,,,0,0,3,1,1,1,0,0,0,0,0,0,1,1
3586,1,0,0,1,0,0,0,17,8,42,11,40,0,0,2,1,1,0,0,0,0,0,0,0,1,1
3597,1,0,0,1,0,0,1,13,11,40,8,42,0,0,4,1,1,1,0,0,0,0,0,1,1,1
3649,1,0,0,1,0,1,0,15,3,45,5,39,1,1,3,1,0,0,0,0,0,0,0,0,1,1
3682,1,0,0,1,0,0,0,14,5,36,6,36,0,0,4,1,1,1,0,0,0,0,0,0,1,1
3683,1,0,0,1,0,0,0,16,,60,,,0,1,3,1,0,0,0,20,1,0,0,0,1,0
3736,1,0,0,1,0,0,1,,,,,,1,,,,,,,,,,,0,1,0
3758,1,0,0,1,0,0,0,16,,,3,50,0,0,4,1,1,1,0,0,0,0,0,0,1,1
3776,1,0,0,1,0,0,1,15,9,35,,,0,0,4,1,1,1,0,0,0,0,0,0,1,1
3781,1,0,0,1,0,0,1,18,5,37,5,41,0,1,6,1,1,1,0,0,0,0,0,0,1,1
3793,1,0,0,1,0,1,0,15,7,33,,33,0,0,4,1,1,1,1,0,0,0,0,1,1,0
3813,1,0,0,1,0,0,1,13,10,37,8,41,0,0,4,1,1,1,0,0,0,0,0,1,1,0
3819,1,0,0,1,0,0,0,18,6,46,,46,0,1,5,1,1,1,0,0,0,0,0,0,1,1
3820,1,0,0,1,0,0,1,14,4,35,4,37,0,0,4,1,1,1,0,0,0,0,0,0,1,0
3824,1,0,0,1,0,0,0,14,5,40,8,38,1,0,4,1,1,1,0,0,0,0,0,1,1,1
3838,1,0,0,1,0,0,0,15,,,,32,1,0,4,1,1,0,0,0,0,0,0,1,1,1
3860,1,0,0,1,0,0,0,14,7,33,4,40,0,0,4,1,1,1,0,0,0,0,0,0,1,1
3867,1,0,0,1,0,0,1,15,,,6,45,0,2,4,1,0,0,0,40,1,0,0,1,1,1
3891,1,0,0,1,0,0,1,14,11,33,5,39,0,1,4,1,1,0,0,4,1,0,0,0,1,1
3897,1,0,0,1,0,0,1,15,5,38,6,46,0,0,4,1,1,0,0,0,0,0,0,0,1,1
3902,1,0,0,1,0,0,0,17,6,37,7,37,0,0,4,1,1,1,0,0,0,0,0,0,1,1
3945,1,0,0,1,0,0,0,18,,,3,43,1,0,3,1,1,1,0,0,0,0,0,0,1,1
3959,1,0,0,1,0,0,1,,,,,,1,,,,,,,,,,,0,1,0
3997,1,0,0,1,0,1,0,16,4,38,,,1,0,1,1,0,0,0,0,0,1,1,0,1,0
4006,1,0,0,1,0,1,0,14,,52,,,0,0,4,1,1,1,1,0,0,0,0,1,1,0
4022,1,0,0,1,0,0,0,16,5,48,2,58,0,0,4,1,1,1,0,0,0,0,0,0,1,1
4023,1,0,0,1,0,0,0,16,7,52,7,52,0,0,4,1,1,1,0,0,0,0,0,0,1,1
4030,1,0,0,1,0,0,1,14,9,38,6,39,0,0,4,1,1,1,0,0,0,0,0,1,1,1
20396,0,1,1,0,0,1,1,17,,,,,0,0,6,1,1,1,0,0,0,0,0,0,1,1
20398,0,1,1,0,0,1,1,17,5,39,,,0,0,6,1,1,1,1,8,1,0,0,0,1,1
20399,0,1,1,0,0,1,1,17,,41,,,1,0,6,1,1,1,0,16,1,0,0,0,1,1
20401,0,1,1,0,0,0,1,17,3,45,,,1,0,6,1,1,1,0,0,0,0,0,0,1,1
20402,0,1,1,0,0,0,0,19,,,5,43,0,0,6,1,1,1,0,0,0,0,0,0,1,1
20404,0,1,1,0,0,1,1,18,5,34,5,40,0,0,2,1,1,0,0,40,1,0,0,0,1,1
20405,0,1,1,0,0,1,1,19,9,43,7,45,0,0,6,1,1,1,1,0,0,0,0,0,1,1
20407,0,1,1,0,0,0,0,16,5,42,5,52,0,0,6,1,1,1,0,0,0,0,0,0,1,1
20408,0,1,1,0,0,0,1,16,5,52,5,46,0,0,6,1,1,1,0,16,1,0,0,0,1,1
20410,0,1,1,0,0,1,1,15,7,34,,,1,0,6,1,1,1,1,0,0,0,0,0,1,1
20411,0,1,1,0,0,1,0,15,8,39,5,41,0,0,6,1,1,1,1,0,0,0,0,0,1,1
20412,0,1,1,0,0,1,0,19,3,48,5,49,0,0,4,1,1,1,0,8,1,0,0,0,1,1
20413,0,1,1,0,0,1,0,14,8,50,8,42,0,0,6,1,1,1,1,0,0,0,0,0,1,1
20414,0,1,1,0,0,0,1,15,,,,,0,0,6,1,1,1,0,10,1,0,0,0,1,1
20416,0,1,1,0,0,0,1,19,2,54,3,58,0,0,6,1,1,1,0,0,0,0,0,0,1,1
20417,0,1,1,0,0,0,1,20,,,,,0,0,1,1,0,0,0,0,0,0,0,0,1,1
20418,0,1,1,0,0,0,0,16,7,34,5,38,0,1,5,1,1,1,0,0,0,0,0,0,1,1
20419,0,1,1,0,0,1,0,17,9,38,,,0,0,6,1,1,1,1,0,0,0,0,0,1,1
20420,0,1,1,0,0,1,0,17,5,35,5,43,0,0,3,1,1,1,0,0,0,1,1,0,1,1
20421,0,1,1,0,0,0,1,17,5,38,4,42,0,1,5,1,1,1,0,0,0,0,0,0,1,1
20422,0,1,1,0,0,1,0,18,,,,,0,1,6,1,1,1,0,0,0,0,0,0,1,1
20423,0,1,1,0,0,0,1,17,5,45,,,0,0,6,1,1,1,0,28,1,0,0,0,1,1
20424,0,1,1,0,0,0,0,16,1,47,7,47,0,0,6,1,1,1,0,0,0,0,0,0,1,1
20429,0,1,1,0,0,0,1,18,5,48,5,49,0,0,5,0,0,0,0,40,1,0,0,0,1,1
20434,0,1,1,0,0,0,0,16,9,38,8,42,0,0,6,1,1,1,0,0,0,0,0,0,1,1
20435,0,1,1,0,0,1,0,18,1,47,,,0,0,6,1,1,1,1,0,0,0,0,0,1,1
20437,0,1,1,0,0,0,0,17,,,,,0,0,4,1,1,1,0,0,0,1,1,0,1,1
20438,0,1,1,0,0,1,1,18,5,45,3,46,0,0,6,1,1,1,1,0,0,0,0,0,1,1
20439,0,1,1,0,0,0,1,15,7,40,5,40,0,1,6,1,1,1,0,0,0,0,0,0,1,1
20443,0,1,1,0,0,0,0,18,5,43,5,47,0,1,6,1,1,1,0,0,0,0,0,0,1,1
20444,0,1,1,0,0,1,1,15,10,39,10,45,0,0,6,1,1,1,0,40,1,0,0,0,1,1
20445,0,1,1,0,0,0,1,19,5,43,3,41,0,1,2,0,0,0,0,40,1,0,0,0,1,1
20448,0,1,1,0,0,1,0,15,5,35,7,37,0,0,6,1,1,1,1,0,0,0,0,0,1,1
20451,0,1,1,0,0,1,0,18,2,47,3,50,0,0,6,1,1,1,1,0,0,0,0,0,1,1
20454,0,1,1,0,0,1,1,17,,,,,1,0,4,1,1,0,0,0,0,0,0,0,1,1
20455,0,1,1,0,0,1,1,17,6,37,8,50,0,1,6,1,1,0,0,0,0,0,0,0,1,1
20460,0,1,1,0,0,1,0,16,6,36,,,0,0,6,1,1,1,1,0,0,0,0,0,1,1
20461,0,1,1,0,0,0,0,18,2,46,4,55,1,0,6,1,1,1,0,8,1,0,0,0,1,1
20462,0,1,1,0,0,1,0,16,2,54,3,58,0,0,6,1,1,1,0,28,1,0,0,0,1,1
20465,0,1,1,0,0,1,1,20,6,41,,,0,0,1,0,0,0,0,0,0,0,0,0,1,1
20471,0,1,1,0,0,1,0,16,11,37,5,38,0,0,6,1,1,1,1,0,0,0,0,0,1,1
20472,0,1,1,0,0,1,0,15,6,41,3,47,0,0,6,1,1,1,1,0,0,0,0,0,1,1
20474,0,1,1,0,0,1,1,16,7,46,2,48,0,0,6,1,1,1,1,0,0,0,0,0,1,1
20475,0,1,1,0,0,0,0,14,5,38,11,45,0,0,6,1,1,1,0,0,0,0,0,0,1,1
20481,0,1,1,0,0,0,1,19,,,,,0,0,4,1,1,1,0,40,1,0,0,0,1,1
20482,0,1,1,0,0,0,1,19,4,48,2,42,0,0,5,1,1,1,0,0,0,0,0,0,1,1
20487,0,1,1,0,0,1,1,16,6,36,1,52,0,0,6,1,1,1,1,0,0,0,0,0,1,1
20488,0,1,1,0,0,1,1,19,,,2,41,0,0,2,1,1,0,0,0,1,0,0,0,1,1
20489,0,1,1,0,0,1,0,15,5,42,,,0,0,4,1,1,1,0,40,1,0,0,0,1,1
20490,0,1,1,0,0,0,0,19,5,43,,,0,0,4,1,1,1,0,40,1,0,0,0,1,1
20492,0,1,1,0,0,1,0,17,4,39,5,51,0,0,6,1,1,1,1,0,0,0,0,0,1,1
20493,0,1,1,0,0,1,1,16,7,35,,,0,1,6,1,1,1,0,0,0,0,0,0,1,1
20494,0,1,1,0,0,1,1,19,5,48,,,0,0,1,0,0,0,0,40,1,0,0,0,1,1
20497,0,1,1,0,0,1,1,18,3,55,3,69,0,0,6,1,1,1,0,0,0,0,0,0,1,1
20498,0,1,1,0,0,1,1,20,5,45,,,0,0,2,1,1,0,0,0,0,0,0,0,1,1
20499,0,1,1,0,0,0,1,15,2,34,5,38,0,0,6,1,1,1,0,0,0,0,0,0,1,1
20500,0,1,1,0,0,1,0,14,,,11,40,0,0,5,1,1,1,0,0,0,0,0,0,1,1
20502,0,1,1,0,0,0,1,17,,,,,0,1,6,1,1,1,0,0,0,0,0,0,1,1
20504,0,1,1,0,0,1,0,16,4,38,4,42,0,0,6,1,1,1,0,0,0,0,0,0,1,1
20506,0,1,1,0,0,0,0,20,7,43,9,43,0,0,4,1,1,1,0,0,0,0,0,0,1,1
20507,0,1,1,0,0,1,0,16,7,42,11,42,0,0,6,1,1,1,1,0,0,0,0,0,1,1
20508,0,1,1,0,0,1,0,17,9,40,8,45,0,0,6,1,1,1,0,0,0,0,0,0,1,1
20509,0,1,1,0,0,1,0,17,6,36,,,0,0,3,1,1,0,0,0,0,1,0,0,1,1
20510,0,1,1,0,0,0,0,17,5,48,2,52,0,0,6,1,1,1,0,0,0,0,0,0,1,1
20520,0,1,1,0,0,0,0,16,,,11,34,0,0,6,1,1,1,0,0,0,0,0,0,1,1
20524,0,1,1,0,0,1,1,16,2,36,5,35,0,0,6,1,1,1,0,40,1,0,0,0,1,1
20525,0,1,1,0,0,1,1,16,7,46,10,45,0,0,6,1,1,1,1,0,0,0,0,0,1,1
20527,0,1,1,0,0,1,0,16,1,46,0,41,0,0,5,1,1,1,0,0,0,0,0,0,1,1
20529,0,1,1,0,0,0,1,17,2,34,,,0,0,6,1,1,1,1,0,0,0,0,0,1,1
20530,0,1,1,0,0,0,0,17,7,34,,,0,0,6,1,1,1,0,0,0,0,0,0,1,1
20531,0,1,1,0,0,1,0,16,5,36,,,0,0,6,1,1,1,1,0,0,0,0,0,1,1
20533,0,1,1,0,0,1,0,15,10,40,6,44,0,0,6,1,1,1,1,0,0,0,0,0,1,1
20535,0,1,1,0,0,1,1,16,5,62,,,0,1,6,1,1,1,0,0,0,0,0,0,1,1
20539,0,1,1,0,0,1,0,14,11,34,11,37,0,0,6,0,0,0,1,0,0,0,0,0,1,1
20540,0,1,1,0,0,0,0,17,9,37,5,40,0,0,6,1,1,1,0,0,0,0,0,0,1,1
20545,0,1,1,0,0,0,1,17,5,48,5,66,0,0,6,1,1,1,0,40,1,0,0,0,1,1
20548,0,1,1,0,0,0,1,18,4,44,5,39,0,0,6,1,1,1,0,0,0,0,0,0,1,1
20549,0,1,1,0,0,1,0,20,5,38,5,59,0,0,3,1,1,1,0,0,1,0,1,0,1,1
20551,0,1,1,0,0,1,0,16,11,34,9,35,0,0,6,1,1,1,1,0,0,0,0,0,1,1
20552,0,1,1,0,0,1,1,17,5,57,5,66,0,0,6,1,1,1,0,0,0,0,0,0,1,1
20554,0,1,1,0,0,1,0,15,5,37,5,43,0,0,6,1,1,1,1,0,0,0,0,0,1,1
20555,0,1,1,0,0,0,0,16,5,43,,,0,0,5,1,1,1,0,0,0,0,0,0,1,1
20558,0,1,1,0,0,0,1,18,5,65,2,69,0,0,6,1,1,1,0,0,0,0,0,0,1,1
20563,0,1,1,0,0,0,1,18,,,3,51,0,1,5,1,1,1,0,0,0,0,0,0,1,1
20564,0,1,1,0,0,0,0,18,2,38,3,37,0,0,3,1,1,1,0,0,0,0,0,0,1,1
20565,0,1,1,0,0,1,0,18,3,38,,,1,0,3,1,1,0,0,0,0,0,1,0,1,1
20566,0,1,1,0,0,0,1,18,,45,,,0,0,5,1,1,1,0,20,1,0,0,0,1,1
20567,0,1,1,0,0,1,1,15,8,30,,50,1,0,6,0,0,0,0,0,0,0,0,0,1,1
20569,0,1,1,0,0,1,1,18,3,37,,,1,0,3,1,1,1,0,30,1,0,0,0,1,1
20571,0,1,1,0,0,1,0,16,5,43,,40,1,0,6,1,1,1,0,0,0,0,0,0,1,1
20572,0,1,1,0,0,1,1,18,,,2,52,1,0,3,1,1,0,0,0,0,0,0,0,1,1
20573,0,1,1,0,0,0,0,20,0,40,7,41,0,,1,0,0,0,0,0,0,0,0,0,1,1
20574,0,1,1,0,0,1,0,18,11,39,5,42,0,0,6,1,1,1,1,0,0,0,0,0,1,1
20582,0,1,1,0,0,1,0,16,,43,,49,0,0,6,1,1,1,1,16,1,0,0,0,1,1
20583,0,1,1,0,0,0,0,18,5,53,,,0,0,6,1,1,1,0,0,0,0,0,0,1,1
20584,0,1,1,0,0,1,0,16,5,34,,37,0,0,6,1,1,1,1,0,0,0,0,0,1,1
20585,0,1,1,0,0,1,0,20,2,58,,,0,0,2,1,1,0,0,0,1,0,0,0,1,1
20587,0,1,1,0,0,1,1,15,0,38,,,0,0,6,1,1,1,1,0,0,0,0,0,1,1
20588,0,1,1,0,0,1,1,15,8,46,5,39,0,1,6,1,1,1,0,0,0,0,0,0,1,1
20589,0,1,1,0,0,0,0,15,9,45,11,52,0,0,6,1,1,1,0,0,0,0,0,0,1,1
20592,0,1,1,0,0,1,0,15,5,42,,,0,0,6,1,1,1,1,0,0,0,0,0,1,1
20596,0,1,1,0,0,1,1,18,,,11,46,0,0,4,0,0,0,0,0,0,0,0,0,1,1
20597,0,1,1,0,0,0,0,17,,,,,0,0,6,1,1,1,0,0,0,0,0,0,1,1
20598,0,1,1,0,0,1,0,18,,58,,60,1,0,6,1,1,1,0,0,0,0,0,0,1,1
20599,0,1,1,0,0,0,0,18,0,53,,,0,0,6,1,1,1,0,0,0,0,0,0,1,1
20600,0,1,1,0,0,1,0,16,2,37,,,0,0,6,1,1,1,1,0,0,0,0,0,1,1
20602,0,1,1,0,0,1,1,16,,,,,1,0,6,1,1,1,1,0,0,0,0,0,1,1
20605,0,1,1,0,0,1,1,17,6,48,11,51,0,0,3,1,1,0,0,10,1,0,0,0,1,1
20606,0,1,1,0,0,1,0,20,5,48,5,49,0,0,6,1,1,1,1,0,0,0,0,0,1,1
20610,0,1,1,0,0,1,0,17,0,50,2,50,0,0,6,1,1,1,0,0,0,0,0,0,1,1
20611,0,1,1,0,0,0,0,16,3,58,3,63,1,0,6,1,1,1,0,0,0,0,0,0,1,1
20613,0,1,1,0,0,1,0,16,5,,5,,0,0,6,1,1,1,1,0,0,0,0,0,1,1
20614,0,1,1,0,0,1,1,16,,,,,1,0,4,1,1,1,0,0,0,0,0,0,1,1
20616,0,1,1,0,0,0,1,17,,,4,43,1,1,6,1,1,1,0,30,1,0,0,0,1,1
20617,0,1,1,0,0,0,0,17,3,74,,,1,0,6,1,1,1,0,0,0,0,0,0,1,1
20619,0,1,1,0,0,1,1,17,4,46,,,0,0,2,1,1,0,0,40,1,0,0,0,1,1
20620,0,1,1,0,0,0,0,19,5,37,,,1,0,6,1,1,1,0,0,0,0,0,0,1,1
20621,0,1,1,0,0,1,0,18,5,53,0,64,1,1,6,1,1,1,0,0,0,0,0,0,1,1
20628,0,1,1,0,0,1,0,16,5,49,5,56,0,0,6,1,1,1,1,0,0,0,0,0,1,1
20632,0,1,1,0,0,0,0,17,2,49,2,53,0,0,6,1,1,1,1,0,0,0,0,0,1,1
20633,0,1,1,0,0,1,0,17,,48,,57,1,0,6,1,1,1,0,0,0,0,0,0,1,1
20634,0,1,1,0,0,1,1,17,,,,,1,0,6,1,1,1,0,0,0,0,0,0,1,1
20635,0,1,1,0,0,0,0,19,,,,,0,0,5,1,1,1,0,0,0,0,0,0,1,1
20638,0,1,1,0,0,0,0,15,,,8,37,0,0,6,1,1,1,0,0,0,0,0,0,1,1
20639,0,1,1,0,0,1,1,,,,,,1,,,,,,,,,,,0,1,1
20640,0,1,1,0,0,0,0,15,,38,,39,0,0,5,1,1,1,0,0,0,0,0,0,1,1
20644,0,1,1,0,0,1,0,15,3,30,3,37,1,0,6,1,1,1,1,0,0,0,0,0,1,1
20646,0,1,1,0,0,1,0,15,,,6,42,0,0,6,1,1,1,0,0,0,0,0,0,1,1
20649,0,1,1,0,0,0,0,17,6,38,,,0,0,6,1,1,1,0,0,0,0,0,0,1,1
20651,0,1,1,0,0,0,0,16,5,37,5,42,1,0,6,1,1,1,0,0,0,0,0,0,1,1
20653,0,1,1,0,0,0,0,19,2,52,2,53,1,0,6,1,1,1,0,0,0,0,0,0,1,1
20654,0,1,1,0,0,0,0,17,3,58,0,71,0,0,6,1,1,1,0,0,0,0,0,0,1,1
20657,0,1,1,0,0,1,0,18,,,,47,0,0,3,0,0,0,0,40,1,0,0,0,1,1
20658,0,1,1,0,0,1,1,17,,,,,1,0,6,1,1,1,1,0,1,0,0,0,1,1
20660,0,1,1,0,0,1,1,15,8,37,10,45,0,0,6,1,1,1,1,10,1,0,0,0,1,1
20661,0,1,1,0,0,1,1,15,8,47,11,50,0,0,3,1,1,0,0,0,1,0,0,0,1,1
20665,0,1,1,0,0,0,0,16,11,28,11,37,0,1,6,1,1,1,0,0,0,0,0,0,1,1
20666,0,1,1,0,0,1,0,18,4,53,4,62,1,0,6,1,1,1,0,0,0,0,0,0,1,1
20669,0,1,1,0,0,0,0,18,3,32,,,1,0,3,1,1,0,0,12,1,1,1,0,1,1
20670,0,1,1,0,0,0,0,16,5,34,6,46,0,0,6,1,1,1,0,0,0,0,0,0,1,1
20672,0,1,1,0,0,0,1,19,5,40,,37,1,0,6,0,0,0,0,0,0,0,0,0,1,1
20673,0,1,1,0,0,0,1,18,2,45,,,0,0,1,1,1,0,0,28,1,0,0,0,1,1
20675,0,1,1,0,0,0,0,17,0,55,,,1,0,1,0,0,0,0,0,1,0,0,0,1,1
20682,0,1,1,0,0,1,1,14,7,35,11,36,0,0,6,1,1,1,1,0,0,0,0,0,1,1
20686,0,1,1,0,0,0,0,18,0,58,,41,0,0,4,1,1,1,0,0,0,0,0,0,1,1
20688,0,1,1,0,0,0,0,16,11,,11,,1,0,6,1,1,1,0,0,0,0,0,0,1,1
20689,0,1,1,0,0,1,1,16,11,46,11,45,0,0,6,1,1,1,1,0,0,0,0,0,1,1
20690,0,1,1,0,0,0,0,17,3,33,11,38,1,0,6,1,1,1,0,0,0,0,0,0,1,1
20694,0,1,1,0,0,0,1,16,11,36,8,36,0,0,6,1,1,1,0,0,0,0,0,0,1,1
20695,0,1,1,0,0,0,0,18,,38,,,1,0,3,1,1,0,0,0,0,1,1,0,1,1
20697,0,1,1,0,0,0,0,19,3,34,3,38,1,0,1,1,0,0,0,10,1,0,0,0,1,1
20698,0,1,1,0,0,0,0,16,,,,,0,0,6,1,1,1,0,0,0,0,0,0,1,1
20699,0,1,1,0,0,0,0,16,5,42,3,37,0,0,6,1,1,1,0,0,0,0,0,0,1,1
20700,0,1,1,0,0,0,0,19,2,50,3,56,1,0,6,1,1,1,0,0,0,0,0,0,1,1
20708,0,1,1,0,0,0,1,16,0,32,5,34,0,0,5,1,1,0,0,0,0,0,0,0,1,1
20713,0,1,1,0,0,0,1,18,5,35,,,1,0,2,1,1,0,0,40,1,0,0,0,1,1
20714,0,1,1,0,0,0,0,16,6,39,,,1,0,6,1,1,1,0,8,1,1,1,0,1,1
20715,0,1,1,0,0,1,1,16,9,43,11,43,0,0,6,1,1,1,1,40,1,0,0,0,1,1
20720,0,1,1,0,0,1,0,17,5,50,,57,1,0,6,1,1,1,0,0,0,0,0,0,1,1
20726,0,1,1,0,0,1,0,17,,,,44,1,0,6,1,1,1,0,0,0,0,0,0,1,1
20729,0,1,1,0,0,0,1,17,2,50,3,46,0,0,6,1,1,1,0,20,1,0,0,0,1,1
20730,0,1,1,0,0,1,1,17,3,37,6,40,0,0,6,1,1,1,1,0,0,0,0,0,1,1
20733,0,1,1,0,0,0,0,15,,,3,41,0,0,6,1,1,1,0,0,0,0,0,0,1,1
20735,0,1,1,0,0,1,1,19,4,49,,,1,0,6,1,1,1,0,40,1,0,1,0,1,1
20736,0,1,1,0,0,1,1,17,11,41,6,40,1,1,6,1,1,1,0,0,0,0,0,0,1,1
20799,1,0,0,0,1,1,0,12,5,36,5,36,0,0,2,1,0,0,0,0,0,0,0,0,1,1
20801,1,0,0,0,1,1,1,12,3,52,11,46,0,0,2,1,0,0,1,0,0,0,0,0,1,1
20802,1,0,0,0,1,1,1,15,5,39,7,42,1,1,2,0,0,0,1,0,0,0,0,0,1,1
20803,1,0,0,0,1,1,0,14,6,45,,,0,0,2,1,0,0,1,0,0,0,0,0,1,1
20804,1,0,0,0,1,1,1,14,5,32,5,36,1,0,1,0,0,0,0,35,1,0,0,0,1,1
20805,1,0,0,0,1,1,0,13,5,38,,,1,0,2,1,0,0,1,0,0,0,0,0,1,1
20807,1,0,0,0,1,1,1,12,5,38,7,38,0,0,2,1,0,0,1,0,0,0,0,0,1,1
20808,1,0,0,0,1,0,1,12,10,37,5,39,0,0,2,1,0,0,0,0,0,0,0,0,1,1
20810,1,0,0,0,1,0,0,15,11,50,,,0,0,2,1,0,0,0,0,0,0,0,0,1,1
20811,1,0,0,0,1,0,0,13,3,43,3,48,0,0,2,1,0,0,0,0,0,0,0,0,1,1
20813,1,0,0,0,1,0,0,13,11,39,,,0,0,2,0,0,0,0,0,0,0,0,0,1,1
20817,1,0,0,0,1,0,0,11,2,46,2,48,0,0,2,1,0,0,0,0,0,0,0,0,1,1
20818,1,0,0,0,1,1,1,12,11,43,11,44,0,0,2,1,0,0,1,0,0,0,0,0,1,1
20820,1,0,0,0,1,1,1,14,5,49,3,62,0,0,2,1,0,0,1,0,0,0,0,0,1,1
20825,1,0,0,0,1,1,0,12,5,43,5,42,0,0,2,1,0,0,1,0,0,0,0,0,1,1
20826,1,0,0,0,1,1,0,12,5,60,5,37,0,0,2,1,0,0,0,0,0,0,0,0,1,1
20828,1,0,0,0,1,0,1,13,7,35,6,38,0,0,2,1,0,0,0,0,0,0,0,0,1,1
20829,1,0,0,0,1,0,1,12,5,31,6,32,0,0,2,1,0,0,0,0,0,0,0,0,1,1
20830,1,0,0,0,1,0,1,16,5,45,5,52,0,0,1,0,0,0,0,40,1,0,0,0,1,1
20831,1,0,0,0,1,0,1,13,6,33,6,30,0,0,2,1,0,0,0,0,0,0,0,0,1,1
20834,1,0,0,0,1,0,1,14,5,36,5,46,0,0,2,1,0,0,0,0,0,0,0,0,1,1
20836,1,0,0,0,1,0,1,12,11,30,11,36,0,0,2,1,0,0,0,0,0,0,0,0,1,1
20840,1,0,0,0,1,1,1,12,8,34,5,37,0,0,2,1,0,0,0,0,0,0,0,0,1,1
20842,1,0,0,0,1,1,1,15,5,44,5,45,0,2,4,1,0,0,0,0,0,0,0,0,1,1
20845,1,0,0,0,1,1,1,12,5,37,5,37,0,0,2,1,0,0,0,0,0,0,0,0,1,1
20846,1,0,0,0,1,1,1,12,9,30,,37,0,0,2,1,0,0,1,0,0,0,0,0,1,1
20847,1,0,0,0,1,1,1,12,6,47,,,0,0,2,1,0,0,0,0,0,0,0,0,1,1
20848,1,0,0,0,1,0,1,13,6,38,3,40,0,0,2,1,0,0,0,0,0,0,0,0,1,1
20850,1,0,0,0,1,0,1,13,7,45,11,47,0,1,2,1,0,0,0,0,0,0,0,0,1,1
20852,1,0,0,0,1,0,0,12,7,46,6,45,0,0,2,1,0,0,0,0,0,0,0,0,1,1
20854,1,0,0,0,1,0,1,13,,,4,38,0,0,2,1,0,0,0,0,0,0,0,0,1,1
20855,1,0,0,0,1,0,0,15,3,46,2,43,0,0,2,1,0,0,0,0,0,0,0,0,1,1
20856,1,0,0,0,1,0,1,13,6,29,,,0,1,2,0,0,0,0,0,0,0,0,0,1,1
20857,1,0,0,0,1,0,1,12,5,34,5,39,0,0,3,1,0,0,0,0,0,0,0,0,1,1
20859,1,0,0,0,1,1,0,12,6,27,11,30,0,0,2,1,0,0,1,0,0,0,0,0,1,1
20862,1,0,0,0,1,1,0,13,2,49,5,36,0,0,2,1,0,0,1,0,0,0,0,0,1,1
20864,1,0,0,0,1,1,0,11,8,32,11,41,0,0,2,1,0,0,1,0,0,0,0,0,1,1
20865,1,0,0,0,1,1,0,14,2,33,,,0,0,2,1,0,0,1,0,0,0,0,0,1,1
20869,1,0,0,0,1,0,1,13,5,35,3,38,0,0,2,1,0,0,0,0,0,0,0,0,1,1
20871,1,0,0,0,1,0,1,13,0,52,3,51,0,0,2,1,0,0,0,0,0,0,0,0,1,1
20872,1,0,0,0,1,0,0,15,3,45,3,45,0,0,2,1,0,0,0,0,0,0,0,0,1,1
20873,1,0,0,0,1,0,1,15,8,38,,,0,1,2,0,0,0,0,12,1,0,0,0,1,1
20874,1,0,0,0,1,0,1,11,11,32,,34,0,0,2,1,0,0,0,0,0,0,0,0,1,1
20875,1,0,0,0,1,0,1,12,9,29,9,34,0,0,2,1,0,0,0,0,0,0,0,0,1,1
20876,1,0,0,0,1,0,1,14,,33,,39,1,0,2,1,0,0,0,0,0,0,0,0,1,1
20877,1,0,0,0,1,0,1,15,3,37,3,36,1,0,3,1,1,0,0,0,0,0,0,0,1,1
20878,1,0,0,0,1,1,0,13,5,36,5,40,1,0,2,1,0,0,1,0,0,0,0,0,1,1
20879,1,0,0,0,1,1,1,11,3,31,2,36,0,0,2,0,0,0,0,0,0,0,0,0,1,1
20881,1,0,0,0,1,1,0,12,,,,,0,0,2,1,0,0,0,0,0,0,0,0,1,1
20882,1,0,0,0,1,1,0,15,8,36,11,42,0,0,2,1,1,0,1,0,0,0,0,0,1,1
20885,1,0,0,0,1,1,0,13,2,38,2,37,0,0,2,1,0,0,1,8,1,0,0,0,1,1
20887,1,0,0,0,1,1,0,14,1,36,,,1,0,2,1,0,0,1,0,0,0,0,0,1,1
20889,1,0,0,0,1,0,1,15,5,32,2,47,1,0,2,1,0,0,0,0,0,0,0,0,1,1
20890,1,0,0,0,1,0,0,12,4,37,11,41,0,1,2,0,0,0,1,0,0,0,0,0,1,1
20892,1,0,0,0,1,0,1,14,1,59,3,56,0,0,2,1,0,0,0,5,1,0,0,0,1,1
20894,1,0,0,0,1,0,1,13,3,44,7,48,0,0,2,1,0,0,0,0,0,0,0,0,1,1
20896,1,0,0,0,1,0,1,12,7,34,7,37,0,0,2,1,0,0,1,0,0,0,0,0,1,1
20897,1,0,0,0,1,0,1,13,5,39,5,43,0,0,2,1,1,0,0,0,0,0,0,0,1,1
21044,1,0,0,0,1,1,0,13,5,42,6,43,0,0,2,1,0,0,1,0,0,0,0,0,1,1
21045,1,0,0,0,1,1,1,15,11,39,11,39,0,0,2,1,0,0,0,0,0,0,0,0,1,1
21046,1,0,0,0,1,1,0,13,6,31,11,33,0,0,2,1,0,0,1,0,0,0,0,0,1,1
21047,1,0,0,0,1,1,1,12,4,42,5,48,1,0,2,1,0,0,1,0,0,0,0,0,1,1
21048,1,0,0,0,1,1,1,15,5,41,6,50,0,0,1,1,0,0,0,0,1,0,0,0,1,1
21049,1,0,0,0,1,1,0,13,9,35,8,38,0,0,2,1,0,0,0,0,0,0,0,0,1,1
21051,1,0,0,0,1,1,1,12,11,38,9,42,1,0,1,1,0,0,0,40,1,0,0,0,1,1
21052,1,0,0,0,1,1,0,13,7,44,5,42,0,0,2,1,0,0,1,0,0,0,0,0,1,1
21059,1,0,0,0,1,0,0,12,8,49,8,42,0,0,2,1,0,0,0,0,0,0,0,0,1,1
21060,1,0,0,0,1,0,1,12,11,49,,,0,0,2,1,0,0,0,25,1,0,0,0,1,1
21063,1,0,0,0,1,0,1,16,,45,,64,0,0,2,1,0,0,0,0,0,0,0,0,1,1
21064,1,0,0,0,1,1,0,13,3,34,6,34,0,0,2,1,0,0,1,0,0,0,0,0,1,1
21067,1,0,0,0,1,1,1,13,8,52,7,44,0,0,2,1,1,0,1,0,0,0,0,0,1,1
21076,1,0,0,0,1,0,0,12,1,35,6,35,0,0,2,1,1,0,0,0,0,0,0,0,1,1
21080,1,0,0,0,1,0,1,13,8,36,5,38,0,0,2,1,1,0,0,0,0,0,0,0,1,1
21083,1,0,0,0,1,0,0,12,7,36,3,38,1,0,2,1,1,0,0,0,0,0,0,0,1,1
21084,1,0,0,0,1,1,0,12,11,40,11,37,0,0,2,1,0,0,1,0,0,0,0,0,1,1
21086,1,0,0,0,1,1,0,13,3,48,3,50,0,0,2,1,0,0,1,0,0,0,0,0,1,1
21087,1,0,0,0,1,1,1,13,5,40,5,40,0,0,2,1,0,0,1,0,0,0,0,0,1,1
21088,1,0,0,0,1,1,0,13,6,31,5,35,0,0,2,1,0,0,1,0,0,0,0,0,1,1
21092,1,0,0,0,1,1,1,11,5,35,11,35,0,0,2,1,0,0,1,0,0,0,0,0,1,1
21093,1,0,0,0,1,1,1,12,7,50,1,58,0,0,2,1,0,0,1,0,0,0,0,0,1,1
21095,1,0,0,0,1,0,1,15,,,7,36,1,0,1,1,0,0,0,0,0,0,0,0,1,1
21099,1,0,0,0,1,0,0,13,3,39,5,49,0,0,2,1,0,0,0,0,0,0,0,0,1,1
21101,1,0,0,0,1,0,0,12,5,37,4,50,0,0,2,1,0,0,0,0,0,0,0,0,1,1
21103,1,0,0,0,1,0,1,13,4,37,5,40,0,0,2,1,1,0,0,0,0,0,0,0,1,1
21104,1,0,0,0,1,1,1,11,11,40,11,52,0,0,2,1,0,0,1,0,0,0,0,0,1,1
21107,1,0,0,0,1,1,0,14,0,34,2,50,0,0,2,1,1,0,1,0,0,0,0,0,1,1
21108,1,0,0,0,1,1,0,12,11,35,8,46,0,0,2,1,0,0,1,0,0,0,0,0,1,1
21109,1,0,0,0,1,1,1,12,,,,,0,0,2,1,0,0,0,0,0,0,0,0,1,1
21112,1,0,0,0,1,1,1,14,0,33,,,1,2,4,1,0,0,0,40,1,0,0,0,1,1
21116,1,0,0,0,1,0,0,11,5,38,8,38,0,0,2,1,0,0,0,0,0,0,0,0,1,1
21117,1,0,0,0,1,0,1,11,11,30,5,34,0,0,2,1,0,0,0,0,0,0,0,0,1,1
21119,1,0,0,0,1,0,1,14,3,38,2,48,0,1,2,0,0,0,0,0,0,0,0,0,1,1
21122,1,0,0,0,1,0,0,12,7,40,5,38,1,0,2,1,0,0,0,0,0,0,0,0,1,1
21123,1,0,0,0,1,0,0,12,9,38,8,34,0,0,2,1,0,0,0,0,0,0,0,0,1,1
21124,1,0,0,0,1,1,1,12,11,37,,,0,0,2,1,0,0,0,0,0,0,0,0,1,1
21127,1,0,0,0,1,1,0,13,,,,,0,0,2,1,0,0,1,0,0,0,0,0,1,1
21128,1,0,0,0,1,1,1,13,5,40,1,49,0,1,2,0,0,0,0,20,1,0,0,0,1,1
21129,1,0,0,0,1,1,1,12,11,32,11,34,0,0,2,1,0,0,0,0,0,0,0,0,1,1
21134,1,0,0,0,1,0,1,14,5,45,5,43,0,0,3,1,1,0,0,0,0,0,0,0,1,1
21138,1,0,0,0,1,0,0,12,5,37,5,47,0,0,2,1,0,0,0,0,0,0,0,0,1,1
21139,1,0,0,0,1,0,1,13,2,40,,,1,0,2,1,0,0,0,0,0,0,0,0,1,1
21140,1,0,0,0,1,0,1,15,8,43,,,0,0,2,1,0,0,0,0,0,0,0,0,1,1
21141,1,0,0,0,1,0,1,13,5,43,5,43,1,0,2,1,0,0,0,0,0,0,0,0,1,1
21143,1,0,0,0,1,0,0,13,8,35,5,45,0,0,2,1,0,0,0,0,0,0,0,0,1,1
21144,1,0,0,0,1,1,0,13,2,32,3,43,0,0,1,0,0,0,0,0,1,0,0,0,1,1
21146,1,0,0,0,1,1,1,15,0,38,3,37,1,1,2,0,0,0,0,25,1,0,0,0,1,1
21148,1,0,0,0,1,1,0,14,3,34,3,47,0,1,2,0,0,0,0,0,0,0,0,0,1,1
21150,1,0,0,0,1,1,1,12,7,33,4,36,0,0,2,1,0,0,0,0,0,0,0,0,1,1
21152,1,0,0,0,1,1,1,14,8,50,7,50,0,0,2,1,0,0,1,0,0,0,0,0,1,1
21154,1,0,0,0,1,0,0,13,8,35,5,35,0,0,2,1,0,0,0,0,0,0,0,0,1,1
21157,1,0,0,0,1,0,0,11,8,37,8,34,1,0,1,0,0,0,0,0,0,0,0,0,1,1
21160,1,0,0,0,1,0,0,14,5,50,5,60,1,0,2,1,1,0,0,0,0,0,0,0,1,1
21162,1,0,0,0,1,0,1,13,5,55,,,0,0,3,1,1,0,0,0,0,0,,0,1,1
21164,1,0,0,0,1,1,1,13,11,26,11,30,0,0,2,1,0,0,1,0,0,0,0,0,1,1
21165,1,0,0,0,1,1,0,14,9,42,5,42,0,0,2,1,0,0,0,0,0,0,0,0,1,1
21167,1,0,0,0,1,1,0,14,7,33,,,0,1,2,0,0,0,0,0,0,0,0,0,1,1
21168,1,0,0,0,1,1,0,12,11,34,9,43,0,0,2,1,1,0,1,0,0,0,0,0,1,1
21169,1,0,0,0,1,1,0,11,7,39,9,40,0,0,2,1,0,0,1,0,0,0,0,0,1,1
21175,1,0,0,0,1,0,1,12,7,30,7,36,0,1,2,0,0,0,0,0,0,0,0,0,1,1
21177,1,0,0,0,1,0,0,12,0,43,2,43,0,0,2,1,0,0,0,0,0,0,0,0,1,1
21180,1,0,0,0,1,0,1,14,3,45,3,50,0,0,2,1,0,0,0,40,1,0,0,0,1,1
21186,1,0,0,0,1,1,0,14,5,32,0,48,1,0,2,1,1,0,1,0,0,0,0,0,1,1
21187,1,0,0,0,1,1,1,14,11,40,11,40,0,0,2,1,0,0,0,0,0,0,0,0,1,1
21188,1,0,0,0,1,1,0,12,5,39,5,40,1,0,2,1,0,0,1,0,0,0,0,0,1,1
21189,1,0,0,0,1,1,1,14,6,44,5,59,0,0,2,1,0,0,1,0,0,0,0,0,1,1
21191,1,0,0,0,1,1,1,11,8,37,9,35,0,0,2,1,0,0,0,0,0,0,0,0,1,1
21193,1,0,0,0,1,1,1,15,10,49,11,51,1,0,2,1,0,0,1,0,0,0,0,0,1,1
21195,1,0,0,0,1,0,0,15,5,40,4,45,0,0,2,1,0,0,0,0,0,0,0,0,1,1
21200,1,0,0,0,1,0,1,12,8,37,9,37,0,0,2,1,0,0,0,0,0,0,0,0,1,1
21202,1,0,0,0,1,0,0,13,5,35,7,47,1,0,2,1,0,0,0,0,0,0,0,0,1,1
21204,1,0,0,0,1,1,1,12,5,40,5,48,0,0,2,1,0,0,1,0,0,0,0,0,1,1
21205,1,0,0,0,1,1,0,14,3,42,4,41,1,0,2,1,0,0,1,0,0,0,0,0,1,1
21208,1,0,0,0,1,1,0,16,3,34,2,38,1,0,2,1,0,0,1,0,0,0,0,0,1,1
21209,1,0,0,0,1,1,0,12,5,42,5,40,0,0,2,1,0,0,0,0,0,0,0,0,1,1
21211,1,0,0,0,1,1,0,12,5,35,5,58,0,0,2,1,0,0,1,0,0,0,0,0,1,1
21214,1,0,0,0,1,0,0,13,,,6,40,0,0,2,1,0,0,0,0,0,0,0,0,1,1
21218,1,0,0,0,1,0,0,13,5,38,5,42,0,0,2,1,0,0,0,0,0,0,0,0,1,1
21220,1,0,0,0,1,0,0,15,,,,,0,1,3,1,0,0,0,0,0,0,0,0,1,1
21221,1,0,0,0,1,0,0,13,,,,,0,0,2,1,1,0,0,6,1,0,0,0,1,1
21224,1,0,0,0,1,1,0,12,7,42,11,56,0,0,2,1,0,0,1,0,0,0,0,0,1,1
21225,1,0,0,0,1,1,0,13,11,31,,,0,0,2,1,0,0,1,0,0,0,0,0,1,1
21227,1,0,0,0,1,1,0,16,5,37,,,0,0,2,0,0,0,1,0,0,0,0,0,1,1
21228,1,0,0,0,1,1,1,13,5,34,5,36,0,0,2,1,0,0,1,0,0,0,0,0,1,1
21229,1,0,0,0,1,1,0,15,5,39,9,38,0,0,1,1,0,0,0,35,1,0,0,0,1,1
21230,1,0,0,0,1,1,0,13,5,30,5,32,0,0,2,1,0,0,1,0,0,0,0,0,1,1
21231,1,0,0,0,1,1,1,16,,,5,46,0,0,3,1,1,0,1,25,1,0,0,0,1,1
21232,1,0,0,0,1,1,1,11,8,32,4,32,0,0,2,1,0,0,1,0,0,0,0,0,1,1
21238,1,0,0,0,1,1,0,14,11,53,11,47,0,0,2,1,0,0,1,0,0,0,0,0,1,1
21239,1,0,0,0,1,0,0,10,8,30,3,31,0,0,2,1,0,0,0,0,0,0,0,0,1,1
21240,1,0,0,0,1,0,1,15,3,45,3,55,0,1,3,1,1,0,0,0,0,0,0,0,1,1
21244,1,0,0,0,1,0,0,11,7,31,9,34,0,0,2,1,0,0,0,0,0,0,0,0,1,1
21246,1,0,0,0,1,0,0,14,,,,,1,0,2,1,0,0,0,0,0,0,0,0,1,1
21248,1,0,0,0,1,0,0,16,8,36,3,63,0,0,2,1,0,0,0,0,0,0,0,0,1,1
21249,1,0,0,0,1,0,0,12,5,36,5,36,0,1,2,0,0,0,0,0,0,0,0,0,1,1
21250,1,0,0,0,1,0,0,12,9,42,,,0,0,2,1,0,0,0,0,0,0,0,0,1,1
21255,1,0,0,0,1,1,1,13,6,49,3,41,0,0,2,1,0,0,1,0,0,0,0,0,1,1
21256,1,0,0,0,1,1,1,14,11,46,11,46,0,0,2,1,0,0,0,0,0,0,0,0,1,1
21257,1,0,0,0,1,1,0,12,11,43,9,42,0,1,2,1,0,0,0,0,0,0,0,0,1,1
21259,1,0,0,0,1,1,1,15,3,37,4,41,0,0,2,1,0,0,1,0,0,0,0,0,1,1
21260,1,0,0,0,1,1,1,12,11,40,5,46,0,0,2,1,0,0,0,0,0,0,0,0,1,1
21262,1,0,0,0,1,1,0,16,8,40,2,49,0,0,2,1,0,0,1,0,0,0,0,0,1,1
21267,1,0,0,0,1,1,0,13,11,31,11,32,1,0,2,1,0,0,1,0,0,0,0,0,1,1
21270,1,0,0,0,1,0,0,14,6,38,5,39,0,1,3,1,0,0,0,0,0,0,0,0,1,1
21271,1,0,0,0,1,0,1,13,1,33,5,60,0,0,2,1,0,0,0,20,1,0,0,0,1,1
21272,1,0,0,0,1,0,0,12,5,51,,,0,0,2,1,0,0,0,0,0,0,0,0,1,1
21274,1,0,0,0,1,0,1,13,5,36,5,36,1,0,2,1,0,0,0,20,1,0,0,0,1,1
21275,1,0,0,0,1,0,1,13,,49,,,1,0,2,1,0,0,0,0,0,0,0,0,1,1
21276,1,0,0,0,1,0,0,17,1,35,4,48,1,0,1,1,0,0,0,0,0,0,0,0,1,1
21281,1,0,0,0,1,0,1,16,9,32,,42,0,,,,,,,,,,,0,1,1
21282,1,0,0,0,1,0,0,15,2,38,5,33,0,0,2,1,0,0,0,0,0,0,0,0,1,1
21283,1,0,0,0,1,0,1,14,,,11,,0,0,3,1,0,0,0,0,0,0,0,0,1,1
21284,1,0,0,0,1,1,1,15,5,40,5,45,0,1,2,0,0,0,0,0,0,0,0,0,1,1
21285,1,0,0,0,1,1,1,12,7,38,5,36,0,0,2,1,0,0,1,0,0,0,0,0,1,1
21286,1,0,0,0,1,1,0,12,11,42,9,39,0,0,2,1,0,0,0,0,0,0,0,0,1,1
21287,1,0,0,0,1,1,0,12,9,45,7,56,0,0,2,1,0,0,1,0,0,0,0,0,1,1
21288,1,0,0,0,1,1,0,11,5,43,5,45,1,0,2,1,0,0,1,0,0,0,0,0,1,1
21294,1,0,0,0,1,1,0,13,5,37,1,39,0,0,2,1,0,0,0,0,0,0,0,0,1,1
21296,1,0,0,0,1,1,0,12,5,30,5,43,1,0,2,1,0,0,1,0,0,0,0,0,1,1
21297,1,0,0,0,1,1,0,13,8,38,6,48,0,0,2,1,0,0,1,0,0,0,0,0,1,1
21304,1,0,0,0,1,0,1,13,8,32,6,32,0,0,2,1,0,0,0,0,0,0,0,0,1,1
21307,1,0,0,0,1,0,0,12,8,35,11,38,0,0,2,1,0,0,0,0,0,0,0,0,1,1
21308,1,0,0,0,1,0,1,12,,42,,50,0,0,2,1,0,0,0,0,0,0,0,0,1,1
21309,1,0,0,0,1,0,0,13,5,31,5,45,0,0,2,1,0,0,0,0,0,0,0,0,1,1
21310,1,0,0,0,1,0,0,11,7,32,11,36,0,0,2,1,0,0,0,0,0,0,0,0,1,1
21311,1,0,0,0,1,0,0,15,0,45,,,0,0,2,1,0,0,0,0,0,0,0,0,1,1
21312,1,0,0,0,1,0,0,13,6,42,3,50,0,0,2,1,0,0,0,0,0,0,0,0,1,1
21314,1,0,0,0,1,1,1,13,10,36,,,0,1,3,1,0,0,0,0,0,0,0,0,1,1
21315,1,0,0,0,1,1,0,12,5,37,5,38,1,0,2,1,0,0,1,0,0,0,0,0,1,1
21318,1,0,0,0,1,1,0,14,5,35,,,1,0,2,1,0,0,1,0,0,0,0,0,1,1
21319,1,0,0,0,1,1,0,12,8,36,5,39,0,0,2,1,0,0,1,0,0,0,0,0,1,1
21322,1,0,0,0,1,1,0,12,3,32,1,43,1,0,2,1,0,0,1,0,0,0,0,0,1,1
21324,1,0,0,0,1,1,1,14,2,30,,,0,0,3,1,0,0,1,0,0,0,0,0,1,1
21326,1,0,0,0,1,1,1,13,7,37,5,39,0,0,2,1,0,0,1,0,0,0,0,0,1,1
21328,1,0,0,0,1,1,0,16,5,56,5,56,0,0,5,1,1,1,0,0,0,0,0,0,1,1
21329,1,0,0,0,1,0,1,13,5,43,5,50,0,0,2,1,1,0,0,0,0,0,0,0,1,1
21330,1,0,0,0,1,0,1,14,5,47,,,0,0,2,1,0,0,0,0,0,0,0,0,1,1
21331,1,0,0,0,1,0,1,17,5,33,,,0,0,2,1,0,0,0,0,0,0,0,0,1,1
21332,1,0,0,0,1,0,1,13,7,33,11,46,0,0,2,1,0,0,1,0,0,0,0,0,1,1
21333,1,0,0,0,1,0,1,14,3,41,,,0,0,1,1,0,0,0,0,0,0,0,0,1,1
21335,1,0,0,0,1,0,0,17,8,39,5,40,0,0,4,1,1,1,0,0,0,0,0,0,1,1
21337,1,0,0,0,1,0,0,14,4,38,2,47,0,0,2,1,0,0,0,0,0,0,0,0,1,1
21338,1,0,0,0,1,0,1,13,11,47,3,46,0,0,2,1,0,0,0,0,0,0,0,0,1,1
21341,1,0,0,0,1,0,1,12,7,32,7,33,0,0,2,1,0,0,0,0,0,0,0,0,1,1
21345,1,0,0,0,1,1,1,12,,35,,,0,0,2,1,0,0,1,0,0,0,0,0,1,1
21346,1,0,0,0,1,1,1,16,7,33,5,,0,0,2,1,0,0,1,0,0,0,0,0,1,1
21347,1,0,0,0,1,1,0,13,5,34,7,45,0,0,2,1,0,0,1,0,0,0,0,0,1,1
21348,1,0,0,0,1,1,0,12,7,38,8,32,1,0,2,1,0,0,1,0,0,0,0,0,1,1
21349,1,0,0,0,1,1,1,12,6,42,,,1,0,2,1,0,0,1,0,0,0,0,0,1,1
21352,1,0,0,0,1,1,0,12,,43,,50,1,0,2,1,0,0,1,0,0,0,0,0,1,1
21354,1,0,0,0,1,1,1,12,11,35,10,37,0,0,2,1,0,0,1,0,0,0,0,0,1,1
21356,1,0,0,0,1,1,1,13,,,8,38,0,0,2,0,0,0,0,0,0,0,0,0,1,1
21361,1,0,0,0,1,0,1,12,6,32,7,34,0,0,2,1,0,0,0,0,0,0,0,0,1,1
21364,1,0,0,0,1,0,1,13,9,39,7,39,0,0,2,1,1,0,0,0,0,0,0,0,1,1
21365,1,0,0,0,1,0,0,14,9,41,,,0,0,2,1,0,0,0,0,0,0,0,0,1,1
21366,1,0,0,0,1,0,1,15,5,64,,,0,0,2,1,0,0,0,0,1,0,0,0,1,1
21367,1,0,0,0,1,0,1,13,5,33,5,34,0,1,2,0,0,0,0,0,0,0,0,0,1,1
21374,1,0,0,0,1,1,1,12,7,37,5,36,0,0,2,1,0,0,1,0,0,0,0,0,1,1
21377,1,0,0,0,1,1,1,14,0,49,0,47,0,0,3,1,0,0,0,0,0,0,0,0,1,1
21379,1,0,0,0,1,1,1,13,11,40,11,38,0,0,2,1,0,0,1,0,0,0,0,0,1,1
21381,1,0,0,0,1,1,0,11,7,39,,,0,0,2,1,0,0,1,0,0,0,0,0,1,1
21384,1,0,0,0,1,1,1,12,7,41,5,45,0,0,2,1,0,0,1,0,0,0,0,0,1,1
21385,1,0,0,0,1,1,0,12,8,37,8,43,0,0,3,1,0,0,1,0,0,0,0,0,1,1
21387,1,0,0,0,1,1,0,13,8,36,,,1,0,1,0,0,0,0,0,0,0,0,0,1,1
21395,1,0,0,0,1,0,1,12,5,39,,,0,0,2,1,0,0,0,0,0,0,0,0,1,1
21397,1,0,0,0,1,0,0,13,,,5,38,1,0,2,1,0,0,0,0,0,0,0,0,1,1
21399,1,0,0,0,1,0,0,13,,,,,0,0,2,1,0,0,0,0,0,0,0,0,1,1
21401,1,0,0,0,1,0,1,16,5,46,5,54,0,1,3,1,0,0,0,0,0,0,0,0,1,1
21402,1,0,0,0,1,0,1,16,7,35,8,39,0,0,2,1,0,0,0,0,0,0,0,0,1,1
21404,1,0,0,0,1,1,1,13,5,36,11,43,1,0,2,1,0,0,1,0,0,0,0,0,1,1
21406,1,0,0,0,1,1,1,13,11,36,,40,1,0,3,1,1,0,1,0,0,0,0,0,1,1
21407,1,0,0,0,1,1,1,12,8,39,5,37,0,0,2,1,0,0,1,0,0,0,0,0,1,1
21408,1,0,0,0,1,1,0,12,6,31,,,0,0,2,1,0,0,1,0,0,0,0,0,1,1
21409,1,0,0,0,1,1,1,14,7,48,7,49,0,0,3,1,1,1,0,0,0,0,0,0,1,1
21410,1,0,0,0,1,1,1,12,11,30,,32,0,0,2,1,0,0,1,0,0,0,0,0,1,1
21411,1,0,0,0,1,1,1,12,3,54,2,52,0,0,2,1,0,0,1,0,0,0,0,0,1,1
21412,1,0,0,0,1,1,1,12,11,45,5,59,0,0,2,1,0,0,1,0,0,0,0,0,1,1
21413,1,0,0,0,1,1,0,12,5,36,,35,0,0,2,1,0,0,1,0,0,0,0,0,1,1
21414,1,0,0,0,1,1,1,14,5,38,5,49,0,0,2,1,0,0,1,0,0,0,0,0,1,1
21417,1,0,0,0,1,1,0,12,6,43,5,43,0,0,2,1,0,0,1,0,0,0,0,0,1,1
21418,1,0,0,0,1,1,0,14,1,38,5,42,0,0,2,1,0,0,1,0,0,0,0,0,1,1
21420,1,0,0,0,1,0,0,,,,,,1,,,,,,,,,,,0,1,1
21422,1,0,0,0,1,0,0,15,5,42,,,1,0,2,1,0,0,0,12,1,0,0,0,1,1
21423,1,0,0,0,1,0,1,12,11,36,,,1,0,2,1,0,0,0,0,0,0,0,0,1,1
21428,1,0,0,0,1,0,1,12,11,45,4,40,0,0,3,1,0,0,0,0,0,0,0,0,1,1
21430,1,0,0,0,1,0,0,12,7,28,3,39,0,0,2,1,0,0,0,0,0,0,0,0,1,1
21431,1,0,0,0,1,0,1,14,3,34,5,36,0,0,1,1,0,0,0,0,0,0,0,0,1,1
21432,1,0,0,0,1,0,0,16,5,33,,,0,0,1,1,0,0,0,8,1,0,0,0,1,1
21433,1,0,0,0,1,0,0,12,11,50,11,54,0,0,2,1,0,0,1,0,0,0,0,0,1,1
21434,1,0,0,0,1,1,0,14,5,40,7,46,1,0,2,1,0,0,1,0,0,0,0,0,1,1
21436,1,0,0,0,1,1,0,14,8,34,11,48,0,0,2,1,0,0,1,0,0,0,0,0,1,1
21438,1,0,0,0,1,1,1,16,2,46,9,43,0,0,3,1,0,0,0,0,0,0,0,0,1,1
21439,1,0,0,0,1,1,0,11,11,33,11,34,0,0,2,1,0,0,1,0,0,0,0,0,1,1
21440,1,0,0,0,1,1,0,11,8,36,11,37,1,0,2,1,0,0,1,0,0,0,0,0,1,1
21441,1,0,0,0,1,1,1,12,9,34,11,39,0,0,2,1,0,0,1,0,0,0,0,0,1,1
21442,1,0,0,0,1,1,0,12,9,42,9,40,0,0,2,1,0,0,1,0,0,0,0,0,1,1
21445,1,0,0,0,1,0,1,13,3,34,3,43,0,0,2,1,0,0,0,0,0,0,0,0,1,1
21446,1,0,0,0,1,0,0,13,6,38,9,37,0,0,2,1,0,0,1,0,0,0,0,0,1,1
21447,1,0,0,0,1,0,0,11,,,,,1,,1,1,0,0,0,0,0,,,0,1,1
21448,1,0,0,0,1,0,0,13,7,33,,32,0,1,2,1,0,0,0,0,0,0,0,0,1,1
21450,1,0,0,0,1,0,1,15,2,26,5,36,0,1,3,1,0,0,0,40,1,0,0,0,1,1
21453,1,0,0,0,1,0,0,12,7,32,,38,0,0,2,1,1,0,0,0,0,0,0,0,1,1
21456,1,0,0,0,1,1,1,14,9,42,10,43,0,1,3,1,0,0,1,0,0,0,0,0,1,1
21457,1,0,0,0,1,1,0,11,7,37,11,40,0,0,2,1,0,0,1,0,0,0,0,0,1,1
21458,1,0,0,0,1,1,1,16,7,33,7,35,0,0,2,1,0,0,1,0,0,0,0,0,1,1
21459,1,0,0,0,1,1,0,14,11,44,9,39,0,1,3,1,0,0,0,0,0,0,0,0,1,1
21462,1,0,0,0,1,1,1,13,5,32,,39,1,1,2,0,0,0,0,0,0,0,0,0,1,1
21465,1,0,0,0,1,1,1,14,5,40,,,1,0,2,1,0,0,1,0,0,0,0,0,1,1
21467,1,0,0,0,1,1,0,12,8,27,11,30,0,0,2,1,0,0,1,0,0,0,0,0,1,1
21468,1,0,0,0,1,1,1,11,11,33,8,34,1,0,2,1,0,0,1,0,0,0,0,0,1,1
21469,1,0,0,0,1,0,0,15,0,42,5,43,1,0,2,1,0,0,0,0,0,0,0,0,1,1
21471,1,0,0,0,1,0,1,12,9,35,11,39,0,0,2,1,0,0,0,0,0,0,0,0,1,1
21472,1,0,0,0,1,0,1,12,8,39,8,39,0,0,2,1,0,0,0,0,0,0,0,0,1,1
21473,1,0,0,0,1,0,0,13,6,38,1,39,0,0,2,1,0,0,1,0,0,0,0,0,1,1
21476,1,0,0,0,1,0,0,13,5,34,5,34,0,0,3,1,1,0,0,0,0,0,0,0,1,1
21479,1,0,0,0,1,0,0,15,6,32,,,0,0,2,1,0,0,0,0,0,0,0,0,1,1
21480,1,0,0,0,1,0,0,12,9,40,5,53,0,0,2,1,1,0,0,0,0,0,0,0,1,1
21483,1,0,0,0,1,0,1,14,5,38,5,41,1,0,2,1,1,0,0,0,0,0,0,0,1,1
