"date","epu_news","epu_3comp","epu_news_legacy","epu_govt_disagreement","epu_cpi_disagreement","epu_tax_expiration"
1900-01-01,139.906192383458,,,,,
1900-02-01,121.120392206964,,,,,
1900-03-01,166.519785904701,,,,,
1900-04-01,87.0369895678334,,,,,
1900-05-01,89.7153516890109,,,,,
1900-06-01,103.108051328574,,,,,
1900-07-01,102.413271510794,,,,,
1900-08-01,99.2813540425858,,,,,
1900-09-01,92.6006363982734,,,,,
1900-10-01,103.015073223295,,,,,
1900-11-01,95.546745828201,,,,,
1900-12-01,64.2245928833058,,,,,
1901-01-01,104.351735355135,,,,,
1901-02-01,82.1487860727213,,,,,
1901-03-01,124.652300743224,,,,,
1901-04-01,82.4029756179127,,,,,
1901-05-01,86.5466874955288,,,,,
1901-06-01,74.8265565450476,,,,,
1901-07-01,73.2012992647555,,,,,
1901-08-01,79.4442715442419,,,,,
1901-09-01,83.678516684529,,,,,
1901-10-01,115.473176210981,,,,,
1901-11-01,94.6647503354865,,,,,
1901-12-01,112.022243825375,,,,,
1902-01-01,80.2824821284144,,,,,
1902-02-01,78.6275459405724,,,,,
1902-03-01,55.0160857880715,,,,,
1902-04-01,84.9122731683741,,,,,
1902-05-01,65.6164714150384,,,,,
1902-06-01,54.0382820995418,,,,,
1902-07-01,39.2984149135336,,,,,
1902-08-01,48.4563063581486,,,,,
1902-09-01,52.5078254435654,,,,,
1902-10-01,92.3718583989872,,,,,
1902-11-01,92.3839344397526,,,,,
1902-12-01,78.1054609143515,,,,,
1903-01-01,64.4139644649041,,,,,
1903-02-01,73.8442854622961,,,,,
1903-03-01,61.6396311584042,,,,,
1903-04-01,69.2879582384284,,,,,
1903-05-01,49.6296011434129,,,,,
1903-06-01,50.6808093791229,,,,,
1903-07-01,51.2085842208701,,,,,
1903-08-01,63.7129688200056,,,,,
1903-09-01,58.7938269529693,,,,,
1903-10-01,55.4431923832416,,,,,
1903-11-01,57.1371052891614,,,,,
1903-12-01,70.5958379050086,,,,,
1904-01-01,78.077678611977,,,,,
1904-02-01,77.5700403829909,,,,,
1904-03-01,77.3317052716878,,,,,
1904-04-01,58.7231117326589,,,,,
1904-05-01,71.8967312486184,,,,,
1904-06-01,76.4182972557551,,,,,
1904-07-01,104.234827426743,,,,,
1904-08-01,63.7156951899453,,,,,
1904-09-01,69.9842197790023,,,,,
1904-10-01,70.0244411442265,,,,,
1904-11-01,64.5849256407956,,,,,
1904-12-01,54.9603656024293,,,,,
1905-01-01,77.1480457314577,,,,,
1905-02-01,75.3771647350396,,,,,
1905-03-01,59.4404285541256,,,,,
1905-04-01,51.6513600345794,,,,,
1905-05-01,59.8885682043466,,,,,
1905-06-01,63.3328846976811,,,,,
1905-07-01,62.3169118299959,,,,,
1905-08-01,78.3117908133192,,,,,
1905-09-01,41.4517137456757,,,,,
1905-10-01,61.3820929197,,,,,
1905-11-01,89.725279231726,,,,,
1905-12-01,67.7800978550498,,,,,
1906-01-01,49.4707678685847,,,,,
1906-02-01,83.5876129911598,,,,,
1906-03-01,50.2942501281916,,,,,
1906-04-01,56.5347775650691,,,,,
1906-05-01,53.650515244534,,,,,
1906-06-01,73.5676329995582,,,,,
1906-07-01,62.7770460262287,,,,,
1906-08-01,55.5940910325117,,,,,
1906-09-01,35.0374246768274,,,,,
1906-10-01,51.1748453928666,,,,,
1906-11-01,60.3623712933477,,,,,
1906-12-01,56.3315000150556,,,,,
1907-01-01,25.7454299108043,,,,,
1907-02-01,43.755666742827,,,,,
1907-03-01,50.1837728767229,,,,,
1907-04-01,43.2816784384768,,,,,
1907-05-01,52.2312915186509,,,,,
1907-06-01,46.6920708884585,,,,,
1907-07-01,59.4534158544089,,,,,
1907-08-01,52.8061110590855,,,,,
1907-09-01,54.2337806048904,,,,,
1907-10-01,42.4576331242083,,,,,
1907-11-01,46.8754711271998,,,,,
1907-12-01,63.565715208807,,,,,
1908-01-01,64.22721553265,,,,,
1908-02-01,66.8278390674767,,,,,
1908-03-01,75.5549714702362,,,,,
1908-04-01,67.4650095030536,,,,,
1908-05-01,64.180281963172,,,,,
1908-06-01,62.4290337937652,,,,,
1908-07-01,34.7486739474821,,,,,
1908-08-01,43.2449317132028,,,,,
1908-09-01,44.9095065078152,,,,,
1908-10-01,71.2059668996077,,,,,
1908-11-01,57.980590806478,,,,,
1908-12-01,74.4473095961013,,,,,
1909-01-01,100.430800499492,,,,,
1909-02-01,102.300438320084,,,,,
1909-03-01,112.701613726105,,,,,
1909-04-01,84.1068086579337,,,,,
1909-05-01,74.6218565411526,,,,,
1909-06-01,62.3469611682441,,,,,
1909-07-01,76.7590934982152,,,,,
1909-08-01,79.3556645212023,,,,,
1909-09-01,48.9829624991869,,,,,
1909-10-01,55.3169199667961,,,,,
1909-11-01,48.3673289044107,,,,,
1909-12-01,77.9069841461883,,,,,
1910-01-01,79.9112364825519,,,,,
1910-02-01,83.8842538943794,,,,,
1910-03-01,57.8424053387744,,,,,
1910-04-01,64.6338002671328,,,,,
1910-05-01,62.0695308010397,,,,,
1910-06-01,82.6605731255287,,,,,
1910-07-01,63.3599187300449,,,,,
1910-08-01,42.8003852407555,,,,,
1910-09-01,71.8188815330581,,,,,
1910-10-01,56.070716803434,,,,,
1910-11-01,86.7609446114407,,,,,
1910-12-01,57.8515179339533,,,,,
1911-01-01,46.5591233108293,,,,,
1911-02-01,77.7762961958189,,,,,
1911-03-01,66.2109237824843,,,,,
1911-04-01,86.7192341148092,,,,,
1911-05-01,74.9835450749982,,,,,
1911-06-01,65.3682383954761,,,,,
1911-07-01,55.8978442051392,,,,,
1911-08-01,71.2698810122969,,,,,
1911-09-01,62.3954801811109,,,,,
1911-10-01,75.9791887059593,,,,,
1911-11-01,67.7476407172625,,,,,
1911-12-01,74.0296045320547,,,,,
1912-01-01,57.0206937379054,,,,,
1912-02-01,72.1698720283361,,,,,
1912-03-01,59.9171061853457,,,,,
1912-04-01,40.4023354376154,,,,,
1912-05-01,35.7590903546924,,,,,
1912-06-01,61.5872893007308,,,,,
1912-07-01,56.0484242840088,,,,,
1912-08-01,57.1552045330817,,,,,
1912-09-01,43.4050096351775,,,,,
1912-10-01,44.1548206375014,,,,,
1912-11-01,95.516444597078,,,,,
1912-12-01,72.4367525292522,,,,,
1913-01-01,68.7078044959379,,,,,
1913-02-01,78.9347811617641,,,,,
1913-03-01,80.4792549153652,,,,,
1913-04-01,100.680767134722,,,,,
1913-05-01,78.8904035641046,,,,,
1913-06-01,88.0885682342417,,,,,
1913-07-01,78.6591066360698,,,,,
1913-08-01,80.7522623400316,,,,,
1913-09-01,82.9912195668546,,,,,
1913-10-01,91.9955748956274,,,,,
1913-11-01,100.831902859639,,,,,
1913-12-01,115.132157710102,,,,,
1914-01-01,102.754586356232,,,,,
1914-02-01,73.8367434932782,,,,,
1914-03-01,59.8361152174636,,,,,
1914-04-01,75.9546661937301,,,,,
1914-05-01,62.8893754311891,,,,,
1914-06-01,120.922582214057,,,,,
1914-07-01,113.562494669015,,,,,
1914-08-01,167.936905584218,,,,,
1914-09-01,135.14756554662,,,,,
1914-10-01,81.6474451656066,,,,,
1914-11-01,110.181870029951,,,,,
1914-12-01,74.5905181040742,,,,,
1915-01-01,98.9242588493994,,,,,
1915-02-01,117.585816569675,,,,,
1915-03-01,111.80428240248,,,,,
1915-04-01,69.8942717968347,,,,,
1915-05-01,102.531142559001,,,,,
1915-06-01,93.6315450317151,,,,,
1915-07-01,92.4344611870043,,,,,
1915-08-01,125.602381398291,,,,,
1915-09-01,96.6817454878724,,,,,
1915-10-01,83.7101514661661,,,,,
1915-11-01,88.1345016408341,,,,,
1915-12-01,81.6601138954894,,,,,
1916-01-01,74.1018459268423,,,,,
1916-02-01,89.881971417118,,,,,
1916-03-01,100.269070456603,,,,,
1916-04-01,87.1496745862642,,,,,
1916-05-01,83.1928820390234,,,,,
1916-06-01,87.2205750219238,,,,,
1916-07-01,68.7464626436152,,,,,
1916-08-01,91.2321172263772,,,,,
1916-09-01,60.5464753504158,,,,,
1916-10-01,78.6093207502147,,,,,
1916-11-01,67.060380642658,,,,,
1916-12-01,69.3171185430006,,,,,
1917-01-01,45.7646605921291,,,,,
1917-02-01,88.4573690374952,,,,,
1917-03-01,60.654418855908,,,,,
1917-04-01,90.7864890962908,,,,,
1917-05-01,58.1250884132811,,,,,
1917-06-01,77.6936160639525,,,,,
1917-07-01,119.241567705053,,,,,
1917-08-01,107.939060323865,,,,,
1917-09-01,99.1968217572278,,,,,
1917-10-01,83.2142929333867,,,,,
1917-11-01,88.6031705603564,,,,,
1917-12-01,105.825086414657,,,,,
1918-01-01,115.801377809698,,,,,
1918-02-01,122.756214170772,,,,,
1918-03-01,87.7170262438205,,,,,
1918-04-01,89.7348363437428,,,,,
1918-05-01,113.960633583576,,,,,
1918-06-01,101.379918034743,,,,,
1918-07-01,130.366120178766,,,,,
1918-08-01,83.8383204877869,,,,,
1918-09-01,80.3554569759846,,,,,
1918-10-01,79.3941152276886,,,,,
1918-11-01,170.388860462578,,,,,
1918-12-01,190.022428335262,,,,,
1919-01-01,149.588287717888,,,,,
1919-02-01,132.692276791975,,,,,
1919-03-01,107.283916590805,,,,,
1919-04-01,84.6527494211268,,,,,
1919-05-01,98.1731735654732,,,,,
1919-06-01,95.6321671472351,,,,,
1919-07-01,107.824078635105,,,,,
1919-08-01,100.906063085444,,,,,
1919-09-01,88.6717743256864,,,,,
1919-10-01,85.0128821460395,,,,,
1919-11-01,95.687954010403,,,,,
1919-12-01,111.763016422686,,,,,
1920-01-01,54.0781774857515,,,,,
1920-02-01,66.251500761179,,,,,
1920-03-01,65.5560393509135,,,,,
1920-04-01,49.1342019446995,,,,,
1920-05-01,52.2347365241453,,,,,
1920-06-01,93.4303270763843,,,,,
1920-07-01,62.1296146603082,,,,,
1920-08-01,82.2534697880683,,,,,
1920-09-01,53.8487253025944,,,,,
1920-10-01,71.9947916630793,,,,,
1920-11-01,50.8976372840812,,,,,
1920-12-01,60.0742132531198,,,,,
1921-01-01,51.5901945176718,,,,,
1921-02-01,49.324855216514,,,,,
1921-03-01,68.967809803093,,,,,
1921-04-01,69.6559737286015,,,,,
1921-05-01,70.1708946251168,,,,,
1921-06-01,77.6683526903266,,,,,
1921-07-01,73.9617268108934,,,,,
1921-08-01,101.42925940376,,,,,
1921-09-01,103.870694050288,,,,,
1921-10-01,65.5964088884171,,,,,
1921-11-01,55.6129237292146,,,,,
1921-12-01,72.6790808834832,,,,,
1922-01-01,74.3335132855755,,,,,
1922-02-01,72.6336216281846,,,,,
1922-03-01,60.0371257316033,,,,,
1922-04-01,60.3559480250387,,,,,
1922-05-01,58.8177864105371,,,,,
1922-06-01,65.6361190592777,,,,,
1922-07-01,68.2325789530553,,,,,
1922-08-01,65.6334890013195,,,,,
1922-09-01,66.1513437089656,,,,,
1922-10-01,48.9126251181887,,,,,
1922-11-01,57.1448398821425,,,,,
1922-12-01,50.3553119245037,,,,,
1923-01-01,79.2094925676428,,,,,
1923-02-01,57.6876690274696,,,,,
1923-03-01,48.1980865269594,,,,,
1923-04-01,61.3051840981135,,,,,
1923-05-01,64.4138237012387,,,,,
1923-06-01,62.7244300498385,,,,,
1923-07-01,86.3769561495558,,,,,
1923-08-01,66.0148696310882,,,,,
1923-09-01,63.223585415833,,,,,
1923-10-01,67.1243169811891,,,,,
1923-11-01,62.5719015054957,,,,,
1923-12-01,65.9443544433549,,,,,
1924-01-01,80.4895528887787,,,,,
1924-02-01,60.3419679704839,,,,,
1924-03-01,77.113225245815,,,,,
1924-04-01,81.8993380404684,,,,,
1924-05-01,123.799643361817,,,,,
1924-06-01,91.3796227304507,,,,,
1924-07-01,73.2712069461436,,,,,
1924-08-01,85.832274850737,,,,,
1924-09-01,58.9892661894062,,,,,
1924-10-01,104.7444659815,,,,,
1924-11-01,100.658393120543,,,,,
1924-12-01,77.578856633611,,,,,
1925-01-01,78.596207503494,,,,,
1925-02-01,47.3082601292822,,,,,
1925-03-01,65.3582071321654,,,,,
1925-04-01,62.0505721578994,,,,,
1925-05-01,65.025456644473,,,,,
1925-06-01,55.5961728530363,,,,,
1925-07-01,33.3005344012877,,,,,
1925-08-01,58.1323488549683,,,,,
1925-09-01,53.3688101070709,,,,,
1925-10-01,69.7616798326758,,,,,
1925-11-01,66.7632285450747,,,,,
1925-12-01,53.2446787800618,,,,,
1926-01-01,52.5162194031894,,,,,
1926-02-01,54.6272224581966,,,,,
1926-03-01,43.1116951996289,,,,,
1926-04-01,39.0277412022667,,,,,
1926-05-01,59.4964895360103,,,,,
1926-06-01,49.9101727629392,,,,,
1926-07-01,64.7072566746108,,,,,
1926-08-01,66.7739488094842,,,,,
1926-09-01,62.5409186818877,,,,,
1926-10-01,58.7211410413438,,,,,
1926-11-01,84.5348783729194,,,,,
1926-12-01,62.0916158792739,,,,,
1927-01-01,59.1845350277219,,,,,
1927-02-01,50.0186941403208,,,,,
1927-03-01,43.0348382383401,,,,,
1927-04-01,51.7029165791724,,,,,
1927-05-01,52.6700518635903,,,,,
1927-06-01,57.778772753416,,,,,
1927-07-01,65.6830526287556,,,,,
1927-08-01,54.5211681492658,,,,,
1927-09-01,53.2994210286604,,,,,
1927-10-01,50.8927253730214,,,,,
1927-11-01,49.0715917480684,,,,,
1927-12-01,64.5214412277165,,,,,
1928-01-01,61.2085313203062,,,,,
1928-02-01,49.887643167867,,,,,
1928-03-01,44.9189080389388,,,,,
1928-04-01,51.7948204354272,,,,,
1928-05-01,41.8320868039449,,,,,
1928-06-01,47.8335679025785,,,,,
1928-07-01,62.9078154713518,,,,,
1928-08-01,75.0154021150543,,,,,
1928-09-01,54.6135387482004,,,,,
1928-10-01,54.076303106418,,,,,
1928-11-01,61.0088839911363,,,,,
1928-12-01,45.0299631622969,,,,,
1929-01-01,65.4403834782821,,,,,
1929-02-01,90.8905060363808,,,,,
1929-03-01,74.9243502494057,,,,,
1929-04-01,81.8770381124292,,,,,
1929-05-01,68.0606546573481,,,,,
1929-06-01,79.3850767186494,,,,,
1929-07-01,71.4284772114782,,,,,
1929-08-01,65.5691822320901,,,,,
1929-09-01,65.5080018979546,,,,,
1929-10-01,55.1043668320966,,,,,
1929-11-01,59.9771530015443,,,,,
1929-12-01,75.8100500491036,,,,,
1930-01-01,63.7197032501012,,,,,
1930-02-01,78.4232163673757,,,,,
1930-03-01,65.1767183158275,,,,,
1930-04-01,56.556492212605,,,,,
1930-05-01,52.364490989155,,,,,
1930-06-01,87.9481749995761,,,,,
1930-07-01,52.8359085044589,,,,,
1930-08-01,59.1083003900063,,,,,
1930-09-01,61.0702124975512,,,,,
1930-10-01,57.4071344510133,,,,,
1930-11-01,77.8869068023391,,,,,
1930-12-01,63.6225022348604,,,,,
1931-01-01,70.5644105645626,,,,,
1931-02-01,71.9742920282339,,,,,
1931-03-01,77.1732350189439,,,,,
1931-04-01,58.744781928511,,,,,
1931-05-01,69.7201397341655,,,,,
1931-06-01,72.9431609283199,,,,,
1931-07-01,53.0638122872971,,,,,
1931-08-01,72.8230969303785,,,,,
1931-09-01,64.1684429980535,,,,,
1931-10-01,75.6224639434712,,,,,
1931-11-01,60.7280012098236,,,,,
1931-12-01,100.781820629226,,,,,
1932-01-01,117.845192144643,,,,,
1932-02-01,100.164905344233,,,,,
1932-03-01,108.306601662744,,,,,
1932-04-01,114.770098745558,,,,,
1932-05-01,190.285063700375,,,,,
1932-06-01,165.585633769662,,,,,
1932-07-01,113.462552466606,,,,,
1932-08-01,74.7137974404771,,,,,
1932-09-01,64.8817369421364,,,,,
1932-10-01,116.128690374739,,,,,
1932-11-01,174.456337702479,,,,,
1932-12-01,141.066233158336,,,,,
1933-01-01,131.827691542081,,,,,
1933-02-01,119.434710271161,,,,,
1933-03-01,99.4438249468717,,,,,
1933-04-01,132.795256526109,,,,,
1933-05-01,112.601301092998,,,,,
1933-06-01,121.16543657988,,,,,
1933-07-01,66.6182493783638,,,,,
1933-08-01,80.5257069249353,,,,,
1933-09-01,94.4877585478262,,,,,
1933-10-01,105.741146818416,,,,,
1933-11-01,129.859667328014,,,,,
1933-12-01,136.487709727025,,,,,
1934-01-01,134.865223268356,,,,,
1934-02-01,101.679151952851,,,,,
1934-03-01,143.815940232011,,,,,
1934-04-01,129.275275858335,,,,,
1934-05-01,154.955235847517,,,,,
1934-06-01,160.840194265685,,,,,
1934-07-01,130.166309860089,,,,,
1934-08-01,126.768349064343,,,,,
1934-09-01,169.568800982624,,,,,
1934-10-01,169.459375754338,,,,,
1934-11-01,125.506588019704,,,,,
1934-12-01,130.180163968206,,,,,
1935-01-01,180.551108068179,,,,,
1935-02-01,182.126846172719,,,,,
1935-03-01,235.139553840875,,,,,
1935-04-01,150.290624321915,,,,,
1935-05-01,211.278112235916,,,,,
1935-06-01,173.866463858464,,,,,
1935-07-01,138.333121379946,,,,,
1935-08-01,127.001424059729,,,,,
1935-09-01,157.322658440519,,,,,
1935-10-01,139.117693599001,,,,,
1935-11-01,109.432636899516,,,,,
1935-12-01,139.059313720945,,,,,
1936-01-01,194.16576978218,,,,,
1936-02-01,127.452015961173,,,,,
1936-03-01,121.74530879504,,,,,
1936-04-01,121.055492748617,,,,,
1936-05-01,151.999569305572,,,,,
1936-06-01,152.527358964548,,,,,
1936-07-01,94.5617706013518,,,,,
1936-08-01,103.097086579904,,,,,
1936-09-01,90.53437396301,,,,,
1936-10-01,95.1330488243104,,,,,
1936-11-01,92.3122931426963,,,,,
1936-12-01,72.9913465535582,,,,,
1937-01-01,131.320497829933,,,,,
1937-02-01,94.6980150121961,,,,,
1937-03-01,87.2971800903377,,,,,
1937-04-01,111.249673560946,,,,,
1937-05-01,99.7065343981246,,,,,
1937-06-01,135.755220064154,,,,,
1937-07-01,115.514886707613,,,,,
1937-08-01,121.749013102023,,,,,
1937-09-01,127.651604021432,,,,,
1937-10-01,95.1933549419979,,,,,
1937-11-01,176.989342817633,,,,,
1937-12-01,163.907064103267,,,,,
1938-01-01,201.805680676738,,,,,
1938-02-01,139.519759078964,,,,,
1938-03-01,126.126540836423,,,,,
1938-04-01,137.314585131828,,,,,
1938-05-01,140.774852371033,,,,,
1938-06-01,131.389101595263,,,,,
1938-07-01,93.9131464485827,,,,,
1938-08-01,107.337110439085,,,,,
1938-09-01,174.963901845326,,,,,
1938-10-01,131.236632319832,,,,,
1938-11-01,108.018702924005,,,,,
1938-12-01,98.2337019415797,,,,,
1939-01-01,117.277544142528,,,,,
1939-02-01,112.443571701651,,,,,
1939-03-01,98.4655915587319,,,,,
1939-04-01,135.257879808582,,,,,
1939-05-01,126.945414938143,,,,,
1939-06-01,97.0120955846397,,,,,
1939-07-01,111.340651340454,,,,,
1939-08-01,115.045254668275,,,,,
1939-09-01,176.267891989573,,,,,
1939-10-01,177.342289186998,,,,,
1939-11-01,121.601729856369,,,,,
1939-12-01,108.228514871537,,,,,
1940-01-01,154.608068197046,,,,,
1940-02-01,113.588572990177,,,,,
1940-03-01,131.366060805827,,,,,
1940-04-01,135.115338075866,,,,,
1940-05-01,141.496155026813,,,,,
1940-06-01,175.171713467086,,,,,
1940-07-01,123.621466195922,,,,,
1940-08-01,164.373214094041,,,,,
1940-09-01,149.900486710437,,,,,
1940-10-01,142.437641689679,,,,,
1940-11-01,110.399386936008,,,,,
1940-12-01,123.102492787567,,,,,
1941-01-01,137.099216723821,,,,,
1941-02-01,129.5619151327,,,,,
1941-03-01,118.577237290675,,,,,
1941-04-01,95.0248089742595,,,,,
1941-05-01,97.1101856335565,,,,,
1941-06-01,119.293872519657,,,,,
1941-07-01,109.491831725109,,,,,
1941-08-01,104.926643798937,,,,,
1941-09-01,82.7321403364453,,,,,
1941-10-01,88.1353165883705,,,,,
1941-11-01,100.073408961747,,,,,
1941-12-01,153.647393224007,,,,,
1942-01-01,159.5665794387,,,,,
1942-02-01,121.455039299831,,,,,
1942-03-01,114.483978074171,,,,,
1942-04-01,159.551243607789,,,,,
1942-05-01,164.773279248233,,,,,
1942-06-01,117.377634517216,,,,,
1942-07-01,139.499311304416,,,,,
1942-08-01,133.366905179766,,,,,
1942-09-01,157.62344816756,,,,,
1942-10-01,124.663784094872,,,,,
1942-11-01,99.9590199621037,,,,,
1942-12-01,149.384106316971,,,,,
1943-01-01,108.816240217501,,,,,
1943-02-01,90.9702227226606,,,,,
1943-03-01,148.207173902249,,,,,
1943-04-01,102.499285518945,,,,,
1943-05-01,132.874899126249,,,,,
1943-06-01,115.069258577526,,,,,
1943-07-01,114.348104094025,,,,,
1943-08-01,94.3831489186189,,,,,
1943-09-01,117.494097928769,,,,,
1943-10-01,88.5762032055183,,,,,
1943-11-01,99.6540073251019,,,,,
1943-12-01,91.5774327233568,,,,,
1944-01-01,83.61191324497,,,,,
1944-02-01,97.8657160858625,,,,,
1944-03-01,74.7961812277849,,,,,
1944-04-01,145.522218114641,,,,,
1944-05-01,90.3767186578024,,,,,
1944-06-01,70.1456979290166,,,,,
1944-07-01,84.6959416405517,,,,,
1944-08-01,77.219687028514,,,,,
1944-09-01,112.820670152547,,,,,
1944-10-01,108.259186533358,,,,,
1944-11-01,88.4798171378138,,,,,
1944-12-01,112.774662659815,,,,,
1945-01-01,71.2960482368266,,,,,
1945-02-01,74.4308624730956,,,,,
1945-03-01,100.262254531753,,,,,
1945-04-01,92.1156685280248,,,,,
1945-05-01,85.4860703200814,,,,,
1945-06-01,96.8557738299461,,,,,
1945-07-01,110.393311872555,,,,,
1945-08-01,153.881949942187,,,,,
1945-09-01,130.225949202519,,,,,
1945-10-01,133.811866534596,,,,,
1945-11-01,97.8917944070247,,,,,
1945-12-01,102.884977962042,,,,,
1946-01-01,96.1915175017076,,,,,
1946-02-01,81.0928363240727,,,,,
1946-03-01,111.869478205385,,,,,
1946-04-01,97.8371188359517,,,,,
1946-05-01,82.595673667182,,,,,
1946-06-01,86.7704276373179,,,,,
1946-07-01,126.343909570201,,,,,
1946-08-01,85.6744713732501,,,,,
1946-09-01,89.0287954327332,,,,,
1946-10-01,86.2324140910689,,,,,
1946-11-01,84.5159864073048,,,,,
1946-12-01,88.5372338960543,,,,,
1947-01-01,84.6543052300598,,,,,
1947-02-01,112.759771345742,,,,,
1947-03-01,96.7156028536995,,,,,
1947-04-01,114.072207309912,,,,,
1947-05-01,120.839383479213,,,,,
1947-06-01,104.327138756766,,,,,
1947-07-01,83.2916388631972,,,,,
1947-08-01,82.9700309309104,,,,,
1947-09-01,84.2444607054317,,,,,
1947-10-01,63.5174999491129,,,,,
1947-11-01,101.665520103153,,,,,
1947-12-01,87.830452123648,,,,,
1948-01-01,88.5056732005569,,,,,
1948-02-01,63.1125895613865,,,,,
1948-03-01,52.8877539849966,,,,,
1948-04-01,64.3047392691956,,,,,
1948-05-01,51.2758618443001,,,,,
1948-06-01,54.7126956375284,,,,,
1948-07-01,65.2304826273826,,,,,
1948-08-01,51.4039271453255,,,,,
1948-09-01,76.2175238172624,,,,,
1948-10-01,68.996155160129,,,,,
1948-11-01,68.201440548554,,,,,
1948-12-01,58.4269894324169,,,,,
1949-01-01,102.561369703985,,,,,
1949-02-01,72.502303945628,,,,,
1949-03-01,58.4704113188747,,,,,
1949-04-01,54.1527896370084,,,,,
1949-05-01,44.3149356025459,,,,,
1949-06-01,56.1819052818436,,,,,
1949-07-01,66.2560644673824,,,,,
1949-08-01,52.864661335263,,,,,
1949-09-01,53.8007915702309,,,,,
1949-10-01,48.691026065836,,,,,
1949-11-01,37.5526120753922,,,,,
1949-12-01,48.7278320600217,,,,,
1950-01-01,74.3021748484971,,,,,
1950-02-01,49.5932470746792,,,,,
1950-03-01,39.7138899847762,,,,,
1950-04-01,42.2395087118059,,,,,
1950-05-01,41.5875803172077,,,,,
1950-06-01,60.9048448252045,,,,,
1950-07-01,78.2022174127543,,,,,
1950-08-01,66.3437083706063,,,,,
1950-09-01,57.4273081068441,,,,,
1950-10-01,55.6360015617203,,,,,
1950-11-01,72.2673175278378,,,,,
1950-12-01,67.387685799085,,,,,
1951-01-01,97.2905112975016,,,,,
1951-02-01,51.6426697303967,,,,,
1951-03-01,54.9416662607778,,,,,
1951-04-01,60.76774101514,,,,,
1951-05-01,65.6125967099339,,,,,
1951-06-01,60.4743673106796,,,,,
1951-07-01,88.519156877976,,,,,
1951-08-01,55.5298879838778,,,,,
1951-09-01,51.5209091598569,,,,,
1951-10-01,45.3502968129815,,,,,
1951-11-01,41.2704916394406,,,,,
1951-12-01,35.979607749406,,,,,
1952-01-01,70.919305399401,,,,,
1952-02-01,42.1924047442068,,,,,
1952-03-01,43.0672286986018,,,,,
1952-04-01,42.3479115513641,,,,,
1952-05-01,62.8595928030437,,,,,
1952-06-01,65.0353545527323,,,,,
1952-07-01,58.3710173538999,,,,,
1952-08-01,41.5566345366696,,,,,
1952-09-01,40.6254310299893,,,,,
1952-10-01,63.9260627835247,,,,,
1952-11-01,50.2892196793084,,,,,
1952-12-01,48.1045972273158,,,,,
1953-01-01,42.5170946599036,,,,,
1953-02-01,42.6012046542656,,,,,
1953-03-01,72.7611016487066,,,,,
1953-04-01,58.2575766568444,,,,,
1953-05-01,44.2701505311182,,,,,
1953-06-01,74.4491617495929,,,,,
1953-07-01,53.8623867867486,,,,,
1953-08-01,44.8731672563094,,,,,
1953-09-01,33.6658012956792,,,,,
1953-10-01,47.9516686178189,,,,,
1953-11-01,56.2180074577025,,,,,
1953-12-01,52.9791096038178,,,,,
1954-01-01,70.0553795161507,,,,,
1954-02-01,66.4136901381341,,,,,
1954-03-01,54.5620340639052,,,,,
1954-04-01,33.6440273792316,,,,,
1954-05-01,36.6005829548521,,,,,
1954-06-01,57.6030107956742,,,,,
1954-07-01,35.6113033232882,,,,,
1954-08-01,36.3164700178499,,,,,
1954-09-01,44.3097347555414,,,,,
1954-10-01,43.4270947134117,,,,,
1954-11-01,42.832805335473,,,,,
1954-12-01,32.9033586065424,,,,,
1955-01-01,55.4905482437156,,,,,
1955-02-01,53.7416411963222,,,,,
1955-03-01,42.5715998328553,,,,,
1955-04-01,40.4314661077318,,,,,
1955-05-01,35.3311021344604,,,,,
1955-06-01,23.6218988895797,,,,,
1955-07-01,26.7071420897987,,,,,
1955-08-01,32.8023421551089,,,,,
1955-09-01,30.295133833786,,,,,
1955-10-01,30.7269967591225,,,,,
1955-11-01,36.9756218110654,,,,,
1955-12-01,28.0323801389025,,,,,
1956-01-01,51.9844587271283,,,,,
1956-02-01,50.9871111149549,,,,,
1956-03-01,45.7079254263735,,,,,
1956-04-01,38.2035847587887,,,,,
1956-05-01,30.2288711904694,,,,,
1956-06-01,29.7755973707695,,,,,
1956-07-01,40.8873848026177,,,,,
1956-08-01,28.8260056842244,,,,,
1956-09-01,21.9444701497354,,,,,
1956-10-01,33.7036296785923,,,,,
1956-11-01,48.4642113492509,,,,,
1956-12-01,40.6282907549804,,,,,
1957-01-01,56.5110625917623,,,,,
1957-02-01,43.2764924087002,,,,,
1957-03-01,30.2229220734543,,,,,
1957-04-01,30.6921836820938,,,,,
1957-05-01,32.4718216602203,,,,,
1957-06-01,40.4662199158487,,,,,
1957-07-01,41.4312363366722,,,,,
1957-08-01,37.400616951255,,,,,
1957-09-01,25.6564524570664,,,,,
1957-10-01,23.6475401025179,,,,,
1957-11-01,38.6061243900458,,,,,
1957-12-01,44.4388076280661,,,,,
1958-01-01,49.8397983388711,,,,,
1958-02-01,41.4273245884979,,,,,
1958-03-01,39.7608902317799,,,,,
1958-04-01,39.6612888256139,,,,,
1958-05-01,53.7462938058932,,,,,
1958-06-01,42.0075894601979,,,,,
1958-07-01,44.6572950625529,,,,,
1958-08-01,30.381444186496,,,,,
1958-09-01,23.560763007128,,,,,
1958-10-01,30.0905894107842,,,,,
1958-11-01,34.4832381262895,,,,,
1958-12-01,36.6687792464139,,,,,
1959-01-01,32.4611458474946,,,,,
1959-02-01,35.4841715076227,,,,,
1959-03-01,32.4815788048143,,,,,
1959-04-01,30.3830963074105,,,,,
1959-05-01,26.526942372291,,,,,
1959-06-01,27.0222897107067,,,,,
1959-07-01,31.6049619658394,,,,,
1959-08-01,30.1462577361287,,,,,
1959-09-01,33.9053588282867,,,,,
1959-10-01,26.4072191705919,,,,,
1959-11-01,27.3197381528486,,,,,
1959-12-01,33.6250465102494,,,,,
1960-01-01,45.8352646832301,,,,,
1960-02-01,43.3934077457059,,,,,
1960-03-01,26.0868632940655,,,,,
1960-04-01,34.0780980715302,,,,,
1960-05-01,34.7627429054046,,,,,
1960-06-01,33.491454383205,,,,,
1960-07-01,38.6214305865006,,,,,
1960-08-01,37.1384779632775,,,,,
1960-09-01,33.1234685274878,,,,,
1960-10-01,32.3533505142817,,,,,
1960-11-01,49.2936871775568,,,,,
1960-12-01,33.6379300899372,,,,,
1961-01-01,45.9821923154142,,,,,
1961-02-01,30.7635879035032,,,,,
1961-03-01,29.4577456057638,,,,,
1961-04-01,22.4534863809193,,,,,
1961-05-01,34.9920172818265,,,,,
1961-06-01,42.0244070139019,,,,,
1961-07-01,34.1166969502958,,,,,
1961-08-01,39.5456403615965,,,,,
1961-09-01,34.1083474423555,,,,,
1961-10-01,29.784791460702,,,,,
1961-11-01,37.8566912270342,,,,,
1961-12-01,34.2083192792198,,,,,
1962-01-01,43.6485233676431,,,,,
1962-02-01,28.5102505569712,,,,,
1962-03-01,31.6488283691351,,,,,
1962-04-01,35.0668739173443,,,,,
1962-05-01,29.9023735729647,,,,,
1962-06-01,53.7251422130188,,,,,
1962-07-01,51.6360612467385,,,,,
1962-08-01,55.1224660760168,,,,,
1962-09-01,49.9721013670853,,,,,
1962-10-01,43.5324452040157,,,,,
1962-11-01,38.7906951897938,,,,,
1962-12-01,41.2482880233829,,,,,
1963-01-01,58.0633302072562,,,,,
1963-02-01,54.3271365494826,,,,,
1963-03-01,40.6067094624959,,,,,
1963-04-01,34.9239913883859,,,,,
1963-05-01,39.9742731312436,,,,,
1963-06-01,45.9935497206249,,,,,
1963-07-01,49.3033109670993,,,,,
1963-08-01,41.8503934890562,,,,,
1963-09-01,47.0577674824601,,,,,
1963-10-01,34.4105966663478,,,,,
1963-11-01,39.3479266806719,,,,,
1963-12-01,49.6639400691478,,,,,
1964-01-01,49.5109447821251,,,,,
1964-02-01,35.3789691892981,,,,,
1964-03-01,44.7854196324899,,,,,
1964-04-01,34.7092082608825,,,,,
1964-05-01,28.5154736298176,,,,,
1964-06-01,40.3065494676422,,,,,
1964-07-01,35.5362911068772,,,,,
1964-08-01,52.3349824797264,,,,,
1964-09-01,43.9289764493459,,,,,
1964-10-01,36.5649401130591,,,,,
1964-11-01,43.7986218866049,,,,,
1964-12-01,50.1573315334763,,,,,
1965-01-01,36.3291757908024,,,,,
1965-02-01,38.1083396176351,,,,,
1965-03-01,25.8740064061933,,,,,
1965-04-01,43.3965860410975,,,,,
1965-05-01,40.6496720148878,,,,,
1965-06-01,45.5563822276883,,,,,
1965-07-01,41.3900963033161,,,,,
1965-08-01,44.4322287788639,,,,,
1965-09-01,37.9449130021476,,,,,
1965-10-01,38.3151288506687,,,,,
1965-11-01,34.2448807891446,,,,,
1965-12-01,55.0795924269925,,,,,
1966-01-01,59.7834696066175,,,,,
1966-02-01,45.8756342207337,,,,,
1966-03-01,47.2139781079442,,,,,
1966-04-01,29.7172249013273,,,,,
1966-05-01,51.0007948249511,,,,,
1966-06-01,34.2812052234224,,,,,
1966-07-01,46.0061517729819,,,,,
1966-08-01,46.7625416245081,,,,,
1966-09-01,49.3884433501886,,,,,
1966-10-01,56.4753678896716,,,,,
1966-11-01,49.0282143132944,,,,,
1966-12-01,61.4490371555015,,,,,
1967-01-01,66.8775582758061,,,,,
1967-02-01,49.5918468466395,,,,,
1967-03-01,49.3580013554002,,,,,
1967-04-01,43.0589755026431,,,,,
1967-05-01,49.8178095726185,,,,,
1967-06-01,77.2919210146876,,,,,
1967-07-01,42.2984590531376,,,,,
1967-08-01,46.5902913497864,,,,,
1967-09-01,39.5204658913382,,,,,
1967-10-01,62.8795293832276,,,,,
1967-11-01,64.6183014467148,,,,,
1967-12-01,67.4709512114547,,,,,
1968-01-01,106.396660982174,,,,,
1968-02-01,60.6242657970643,,,,,
1968-03-01,91.1049854107117,,,,,
1968-04-01,76.4150374656099,,,,,
1968-05-01,60.4840874122037,,,,,
1968-06-01,54.0408084369044,,,,,
1968-07-01,56.4934819508197,,,,,
1968-08-01,52.0484913776409,,,,,
1968-09-01,42.7012579858835,,,,,
1968-10-01,53.0736064749608,,,,,
1968-11-01,67.5794948146783,,,,,
1968-12-01,56.1982783187096,,,,,
1969-01-01,65.947636459342,,,,,
1969-02-01,59.5917791288477,,,,,
1969-03-01,57.020360350277,,,,,
1969-04-01,53.1950114320302,,,,,
1969-05-01,51.7662231855164,,,,,
1969-06-01,50.3053408232995,,,,,
1969-07-01,63.0306132478469,,,,,
1969-08-01,51.6211551154379,,,,,
1969-09-01,47.2471983329701,,,,,
1969-10-01,55.9060899924839,,,,,
1969-11-01,54.5242575412899,,,,,
1969-12-01,74.2259402107816,,,,,
1970-01-01,56.0430085871992,,,,,
1970-02-01,42.5462549644759,,,,,
1970-03-01,40.6589550081878,,,,,
1970-04-01,42.4514913832301,,,,,
1970-05-01,75.3784982855536,,,,,
1970-06-01,69.6214569961314,,,,,
1970-07-01,49.262007944236,,,,,
1970-08-01,43.846407446689,,,,,
1970-09-01,58.8025024399241,,,,,
1970-10-01,47.5848310972665,,,,,
1970-11-01,58.3518142264986,,,,,
1970-12-01,70.2707331069296,,,,,
1971-01-01,69.0033192898346,,,,,
1971-02-01,59.0260203232941,,,,,
1971-03-01,56.2368327457914,,,,,
1971-04-01,54.9076384968295,,,,,
1971-05-01,56.6985968370969,,,,,
1971-06-01,71.1901272829472,,,,,
1971-07-01,71.0326942361586,,,,,
1971-08-01,97.0055760043492,,,,,
1971-09-01,77.7932619218022,,,,,
1971-10-01,72.9177493824148,,,,,
1971-11-01,113.881287327994,,,,,
1971-12-01,80.2519586388723,,,,,
1972-01-01,83.3100122258341,,,,,
1972-02-01,53.1669920540088,,,,,
1972-03-01,62.7085533901082,,,,,
1972-04-01,58.7831881833134,,,,,
1972-05-01,72.4274176756544,,,,,
1972-06-01,57.1309783654111,,,,,
1972-07-01,64.5862443740816,,,,,
1972-08-01,60.9055782779871,,,,,
1972-09-01,63.5288499457096,,,,,
1972-10-01,56.2351139473512,,,,,
1972-11-01,75.4269506208947,,,,,
1972-12-01,66.0583211520019,,,,,
1973-01-01,92.8237097648054,,,,,
1973-02-01,82.5668541588522,,,,,
1973-03-01,82.178050097889,,,,,
1973-04-01,72.5524528535674,,,,,
1973-05-01,82.0245436165027,,,,,
1973-06-01,98.0644891985843,,,,,
1973-07-01,80.3118943258615,,,,,
1973-08-01,99.787658721058,,,,,
1973-09-01,62.6452616009922,,,,,
1973-10-01,103.718150688718,,,,,
1973-11-01,101.720047501946,,,,,
1973-12-01,112.020317585743,,,,,
1974-01-01,118.711555461888,,,,,
1974-02-01,109.72601801259,,,,,
1974-03-01,99.993692275467,,,,,
1974-04-01,77.3137023397492,,,,,
1974-05-01,105.906062565311,,,,,
1974-06-01,90.9205850090849,,,,,
1974-07-01,92.5079546375522,,,,,
1974-08-01,112.01446478071,,,,,
1974-09-01,77.5025479097558,,,,,
1974-10-01,91.8988183972246,,,,,
1974-11-01,93.2152550129362,,,,,
1974-12-01,120.380197585568,,,,,
1975-01-01,96.2402661816073,,,,,
1975-02-01,78.7719398267799,,,,,
1975-03-01,86.5027544147074,,,,,
1975-04-01,83.954265296363,,,,,
1975-05-01,77.8286750965622,,,,,
1975-06-01,79.6019268494495,,,,,
1975-07-01,81.9884636664857,,,,,
1975-08-01,81.1962605750454,,,,,
1975-09-01,85.7956022116027,,,,,
1975-10-01,105.816640594735,,,,,
1975-11-01,95.7226263237663,,,,,
1975-12-01,100.863759899696,,,,,
1976-01-01,86.6331460205182,,,,,
1976-02-01,65.1267916663071,,,,,
1976-03-01,75.1435711366751,,,,,
1976-04-01,64.3915534076554,,,,,
1976-05-01,80.2910020344759,,,,,
1976-06-01,62.3398637160642,,,,,
1976-07-01,54.3452728364726,,,,,
1976-08-01,79.2385343343916,,,,,
1976-09-01,75.0714112366412,,,,,
1976-10-01,70.5735824286532,,,,,
1976-11-01,99.7787683842982,,,,,
1976-12-01,79.4903531231137,,,,,
1977-01-01,79.9865080004518,,,,,
1977-02-01,72.6013274799046,,,,,
1977-03-01,62.1565894237603,,,,,
1977-04-01,83.6835545420263,,,,,
1977-05-01,98.4183246016255,,,,,
1977-06-01,70.4149269605601,,,,,
1977-07-01,80.2269916098051,,,,,
1977-08-01,71.9480284917226,,,,,
1977-09-01,73.6852151118209,,,,,
1977-10-01,97.9166132638125,,,,,
1977-11-01,97.8088920167393,,,,,
1977-12-01,117.11559184122,,,,,
1978-01-01,109.370182283778,,,,,
1978-02-01,97.0251347452208,,,,,
1978-03-01,101.883481526048,,,,,
1978-04-01,85.0693357844644,,,,,
1978-05-01,79.218308818263,,,,,
1978-06-01,82.9648449011338,,,,,
1978-07-01,103.364611630235,,,,,
1978-08-01,76.2260437233239,,,,,
1978-09-01,83.7016315601046,,,,,
1978-10-01,77.3966788161742,,,,,
1978-11-01,93.7051866545423,,,,,
1978-12-01,92.0487687439071,,,,,
1979-01-01,85.1500155905599,,,,,
1979-02-01,108.878176230261,,,,,
1979-03-01,90.8333856226989,,,,,
1979-04-01,95.047923849835,,,,,
1979-05-01,94.0761359558462,,,,,
1979-06-01,93.996715614125,,,,,
1979-07-01,129.596587446063,,,,,
1979-08-01,65.0068832492589,,,,,
1979-09-01,94.9336830224713,,,,,
1979-10-01,120.161050784438,,,,,
1979-11-01,116.156398590974,,,,,
1979-12-01,105.369160311157,,,,,
1980-01-01,104.432785591928,,,,,
1980-02-01,77.0704775432282,,,,,
1980-03-01,83.0011471095698,,,,,
1980-04-01,95.0269574723098,,,,,
1980-05-01,81.989500872441,,,,,
1980-06-01,77.2616197835645,,,,,
1980-07-01,102.064992568228,,,,,
1980-08-01,94.4590872117758,,,,,
1980-09-01,80.9844483017425,,,,,
1980-10-01,87.091961483465,,,,,
1980-11-01,96.392142767921,,,,,
1980-12-01,85.77848831334,,,,,
1981-01-01,109.169260673006,,,,,
1981-02-01,80.0308855981113,,,,,
1981-03-01,81.1120987203857,,,,,
1981-04-01,92.2802138442213,,,,,
1981-05-01,80.3658290355378,,,,,
1981-06-01,104.646005501885,,,,,
1981-07-01,100.127195499144,,,,,
1981-08-01,79.28535677466,,,,,
1981-09-01,111.777018703083,,,,,
1981-10-01,101.420369067,,,,,
1981-11-01,78.6344359515613,,,,,
1981-12-01,87.0409902193753,,,,,
1982-01-01,123.959447165075,,,,,
1982-02-01,101.93600859907,,,,,
1982-03-01,118.213844775617,,,,,
1982-04-01,110.733811770457,,,,,
1982-05-01,119.34410292235,,,,,
1982-06-01,125.727809232744,,,,,
1982-07-01,108.755489582976,,,,,
1982-08-01,116.873922853632,,,,,
1982-09-01,114.947386877777,,,,,
1982-10-01,108.552789904852,,,,,
1982-11-01,103.150132255904,,,,,
1982-12-01,111.547129411701,,,,,
1983-01-01,119.606960545882,,,,,
1983-02-01,115.988741656912,,,,,
1983-03-01,104.210823517491,,,,,
1983-04-01,103.453514997833,,,,,
1983-05-01,97.012466015338,,,,,
1983-06-01,106.108465898877,,,,,
1983-07-01,108.590499749941,,,,,
1983-08-01,84.145926139677,,,,,
1983-09-01,90.2202487308294,,,,,
1983-10-01,97.2095351468476,,,,,
1983-11-01,99.47738596814,,,,,
1983-12-01,81.4358551507227,,,,,
1984-01-01,120.505773592301,,,,,
1984-02-01,122.941577692214,,,,,
1984-03-01,99.4737557472964,,,,,
1984-04-01,88.7353402335192,,,,,
1984-05-01,85.6372801311381,,,,,
1984-06-01,107.437200813773,,,,,
1984-07-01,98.238962057496,,,,,
1984-08-01,103.430770552956,,,,,
1984-09-01,88.6372501846024,,,,,
1984-10-01,91.1041704631754,,,,,
1984-11-01,106.90444738344,,,,,
1984-12-01,129.871224765802,,,,,
1985-01-01,103.748803010488,125.224740141702,103.748803010488,94.1955562789587,204.033654671226,13.4948054516345
1985-02-01,78.31319296403,99.020809434542,78.31319296403,131.445217258732,136.022436447484,13.4948054516345
1985-03-01,100.761475145363,112.190508890677,100.761475145363,131.683538697752,136.022436447484,13.4948054516345
1985-04-01,84.7788628658326,102.811319236337,84.7788628658326,131.495527423806,136.022436447484,13.4948054516345
1985-05-01,98.0536525651731,120.082715831248,98.0536525651731,139.016894351046,170.028045559355,13.4948054516345
1985-06-01,119.597149498084,132.713190478744,119.597149498084,139.188360297988,170.028045559355,13.4948054516345
1985-07-01,111.415114817042,128.001824356731,111.415114817042,139.70540525952,170.028045559355,13.4948054516345
1985-08-01,111.247010767599,126.766109606365,111.247010767599,131.968380107728,170.028045559355,13.4948054516345
1985-09-01,111.184459383461,126.768557207702,111.184459383461,132.234002271564,170.028045559355,13.4948054516345
1985-10-01,93.0991037655582,116.0577068327,93.0991037655582,131.356685190306,170.028045559355,13.4948054516345
1985-11-01,85.0991326829496,122.036876294891,85.0991326829496,238.152404255397,149.624680092232,13.4948054516345
1985-12-01,104.177217014177,133.243920372631,104.177217014177,238.45381198774,149.624680092232,13.4948054516345
1986-01-01,144.266473318573,155.932915965996,144.266473318573,233.232495070897,149.624680092232,13.4948054516345
1986-02-01,118.993527885559,159.46768008096,118.993527885559,346.445145207057,156.425801914606,13.4948054516345
1986-03-01,120.160060534647,160.198100361702,120.160060534647,346.770807367519,156.425801914606,13.4948054516345
1986-04-01,102.477357564116,150.366263149854,102.477357564116,350.270432856744,156.425801914606,13.4948054516345
1986-05-01,132.386172268195,132.637918742622,132.386172268195,167.757788251556,122.420192802735,13.4948054516345
1986-06-01,115.05228327325,122.511768750454,115.05228327325,167.866931774259,122.420192802735,13.4948054516345
1986-07-01,130.82105163978,132.119627444758,130.82105163978,170.461655481301,122.420192802735,13.4948054516345
1986-08-01,118.302607950067,127.552498898584,118.302607950067,212.07297877615,108.817949157987,13.4948054516345
1986-09-01,125.89421513978,132.018331595545,125.89421513978,212.235724150464,108.817949157987,13.4948054516345
1986-10-01,91.8204622634173,111.509265421751,91.8204622634173,208.342936363208,108.817949157987,13.4948054516345
1986-11-01,98.328942976875,115.020285171823,98.328942976875,160.615654953138,136.022436447484,13.4948054516345
1986-12-01,87.979676017659,108.968108640917,87.979676017659,160.637836064072,136.022436447484,13.4948054516345
1987-01-01,110.433328623319,122.114276736088,110.433328623319,160.694706264228,136.022436447484,13.4948054516345
1987-02-01,76.9660740779089,109.145234814877,76.9660740779089,274.238860926226,95.2157055132386,13.4948054516345
1987-03-01,99.0595757715731,122.084860861308,99.0595757715731,274.324200676465,95.2157055132386,13.4948054516345
1987-04-01,79.5323592153435,110.859711098842,79.5323592153435,275.687298321515,95.2157055132386,13.4948054516345
1987-05-01,87.5850502909806,110.042914412591,87.5850502909806,146.667116031265,149.624680092232,13.4948054516345
1987-06-01,106.572849213977,121.15791018195,106.572849213977,146.701713162773,149.624680092232,13.4948054516345
1987-07-01,81.3894136598218,106.348002277035,81.3894136598218,146.192314709923,149.624680092232,13.4948054516345
1987-08-01,52.7901502314496,74.8379637294057,52.7901502314496,91.3797614633915,122.420192802736,13.4948054516345
1987-09-01,59.8695948457739,78.9813938891465,59.8695948457739,91.3878677884108,122.420192802736,13.4948054516345
1987-10-01,170.322090142583,143.603090162383,170.322090142583,91.3543702264574,122.420192802736,13.4948054516345
1987-11-01,183.102534279517,155.422080156747,183.102534279517,120.884997111146,122.420192802736,13.4948054516345
1987-12-01,149.011146806819,135.472651385262,149.011146806819,120.869413404725,122.420192802736,13.4948054516345
1988-01-01,142.872846650638,131.52145543127,142.872846650638,118.422989552545,122.420192802736,13.4948054516345
1988-02-01,102.032894303291,116.584323283367,102.032894303291,179.365446272036,122.420192802735,13.4948054516345
1988-03-01,82.3536346655524,105.052458542454,82.3536346655524,179.247245411331,122.420192802735,13.4948054516345
1988-04-01,97.8568013114887,113.655977387003,97.8568013114887,176.066972816708,122.420192802735,13.4948054516345
1988-05-01,99.127443743271,96.1457239568861,99.127443743271,120.452339964291,81.6134618684903,13.4948054516345
1988-06-01,88.2859453115135,89.782509783947,88.2859453115135,120.317861986101,81.6134618684903,13.4948054516345
1988-07-01,80.8358943320345,85.1819821319039,80.8358943320345,118.675401606275,81.6134618684903,13.4948054516345
1988-08-01,94.8896906388785,100.158454632107,94.8896906388785,141.763996159898,95.2157055132387,13.4948054516345
1988-09-01,85.3568023322038,94.5540877091915,85.3568023322038,141.583050769258,95.2157055132387,13.4948054516345
1988-10-01,98.2537982720136,102.230780886314,98.2537982720136,142.471202448793,95.2157055132387,13.4948054516345
1988-11-01,102.23399611028,113.959892467591,102.23399611028,92.1530566320045,163.226923736981,13.4948054516345
1988-12-01,77.8281014814719,99.666328423869,77.8281014814719,92.0613307529799,163.226923736981,13.4948054516345
1989-01-01,87.4264064300865,105.075362725698,87.4264064300865,90.6531215237909,163.226923736981,13.4948054516345
1989-02-01,51.3506410608093,84.844837272516,51.3506410608093,119.47667730678,149.624680092232,13.4948054516345
1989-03-01,72.5232480338659,97.2156728757328,72.5232480338659,119.358157313435,149.624680092232,13.4948054516345
1989-04-01,92.3798268753371,108.863055367491,92.3798268753371,119.556404162169,149.624680092232,13.4948054516345
1989-05-01,83.7528651533958,87.8160391372909,83.7528651533958,90.7041500934868,102.016827335613,13.4948054516345
1989-06-01,95.7862993902311,94.8397425554284,95.7862993902311,90.587462696441,102.016827335613,13.4948054516345
1989-07-01,78.2565947967469,84.5699201335259,78.2565947967469,90.498654827133,102.016827335613,13.4948054516345
1989-08-01,83.109306121018,95.8603819593505,83.109306121018,113.709046262787,122.420192802736,13.4948054516345
1989-09-01,74.6954779155696,90.9182000494315,74.6954779155696,113.578536885963,122.420192802736,13.4948054516345
1989-10-01,76.4495539946468,91.5966916870919,76.4495539946468,111.212359827313,122.420192802736,13.4948054516345
1989-11-01,105.047478091724,107.849126234096,105.047478091724,119.370612917589,115.619070980361,13.4948054516345
1989-12-01,103.796680676249,107.095232750535,103.796680676249,119.220668279161,115.619070980361,13.4948054516345
1990-01-01,92.3214937924775,100.359178229736,92.3214937924775,119.072147814621,115.619070980361,13.4948054516345
1990-02-01,110.446266882951,89.5909540094099,110.446266882951,99.3693801895599,40.8067309342451,13.4948054516345
1990-03-01,104.461408315618,86.0652891005928,104.461408315618,99.2069516767808,40.8067309342451,13.4948054516345
1990-04-01,88.4481717842295,76.6617002383218,88.4481717842295,98.9748543905263,40.8067309342451,13.4948054516345
1990-05-01,97.3879363707864,118.537945921415,97.3879363707864,165.43755395787,149.624680092232,13.4948054516345
1990-06-01,100.864339634743,120.526735528799,100.864339634743,165.129522239405,149.624680092232,13.4948054516345
1990-07-01,86.2801783582467,111.56962109586,86.2801783582467,162.246511846983,149.624680092232,13.4948054516345
1990-08-01,139.322684017892,142.165239000124,139.322684017892,138.685903405079,161.866699372506,13.4948054516345
1990-09-01,165.938441855419,157.695285463714,165.938441855419,138.393104042673,161.866699372506,13.4948054516345
1990-10-01,137.674236649933,141.119529579939,137.674236649933,138.133597171012,161.866699372506,13.4948054516345
1990-11-01,152.448603254655,145.290935046432,152.448603254655,151.124693025991,136.022436447484,13.4948054516345
1990-12-01,134.061543708429,134.485115934816,134.061543708429,150.802203561192,136.022436447484,13.4948054516345
1991-01-01,204.010550582279,175.658608028658,204.010550582279,152.474157647323,136.022436447484,13.4948054516345
1991-02-01,106.518063691681,115.213452002364,106.518063691681,129.334708834076,136.022436447484,13.4948054516345
1991-03-01,107.937478105799,116.025707710974,107.937478105799,129.21052803378,136.022436447484,13.4948054516345
1991-04-01,93.0146431340395,107.241673526253,93.0146431340395,128.852936820453,136.022436447484,13.4948054516345
1991-05-01,82.1478229268762,94.7586764138946,82.1478229268762,142.035653878975,103.377051700088,13.4948054516345
1991-06-01,85.9190353459905,96.93760357603,85.9190353459905,141.847637163922,103.377051700088,13.4948054516345
1991-07-01,80.6489957492476,93.5315783507693,80.6489957492476,139.653895254329,103.377051700088,13.4948054516345
1991-08-01,99.1220876351474,100.595540574144,99.1220876351474,127.891211850571,95.2157055132386,13.4948054516345
1991-09-01,127.294451728554,117.047816623769,127.294451728554,127.676282809278,95.2157055132386,13.4948054516345
1991-10-01,108.120963653453,105.541423701469,108.120963653453,125.718245343311,95.2157055132386,13.4948054516345
1991-11-01,140.612362934065,122.249139475853,140.612362934065,132.902974154323,81.6134618684904,13.4948054516345
1991-12-01,171.01097815988,139.999117373201,171.01097815988,132.654745263343,81.6134618684904,13.4948054516345
1992-01-01,116.364859910683,109.200848334869,116.364859910683,132.094048907878,81.6134618684904,73.6451306883667
1992-02-01,154.59694387829,125.53676388246,154.59694387829,113.90002267194,68.0112182237419,73.6451306883667
1992-03-01,96.8284098902088,91.7058199258033,96.8284098902088,113.695113030942,68.0112182237419,73.6451306883667
1992-04-01,89.8542217702275,87.5822901040843,89.8542217702275,113.403431311137,68.0112182237419,73.6451306883667
1992-05-01,78.6804711635337,96.8749449353332,78.6804711635337,152.53381525115,108.817949157987,73.6451306883667
1992-06-01,122.293504860359,122.349164001842,122.293504860359,152.233759591081,108.817949157987,73.6451306883667
1992-07-01,119.613172953599,120.914932084854,119.613172953599,153.145662618828,108.817949157987,73.6451306883667
1992-08-01,122.407117834302,115.907505518234,122.407117834302,107.961245213984,108.817949157987,73.6451306883667
1992-09-01,141.44325171216,127.019625757903,141.44325171216,107.78389450299,108.817949157987,73.6451306883667
1992-10-01,161.254243633642,138.521783767399,161.254243633642,107.175679737861,108.817949157987,73.6451306883667
1992-11-01,108.150062364207,118.776862418883,108.150062364207,184.227524589397,108.817949157987,73.6451306883667
1992-12-01,87.8720951867547,106.867923522037,87.8720951867547,183.927246341697,108.817949157987,73.6451306883667
1993-01-01,83.4649778103666,102.530329406603,83.4649778103666,180.198957273322,108.817949157987,15.7485227185545
1993-02-01,106.976121079959,119.962534853911,106.976121079959,205.203100800416,108.817949157987,15.7485227185545
1993-03-01,109.796813640726,121.557861644466,109.796813640726,204.828394021273,108.817949157987,15.7485227185545
1993-04-01,89.6511295872764,109.256839071398,89.6511295872764,201.334386664217,108.817949157987,15.7485227185545
1993-05-01,133.505769010676,133.58966634861,133.505769010676,169.455231006623,122.420192802735,15.7485227185545
1993-06-01,120.680058283307,126.048767120401,120.680058283307,169.20710199704,122.420192802735,15.7485227185545
1993-07-01,106.502987837196,117.584500945973,106.502987837196,168.056426981697,122.420192802735,15.7485227185545
1993-08-01,115.576179987565,106.032365479536,115.576179987565,121.916413150315,81.6134618684904,15.7485227185545
1993-09-01,116.027291628249,106.274693255324,116.027291628249,121.769331981946,81.6134618684904,15.7485227185545
1993-10-01,78.8225077869617,84.4876850194574,78.8225077869617,121.64553963024,81.6134618684904,15.7485227185545
1993-11-01,89.2574966550325,84.5566092479705,89.2574966550325,103.433192744128,68.0112182237419,15.7485227185545
1993-12-01,77.2720126205901,77.5203270512968,77.2720126205901,103.273455983323,68.0112182237419,15.7485227185545
1994-01-01,82.292792334517,80.0098049523444,82.292792334517,100.629782100636,68.0112182237419,12.8990858467716
1994-02-01,96.1456534089858,94.5927035278197,96.1456534089858,121.840812182573,81.6134618684903,12.8990858467716
1994-03-01,83.2268832137652,87.0063177727993,83.2268832137652,121.653657282646,81.6134618684903,12.8990858467716
1994-04-01,106.354452288579,100.416374402492,106.354452288579,120.823290918534,81.6134618684903,12.8990858467716
1994-05-01,94.5038760033743,96.5272993041395,94.5038760033743,118.682949137632,95.2157055132387,12.8990858467716
1994-06-01,87.4688979669706,92.3797867157282,87.4688979669706,118.470082089499,95.2157055132387,12.8990858467716
1994-07-01,75.4320459890466,85.3709472417647,75.4320459890466,118.701487157805,95.2157055132387,12.8990858467716
1994-08-01,88.99729445095,92.8260579773489,88.99729445095,121.135700822916,91.8151446020517,12.8990858467716
1994-09-01,85.2934964737888,90.6300208341913,85.2934964737888,120.938996109279,91.8151446020517,12.8990858467716
1994-10-01,61.6862243171345,76.4989946562912,61.6862243171345,118.774216474797,91.8151446020517,12.8990858467716
1994-11-01,94.687280089308,91.7752836785051,94.687280089308,97.0531641468154,88.4145836908644,12.8990858467716
1994-12-01,94.7631866722129,91.7949997003088,94.7631866722129,96.8851557718808,88.4145836908644,12.8990858467716
1995-01-01,122.406377214198,107.95493867808,122.406377214198,96.4773414108212,88.4145836908644,15.0813298286203
1995-02-01,100.515557546066,86.3230655494078,100.515557546066,70.7344579235631,68.0112182237419,15.0813298286203
1995-03-01,86.4861820674715,78.0966214773084,86.4861820674715,70.6137344827726,68.0112182237419,15.0813298286203
1995-04-01,65.9955642208353,65.9917831074317,65.9955642208353,69.8272312030916,68.0112182237419,15.0813298286203
1995-05-01,67.3016551178701,74.7023598692724,67.3016551178701,78.1776465590895,95.2157055132386,15.0813298286203
1995-06-01,75.8233853357174,79.6735561567938,75.8233853357174,78.0760501967726,95.2157055132386,15.0813298286203
1995-07-01,81.6529427313606,83.0381067914738,81.6529427313606,77.7606179253333,95.2157055132386,15.0813298286203
1995-08-01,55.8880094807322,66.7637572619936,55.8880094807322,69.6036694017506,95.2157055132387,15.0813298286203
1995-09-01,70.3809161046273,75.2251767468263,70.3809161046273,69.4778630707864,95.2157055132387,15.0813298286203
1995-10-01,79.9055241600745,80.6260493182846,79.9055241600745,68.3074667529624,95.2157055132387,15.0813298286203
1995-11-01,101.200123873043,90.5328346047384,101.200123873043,73.7942876673804,81.6134618684904,15.0813298286203
1995-12-01,90.6706064674881,84.3472370156302,90.6706064674881,73.6263001474019,81.6134618684904,15.0813298286203
1996-01-01,101.57821855006,90.6631725843444,101.57821855006,74.6312525168323,81.6134618684904,4.8529554102662
1996-02-01,82.0213949857406,75.8346253960015,82.0213949857406,74.452528841266,68.0112182237419,4.8529554102662
1996-03-01,76.6304553233783,72.652431916857,76.6304553233783,74.2626504708244,68.0112182237419,4.8529554102662
1996-04-01,70.8810594656362,69.1906508499021,70.8810594656362,73.597593479597,68.0112182237419,4.8529554102662
1996-05-01,62.1096105748348,69.4277863893063,62.1096105748348,87.2706012671143,81.6134618684904,4.8529554102662
1996-06-01,82.2429366256439,81.1797055694395,82.2429366256439,87.078442581868,81.6134618684904,4.8529554102662
1996-07-01,69.6936720887051,73.6108335519184,69.6936720887051,85.5396915075765,81.6134618684904,4.8529554102662
1996-08-01,88.6474231768779,83.6582576550508,88.6474231768779,78.4474996284176,81.6134618684904,4.8529554102662
1996-09-01,78.9807622705682,77.9756247722493,78.9807622705682,78.2665912194131,81.6134618684904,4.8529554102662
1996-10-01,55.6702421797878,64.1959509388397,55.6702421797878,77.310779920361,81.6134618684904,4.8529554102662
1996-11-01,74.3711974271964,74.2086699290134,74.3711974271964,82.4151800877124,74.8123400461162,4.8529554102662
1996-12-01,67.1733464170916,69.9741717079326,67.1733464170916,82.2588608289753,74.8123400461162,4.8529554102662
1997-01-01,75.4455157332154,74.9683059090866,75.4455157332154,81.2628605965763,74.8123400461162,19.2178171025504
1997-02-01,92.0861408209121,87.6972900677925,92.0861408209121,67.3398118098089,95.2157055132387,19.2178171025504
1997-03-01,70.4526928054864,75.0123133287671,70.4526928054864,67.1556180612266,95.2157055132387,19.2178171025504
1997-04-01,71.1044387407756,75.4542948192033,71.1044387407756,67.5681292223277,95.2157055132387,19.2178171025504
1997-05-01,75.869498511403,73.4581292596962,75.869498511403,57.8756175556572,81.6134618684904,19.2178171025504
1997-06-01,84.4780464767476,78.4829781687321,84.4780464767476,57.79344190356,81.6134618684904,19.2178171025504
1997-07-01,76.7061986582935,73.8948660470328,76.7061986582935,57.5162813763919,81.6134618684904,19.2178171025504
1997-08-01,58.9150257557291,63.8098792951139,58.9150257557291,59.725561590815,81.6134618684904,19.2178171025504
1997-09-01,54.4143043187923,61.1595631402394,54.4143043187923,59.6105372255906,81.6134618684904,19.2178171025504
1997-10-01,92.9295583142579,83.652150218569,92.9295583142579,59.318092769204,81.6134618684904,19.2178171025504
1997-11-01,85.9828073780261,78.3938861263159,85.9828073780261,62.6244916282705,74.8123400461162,19.2178171025504
1997-12-01,103.69952524169,88.744479110736,103.69952524169,62.5183876722421,74.8123400461162,19.2178171025504
1998-01-01,107.953759739795,91.0406241578654,107.953759739795,61.5502951471475,74.8123400461162,16.7922672287349
1998-02-01,101.149469612125,88.8194374667666,101.149469612125,62.0968526842696,81.6134618684903,16.7922672287349
1998-03-01,83.3476145140671,78.3883228237112,83.3476145140671,61.9940665506985,81.6134618684903,16.7922672287349
1998-04-01,74.4572844533243,73.2001392997569,74.4572844533243,62.0867066885189,81.6134618684903,16.7922672287349
1998-05-01,80.1271410952733,75.8551037200482,80.1271410952733,57.5798663974763,81.6134618684903,16.7922672287349
1998-06-01,80.8877324654268,76.2863469888048,80.8877324654268,57.4860939930838,81.6134618684903,16.7922672287349
1998-07-01,101.418520149344,88.1770075027293,101.418520149344,56.6557345925601,81.6134618684903,16.7922672287349
1998-08-01,130.467037501714,101.408074844975,130.467037501714,53.893698417241,68.0112182237419,16.7922672287349
1998-09-01,169.037265176577,123.961474144696,169.037265176577,53.7961271714824,68.0112182237419,16.7922672287349
1998-10-01,145.02323404057,109.881343545455,145.02323404057,53.5965865051035,68.0112182237419,16.7922672287349
1998-11-01,113.504746043615,92.9463233510409,113.504746043615,63.8460885852674,68.0112182237419,16.7922672287349
1998-12-01,110.894983516597,91.4061793239984,110.894983516597,63.7566234684047,68.0112182237419,16.7922672287349
1999-01-01,123.322837472832,98.6450435969899,123.322837472832,63.4056766055195,68.0112182237419,17.692080261473
1999-02-01,94.9962815962865,82.3835935899294,94.9962815962865,65.5324535159881,68.0112182237419,17.692080261473
1999-03-01,67.027571479609,66.0005403066761,67.027571479609,65.4076805305829,68.0112182237419,17.692080261473
1999-04-01,69.7878940899544,67.5329473306538,69.7878940899544,64.8452423314306,68.0112182237419,17.692080261473
1999-05-01,64.77645683454,67.0885395825948,64.77645683454,58.9160563892799,81.6134618684904,17.692080261473
1999-06-01,74.9256192437459,73.0111135901145,74.9256192437459,58.8087076627621,81.6134618684904,17.692080261473
1999-07-01,86.5299378837669,79.8131147263711,86.5299378837669,58.891858898394,81.6134618684904,17.692080261473
1999-08-01,77.0253366321479,69.5531760817043,77.0253366321479,49.7810915181285,68.0112182237419,17.692080261473
1999-09-01,77.4983523882864,69.816236485195,77.4983523882864,49.6878625078518,68.0112182237419,17.692080261473
1999-10-01,65.3370789914859,62.7115522063977,65.3370789914859,49.7625016362166,68.0112182237419,17.692080261473
1999-11-01,76.3171824311263,82.0638270190972,76.3171824311263,69.1463529970101,108.817949157987,17.692080261473
1999-12-01,79.3224299274716,83.8094739093685,79.3224299274716,69.05963992393,108.817949157987,17.692080261473
2000-01-01,88.9886939107367,89.2015429158348,88.9886939107367,67.8174999453652,108.817949157987,13.8124595432172
2000-02-01,73.3651997030655,77.6013904471707,73.3651997030655,73.9446419250225,95.2157055132386,13.8124595432172
2000-03-01,73.2986243817434,77.5483112773159,73.2986243817434,73.8485516833293,95.2157055132386,13.8124595432172
2000-04-01,70.5997419211153,76.0592267714159,70.5997419211153,74.4611485247028,95.2157055132386,13.8124595432172
2000-05-01,118.14320821528,97.9862014919404,118.14320821528,80.0921563312933,68.0112182237419,13.8124595432172
2000-06-01,109.584229382318,92.9650166879656,109.584229382318,80.0019585696591,68.0112182237419,13.8124595432172
2000-07-01,86.6583480060101,79.4469713657402,86.6583480060101,79.2949429548163,68.0112182237419,13.8124595432172
2000-08-01,58.9064610781457,66.5813324866622,58.9064610781457,56.5289459587912,95.2157055132387,13.8124595432172
2000-09-01,73.5509924673377,75.1416515597038,73.5509924673377,56.4724092404239,95.2157055132387,13.8124595432172
2000-10-01,89.9134467128797,84.661722880917,89.9134467128797,56.1069109245586,95.2157055132387,13.8124595432172
2000-11-01,166.184032390776,125.067532752527,166.184032390776,50.2479057705481,81.6134618684904,13.8124595432172
2000-12-01,149.448500179552,115.268717958608,149.448500179552,50.2021664151357,81.6134618684904,13.8124595432172
2001-01-01,142.614124713119,111.416043242986,142.614124713119,50.222221414202,81.6134618684904,20.6604552364889
2001-02-01,128.625655351071,110.917847653395,128.625655351071,45.3787936830665,115.619070980361,20.6604552364889
2001-03-01,137.374156986369,116.026933348026,137.374156986369,45.3125960561867,115.619070980361,20.6604552364889
2001-04-01,148.758003374411,122.673400677945,148.758003374411,45.2152475669935,115.619070980361,20.6604552364889
2001-05-01,117.436255493499,100.429009550966,117.436255493499,52.8433551151942,95.2157055132386,20.6604552364889
2001-06-01,93.4612323510406,86.3902682165041,93.4612323510406,52.7701081152913,95.2157055132386,20.6604552364889
2001-07-01,120.294591482859,102.131850862723,120.294591482859,53.0501998651646,95.2157055132386,20.6604552364889
2001-08-01,95.3999695336858,84.289116918827,95.3999695336858,53.6129704313772,81.6134618684904,20.6604552364889
2001-09-01,272.764468579417,188.059492804943,272.764468579417,53.5654724630654,81.6134618684904,20.6604552364889
2001-10-01,247.294249796866,173.143341883429,247.294249796866,53.4748181655687,81.6134618684904,20.6604552364889
2001-11-01,172.488828133106,130.575632583829,172.488828133106,84.5013522346439,68.0112182237419,20.6604552364889
2001-12-01,149.708930216813,117.236578680608,149.708930216813,84.4308963371426,68.0112182237419,20.6604552364889
2002-01-01,148.449731452881,116.837448011636,148.449731452881,85.3463005362108,68.0112182237419,30.3699128518616
2002-02-01,104.609425722256,87.6006854211344,104.609425722256,83.8086828792879,54.4089745789936,30.3699128518616
2002-03-01,97.5129956901078,83.4404327423446,97.5129956901078,83.7537456769984,54.4089745789936,30.3699128518616
2002-04-01,106.16464875163,88.5661044458767,106.16464875163,84.1858611614942,54.4089745789936,30.3699128518616
2002-05-01,98.6400400135902,86.2988575484431,98.6400400135902,75.8596767336434,68.0112182237419,30.3699128518616
2002-06-01,111.14994799169,93.6102229047422,111.14994799169,75.8033520357522,68.0112182237419,30.3699128518616
2002-07-01,139.661116898029,110.305171709584,139.661116898029,75.8907011869035,68.0112182237419,30.3699128518616
2002-08-01,136.119066197447,116.014823359285,136.119066197447,83.1238540303528,95.2157055132387,30.3699128518616
2002-09-01,149.848207202753,124.043153315274,149.848207202753,83.0918950522144,95.2157055132387,30.3699128518616
2002-10-01,128.973613410632,111.885976346707,128.973613410632,83.4776826395512,95.2157055132387,30.3699128518616
2002-11-01,162.2214061864,123.284390705052,162.2214061864,85.8139128195874,61.2100964013677,30.3699128518616
2002-12-01,160.411315072894,122.221662680294,160.411315072894,85.7892224166033,61.2100964013677,30.3699128518616
2003-01-01,185.591626521386,138.953402688219,185.591626521386,86.1683666355877,61.2100964013677,123.261862439908
2003-02-01,161.759767159946,126.727739300302,161.759767159946,86.4325293524872,68.0112182237419,123.261862439908
2003-03-01,224.647203451602,163.523811142528,224.647203451602,86.43348240656,68.0112182237419,123.261862439908
2003-04-01,176.57986689384,135.627551307723,176.57986689384,87.9866307442067,68.0112182237419,123.261862439908
2003-05-01,122.309830470701,102.619816896332,122.309830470701,79.4567228416881,68.0112182237419,123.261862439908
2003-06-01,110.695541857281,95.8272930269594,110.695541857281,79.4777253521716,68.0112182237419,123.261862439908
2003-07-01,103.748247139724,91.7415145620991,103.748247139724,79.3358093713912,68.0112182237419,123.261862439908
2003-08-01,91.7141765440497,95.6718197720945,91.7141765440497,96.8388378092092,102.016827335613,123.261862439908
2003-09-01,109.553960024448,106.115768709272,109.553960024448,96.8779654927452,102.016827335613,123.261862439908
2003-10-01,78.5859867646707,88.0437917524568,78.5859867646707,97.2019539733749,102.016827335613,123.261862439908
2003-11-01,78.696099643296,84.9182407273284,78.696099643296,64.0751857466639,108.817949157987,123.261862439908
2003-12-01,90.3435899119752,91.7369944273756,90.3435899119752,64.10046353499,108.817949157987,123.261862439908
2004-01-01,88.2775957285727,96.5664641485463,88.2775957285727,64.7160873570235,108.817949157987,407.645583699324
2004-02-01,88.9014850820711,99.4573002272736,88.9014850820711,59.0451982534257,122.420192802735,407.645583699324
2004-03-01,84.3308961019282,96.7894699824872,84.3308961019282,59.0891241524542,122.420192802735,407.645583699324
2004-04-01,79.7269195001286,94.1152854810762,79.7269195001286,59.2227163855451,122.420192802735,407.645583699324
2004-05-01,97.2080383843216,92.3211810479629,97.2080383843216,57.4236841258536,74.8123400461162,407.645583699324
2004-06-01,85.2744896044661,85.3459806913695,85.2744896044661,57.4727484760188,74.8123400461162,407.645583699324
2004-07-01,88.9565011150722,87.544190641378,88.9565011150722,57.7709502499594,74.8123400461162,407.645583699324
2004-08-01,84.44987824708,85.925868038165,84.44987824708,53.2732185546011,81.6134618684903,407.645583699324
2004-09-01,108.509579874363,100.01188777071,108.509579874363,53.3310395621763,81.6134618684903,407.645583699324
2004-10-01,118.341452939038,105.695114456332,118.341452939038,52.8583967963426,81.6134618684903,407.645583699324
2004-11-01,96.6957674908088,95.2408553794384,96.6957674908088,47.4442874485434,93.78746993054,407.645583699324
2004-12-01,66.5328770070797,77.596430382263,66.5328770070797,47.4723046260744,93.78746993054,407.645583699324
2005-01-01,66.7343281095934,73.9184768652875,66.7343281095934,47.8348712979035,93.78746993054,223.606544003463
2005-02-01,51.6956873506846,58.9500485094744,51.6956873506846,33.1772819355666,77.5327887750659,223.606544003463
2005-03-01,49.3086398693495,57.5579567799125,49.3086398693495,33.2084955634164,77.5327887750659,223.606544003463
2005-04-01,78.3958732837246,74.5659716456976,78.3958732837246,33.1326234823303,77.5327887750659,223.606544003463
2005-05-01,75.0907651941784,70.5081186798805,75.0907651941784,58.6764344663304,53.7288623967561,223.606544003463
2005-06-01,82.0055894646693,74.5613262522669,82.0055894646693,58.7260237555338,53.7288623967561,223.606544003463
2005-07-01,71.9395470574921,68.7164506289065,71.9395470574921,59.0310859923901,53.7288623967561,223.606544003463
2005-08-01,59.6172324397816,64.3958594743049,59.6172324397816,40.5214613405578,76.4446092834861,223.606544003463
2005-09-01,105.7698563692,91.4060542112504,105.7698563692,40.5618203158827,76.4446092834861,223.606544003463
2005-10-01,79.829999733249,76.163686199595,79.829999733249,40.1213176388597,76.4446092834861,223.606544003463
2005-11-01,60.0678522269303,72.2159846261731,60.0678522269303,43.9341705227805,105.009320937457,223.606544003463
2005-12-01,70.0267564064756,78.0489271856031,70.0267564064756,43.9743720268461,105.009320937457,223.606544003463
2006-01-01,75.0792378739031,79.1753494436057,75.0792378739031,44.7765553209091,105.009320937457,130.478449434643
2006-02-01,69.491745278953,72.6929904927339,69.491745278953,56.9700766104272,84.7419779067825,130.478449434643
2006-03-01,55.0080728765831,64.2293265828747,55.0080728765831,57.0438601345392,84.7419779067825,130.478449434643
2006-04-01,81.651723645354,79.7615280554552,81.651723645354,56.6546988603846,84.7419779067825,130.478449434643
2006-05-01,67.8097990502753,70.8362572475222,67.8097990502753,63.0318040709397,77.6007999932895,130.478449434643
2006-06-01,82.5862825238093,79.4943327686198,82.5862825238093,63.1150633638584,77.6007999932895,130.478449434643
2006-07-01,84.4744564814431,80.5623092843135,84.4744564814431,62.8646658159828,77.6007999932895,130.478449434643
2006-08-01,71.5150949007655,72.7699636917568,71.5150949007655,53.9308071274563,82.0691370305893,130.478449434643
2006-09-01,61.7513464311406,67.0675403743226,61.7513464311406,54.0017071162535,82.0691370305893,130.478449434643
2006-10-01,55.6295108327093,63.4644711139942,55.6295108327093,53.8579313328558,82.0691370305893,130.478449434643
2006-11-01,49.5991309853597,62.5198468728111,49.5991309853597,49.3472018877718,95.2157055132387,130.478449434643
2006-12-01,51.0390388640623,63.3704079319125,51.0390388640623,49.402028990193,95.2157055132387,130.478449434643
2007-01-01,74.5100265359479,79.0196744348379,74.5100265359479,49.0640776695377,95.2157055132387,224.473904233699
2007-02-01,50.8600252727704,57.2026197030302,50.8600252727704,51.9164654369883,61.2100964013677,224.473904233699
2007-03-01,72.5298657438742,69.8872869017436,72.5298657438742,51.9537013400396,61.2100964013677,224.473904233699
2007-04-01,59.8413935121401,62.5017050376064,59.8413935121401,52.2158933082154,61.2100964013677,224.473904233699
2007-05-01,71.1373201476173,74.6818685619183,71.1373201476173,55.832808536134,81.6134618684904,224.473904233699
2007-06-01,68.759232806441,73.2965396663543,68.759232806441,55.8743634451446,81.6134618684904,224.473904233699
2007-07-01,44.782750655359,59.3239765616146,44.782750655359,56.2571105785348,81.6134618684904,224.473904233699
2007-08-01,90.0072966190591,89.1040513605624,90.0072966190591,55.9810238971376,95.2157055132387,224.473904233699
2007-09-01,109.892655464474,100.744382100063,109.892655464474,56.016747726731,95.2157055132387,224.473904233699
2007-10-01,90.6400758479256,89.4545296591926,90.6400758479256,55.8465643083912,95.2157055132387,224.473904233699
2007-11-01,106.5661652149,102.441110529028,106.5661652149,53.8100005061602,111.279955257687,224.473904233699
2007-12-01,116.990897208532,108.543793330536,116.990897208532,53.8310235770979,111.279955257687,224.473904233699
2008-01-01,177.04220662091,144.98472532693,177.04220662091,54.2266503360858,111.279955257687,284.062723223952
2008-02-01,108.314736745397,108.104689042156,108.314736745397,48.1504597524312,128.39157776278,284.062723223952
2008-03-01,114.474576062033,111.712364511561,114.474576062033,48.174304502878,128.39157776278,284.062723223952
2008-04-01,98.1976986520828,102.196904394465,98.1976986520828,48.2305514509258,128.39157776278,284.062723223952
2008-05-01,88.6734341314211,94.2840469183799,88.6734341314211,65.1968544274822,108.817949157987,284.062723223952
2008-06-01,89.1368833281785,94.5567551575328,89.1368833281785,65.2073337811863,108.817949157987,284.062723223952
2008-07-01,115.102724305681,109.788976262875,115.102724305681,65.4753857293415,108.817949157987,284.062723223952
2008-08-01,81.1630782735328,95.8707549914773,81.1630782735328,60.1780585703391,136.022436447484,284.062723223952
2008-09-01,238.17187424023,187.740301913533,238.17187424023,60.1948619643577,136.022436447484,284.062723223952
2008-10-01,241.772277821142,189.917289823996,241.772277821142,60.6735201671961,136.022436447484,284.062723223952
2008-11-01,162.713384024143,148.842566138166,162.713384024143,109.416597322153,127.997112697082,284.062723223952
2008-12-01,157.828677026966,145.994699324972,157.828677026966,109.486076293107,127.997112697082,284.062723223952
2009-01-01,184.817830401067,171.946212081862,184.817830401067,109.287968596636,127.997112697082,771.235278086665
2009-02-01,202.547966730206,187.114026658069,202.547966730206,128.415047261779,136.022436447484,771.235278086665
2009-03-01,167.991219442629,166.90338143868,167.991219442629,128.474763549462,136.022436447484,771.235278086665
2009-04-01,107.927248006627,131.856117980601,107.927248006627,129.132149694665,136.022436447484,771.235278086665
2009-05-01,125.944621283226,138.805846293035,125.944621283226,140.710751020702,114.58530046336,771.235278086665
2009-06-01,112.472635132104,130.93348363951,112.472635132104,140.78015162543,114.58530046336,771.235278086665
2009-07-01,104.355107099051,126.282153343362,104.355107099051,141.448844374447,114.58530046336,771.235278086665
2009-08-01,111.174339448284,152.550087794837,111.174339448284,165.569663225853,190.431411026477,771.235278086665
2009-09-01,99.0096360586814,145.44436734586,99.0096360586814,165.650905989194,190.431411026477,771.235278086665
2009-10-01,86.2417595828395,138.130546606618,86.2417595828395,166.717314373467,190.431411026477,771.235278086665
2009-11-01,99.7792691929886,116.162312954181,99.7792691929886,142.262312536742,83.9666500190318,771.235278086665
2009-12-01,108.396087145708,121.221014290304,108.396087145708,142.377505997604,83.9666500190318,771.235278086665
2010-01-01,136.863856752485,149.359276951718,136.863856752485,143.79976030678,83.9666500190318,1310.20890119043
2010-02-01,116.721557092747,132.798651684762,116.721557092747,104.391278576809,88.0881298433906,1310.20890119043
2010-03-01,124.687508880532,137.470033817143,124.687508880532,104.462307166154,88.0881298433906,1310.20890119043
2010-04-01,123.702204867526,137.077403919429,123.702204867526,105.713171723764,88.0881298433906,1310.20890119043
2010-05-01,147.763257104171,151.103421757866,147.763257104171,102.935031622693,89.529967669734,1310.20890119043
2010-06-01,129.732198258526,140.569163260074,129.732198258526,103.042889696474,89.529967669734,1310.20890119043
2010-07-01,196.947246910094,180.014463516444,196.947246910094,103.840490152535,89.529967669734,1310.20890119043
2010-08-01,127.228173207006,147.309093399374,127.228173207006,117.632207160162,114.06841520486,1310.20890119043
2010-09-01,186.7412480743,182.146715318151,186.7412480743,117.741426906363,114.06841520486,1310.20890119043
2010-10-01,154.762740873389,163.424892841112,154.762740873389,117.666956063137,114.06841520486,1310.20890119043
2010-11-01,175.044283603729,179.135586631861,175.044283603729,88.9221721545767,146.741004439546,1310.20890119043
2010-12-01,151.553329534327,165.407847408949,151.553329534327,89.0378311757405,146.741004439546,1310.20890119043
2011-01-01,111.492824917002,142.170462518261,111.492824917002,88.4231346027606,146.741004439546,1324.20344283561
2011-02-01,104.562370057182,145.508896975353,104.562370057182,111.020672860671,163.226923736981,1324.20344283561
2011-03-01,153.841728819416,174.354368996698,153.841728819416,111.100488754109,163.226923736981,1324.20344283561
2011-04-01,124.846587393255,157.495882666708,124.846587393255,111.826998208738,163.226923736981,1324.20344283561
2011-05-01,84.5491610982846,126.192066339463,84.5491610982846,123.261630135152,125.140641531685,1324.20344283561
2011-06-01,139.037898224393,158.088623571031,139.037898224393,123.362106406136,125.140641531685,1324.20344283561
2011-07-01,207.160307276226,197.916357576533,207.160307276226,123.149718926954,125.140641531685,1324.20344283561
2011-08-01,283.665574759003,245.12671377017,283.665574759003,134.022180560997,128.575208051984,1324.20344283561
2011-09-01,214.42610531268,204.629791073424,214.42610531268,134.128529111423,128.575208051984,1324.20344283561
2011-10-01,137.839252131794,159.739569959093,137.839252131794,133.593479429363,128.575208051984,1324.20344283561
2011-11-01,143.714562859765,166.33901506504,143.714562859765,142.58977229425,136.022436447484,1324.20344283561
2011-12-01,183.088607083974,189.398359741944,183.088607083974,142.734552114585,136.022436447484,1324.20344283561
2012-01-01,154.418020836081,178.28652964749,154.418020836081,142.407547005735,136.022436447484,1597.29479826159
2012-02-01,119.435440031427,149.637084532289,119.435440031427,151.33852392425,97.582495907425,1597.29479826159
2012-03-01,98.7481053145474,137.553115266755,98.7481053145474,151.47697388025,97.582495907425,1597.29479826159
2012-04-01,96.9696711668229,136.596687574481,96.9696711668229,152.049403110523,97.582495907425,1597.29479826159
2012-05-01,135.879851096503,158.56198398206,135.879851096503,108.147966294767,120.468270839714,1597.29479826159
2012-06-01,197.460978921797,194.610571510544,197.460978921797,108.263523514661,120.468270839714,1597.29479826159
2012-07-01,180.803542212098,184.879701917427,180.803542212098,108.369149162598,120.468270839714,1597.29479826159
2012-08-01,142.955301327858,152.353466503783,142.955301327858,118.822245603649,72.2143115099692,1597.29479826159
2012-09-01,182.107185484639,175.277054342783,182.107185484639,118.927779332539,72.2143115099692,1597.29479826159
2012-10-01,166.128404096677,165.94451658719,166.128404096677,119.041876250798,72.2143115099692,1597.29479826159
2012-11-01,205.864660234243,187.490637235938,205.864660234243,100.90365524399,76.1113543141897,1597.29479826159
2012-12-01,214.951948832295,192.82518171305,214.951948832295,101.022706347202,76.1113543141897,1597.29479826159
2013-01-01,199.358942241486,157.533303727561,199.358942241486,101.123629476456,76.1113543141897,345.394534237978
2013-02-01,128.562513430312,114.654120557659,128.562513430312,104.83038242591,68.0112182237419,345.394534237978
2013-03-01,146.115861598508,124.940818648723,146.115861598508,104.939881406892,68.0112182237419,345.394534237978
2013-04-01,135.44059164933,118.710488203178,135.44059164933,105.047728127938,68.0112182237419,345.394534237978
2013-05-01,109.02804315683,104.304548533771,109.02804315683,94.0104908576914,78.8250019213169,345.394534237978
2013-06-01,126.625869424425,114.616137139913,126.625869424425,94.1122758496934,78.8250019213169,345.394534237978
2013-07-01,91.4374900253164,94.0399093862028,91.4374900253164,94.1991371551316,78.8250019213169,345.394534237978
2013-08-01,108.758378248946,102.770672637024,108.758378248946,87.6660133180145,77.02950576021,345.394534237978
2013-09-01,179.889736437178,144.401780598343,179.889736437178,87.7448758209832,77.02950576021,345.394534237978
2013-10-01,225.373307142323,171.022246262793,225.373307142323,87.7970660314502,77.02950576021,345.394534237978
2013-11-01,89.9151730684846,89.9061415425298,89.9151730684846,83.7014357466435,71.9422666370742,345.394534237978
2013-12-01,115.020737627668,104.602118089023,115.020737627668,83.7457481842557,71.9422666370742,345.394534237978
2014-01-01,107.705128832335,93.5007399716511,107.705128832335,83.7947904366899,71.9422666370742,18.9176514153332
2014-02-01,93.3692982557623,88.9853464102643,93.3692982557623,87.2172761231393,85.5853170127569,18.9176514153332
2014-03-01,101.018731988971,93.4675941735523,101.018731988971,87.2615215150649,85.5853170127569,18.9176514153332
2014-04-01,96.9934308893967,91.1180201398955,96.9934308893967,87.3000325068256,85.5853170127569,18.9176514153332
2014-05-01,102.015042908432,90.3922459540944,102.015042908432,91.9014546511602,68.0112182237419,18.9176514153332
2014-06-01,85.9684675188267,81.007622417257,85.9684675188267,91.9310696843651,68.0112182237419,18.9176514153332
2014-07-01,78.5059874605447,76.6448933368328,78.5059874605447,91.9557393023288,68.0112182237419,18.9176514153332
2014-08-01,63.8773363197592,71.2621405482313,63.8773363197592,90.7119564530722,81.6134618684904,18.9176514153332
2014-09-01,86.2166015422465,84.3369221624905,86.2166015422465,90.7385036903667,81.6134618684904,18.9176514153332
2014-10-01,113.334583381848,100.206656304529,113.334583381848,90.7574863239589,81.6134618684904,18.9176514153332
2014-11-01,93.1859425275831,88.5600321406717,93.1859425275831,91.7268866157159,81.6134618684904,18.9176514153332
2014-12-01,87.4153279606458,85.1875005245029,87.4153279606458,91.7534181735989,81.6134618684904,18.9176514153332
2015-01-01,120.544229951718,117.160628746274,120.544229951718,91.7645143514856,81.6134618684904,620.767760976893
2015-02-01,87.6094694153498,100.319735636929,87.6094694153498,85.4385294906107,95.2157055132387,620.767760976893
2015-03-01,95.9789626068017,105.218134507279,95.9789626068017,85.4476642370942,95.2157055132387,620.767760976893
2015-04-01,103.544956982073,109.643794741076,103.544956982073,85.4390768521621,95.2157055132387,620.767760976893
2015-05-01,102.318696502141,101.018942719898,102.318696502141,65.2648526685864,75.2068051118138,620.767760976893
2015-06-01,115.880286651242,108.952794876314,115.880286651242,65.2570942239973,75.2068051118138,620.767760976893
2015-07-01,98.7347928142176,98.9184315198063,98.7347928142176,65.2407640344104,75.2068051118138,620.767760976893
2015-08-01,156.503629768498,129.695321168876,156.503629768498,56.7580428866573,68.0112182237419,620.767760976893
2015-09-01,171.932677607973,138.721686762433,171.932677607973,56.7492593494425,68.0112182237419,620.767760976893
2015-10-01,110.701937738261,102.894023697604,110.701937738261,56.7419303109645,68.0112182237419,620.767760976893
2015-11-01,89.5837104393674,92.1004393065003,89.5837104393674,59.7177390440152,72.5679698447327,620.767760976893
2015-12-01,101.96343285163,99.3426142135027,101.96343285163,59.7089113884194,72.5679698447327,620.767760976893
2016-01-01,154.857330588301,119.015194951944,154.857330588301,59.7062537819108,72.5679698447327,81.6416709888456
2016-02-01,148.321788843022,114.624555924368,148.321788843022,44.173725274273,79.518716347199,81.6416709888456
2016-03-01,130.490159323843,104.190810665675,130.490159323843,44.1715545262253,79.518716347199,81.6416709888456
2016-04-01,96.4134158124645,84.2513389970679,96.4134158124645,44.1654183736856,79.518716347199,81.6416709888456
2016-05-01,96.2223327423151,82.0412668826057,96.2223327423151,68.2846249370998,56.6669470240217,81.6416709888456
2016-06-01,233.956102980702,162.629117487137,233.956102980702,68.2760699115675,56.6669470240217,81.6416709888456
2016-07-01,164.458400529457,121.964647859005,164.458400529457,68.2704960953569,56.6669470240217,81.6416709888456
2016-08-01,106.885622788074,91.828903303548,106.885622788074,50.1684197061587,81.8174955231616,81.6416709888456
2016-09-01,86.3435383757238,79.808963694184,86.3435383757238,50.1643037127487,81.8174955231616,81.6416709888456
2016-10-01,108.06412479275,92.5178484323275,108.06412479275,50.1642998313384,81.8174955231616,81.6416709888456
2016-11-01,254.101327797759,169.377822571119,254.101327797759,60.6480237339887,40.8067309342452,81.6416709888456
2016-12-01,161.424786179647,115.152051031993,161.424786179647,60.6480179361273,40.8067309342452,81.6416709888456
2017-01-01,195.040630148756,134.869527200199,195.040630148756,60.6511138238435,40.8067309342452,83.9427964175203
2017-02-01,177.777717030784,133.331481854663,177.777717030784,52.4660064795714,80.3484532095287,83.9427964175203
2017-03-01,154.609695071665,119.776169511843,154.609695071665,52.4692638792807,80.3484532095287,83.9427964175203
2017-04-01,157.676522760486,121.57059442333,157.676522760486,52.4692638792807,80.3484532095287,83.9427964175203
2017-05-01,129.888057735094,104.170971958529,129.888057735094,65.4393432029628,68.0112182237419,83.9427964175203
2017-06-01,120.638462013977,98.7589610249961,120.638462013977,65.4393432029628,68.0112182237419,83.9427964175203
2017-07-01,141.13833497496,110.753597325432,141.13833497496,65.4393432029628,68.0112182237419,83.9427964175203
2017-08-01,137.859703567323,109.178272544737,137.859703567323,78.4223209353903,61.6725726852892,83.9427964175203
2017-09-01,116.620017492245,96.7507657942865,116.620017492245,78.4223209353903,61.6725726852892,83.9427964175203
2017-10-01,125.865843904908,102.160571275907,125.865843904908,78.4223209353903,61.6725726852892,83.9427964175203
2017-11-01,111.282686457501,94.4896062813422,111.282686457501,58.4606848273017,77.0431080038549,83.9427964175203
2017-12-01,140.350181632087,111.49722547232,140.350181632087,58.4606848273017,77.0431080038549,83.9427964175203
2018-01-01,160.967204823156,123.651555856204,160.967204823156,58.4606848273017,77.0431080038549,88.3009057012811
2018-02-01,114.755558307192,94.0074247561732,114.755558307192,55.9118894530937,68.0112182237419,88.3009057012811
2018-03-01,187.095889889527,136.334319602521,187.095889889527,55.9118894530937,68.0112182237419,88.3009057012811
2018-04-01,139.035386379827,108.213742411051,139.035386379827,55.9118894530937,68.0112182237419,88.3009057012811
2018-05-01,162.276697274414,124.936648551835,162.276697274414,77.1649313511952,68.0112182237419,88.3009057012811
2018-06-01,134.402770952764,108.627395849164,134.402770952764,77.1649313511952,68.0112182237419,88.3009057012811
2018-07-01,176.205078069752,133.086253293876,176.205078069752,77.1649313511952,68.0112182237419,88.3009057012811
2018-08-01,114.96137085724,99.13561527226,114.96137085724,79.3970263927855,74.3090570312606,88.3009057012811
2018-09-01,120.98519068311,102.660199453254,120.98519068311,79.3970263927855,74.3090570312606,88.3009057012811
2018-10-01,136.114653308946,111.512566585642,136.114653308946,79.3970263927855,74.3090570312606,88.3009057012811
2018-11-01,164.942202336669,130.223868040649,164.942202336669,51.5375867644866,98.3578237951755,88.3009057012811
2018-12-01,226.576887835438,166.286805477214,226.576887835438,51.5375867644866,98.3578237951755,88.3009057012811
2019-01-01,284.135937654172,201.032012998588,284.135937654172,51.5375867644866,98.3578237951755,139.315562869049
2019-02-01,123.639288021281,106.900663827141,123.639288021281,56.9644834281138,94.222741727172,139.315562869049
2019-03-01,180.631699686327,140.247370468105,180.631699686327,56.9644834281138,94.222741727172,139.315562869049
2019-04-01,109.68637345475,98.7367041833364,109.68637345475,56.9644834281138,94.222741727172,139.315562869049
2019-05-01,160.85815403011,122.538764602432,160.85815403011,55.0818190815564,70.4868265670862,139.315562869049
2019-06-01,207.991372284259,150.116779924945,207.991372284259,55.0818190815564,70.4868265670862,139.315562869049
2019-07-01,207.745461743896,149.972895740896,207.745461743896,55.0818190815564,70.4868265670862,139.315562869049
2019-08-01,282.522931002866,190.46323127522,282.522931002866,55.0095380923303,57.3198547189697,139.315562869049
2019-09-01,186.640696562277,134.361784599093,186.640696562277,55.0095380923303,57.3198547189697,139.315562869049
2019-10-01,159.511392841719,118.488216414964,159.511392841719,55.0095380923303,57.3198547189697,139.315562869049
2019-11-01,170.480341056154,131.750705273412,170.480341056154,68.8445930831117,76.7982676182494,139.315562869049
2019-12-01,190.504925284267,143.467246412023,190.504925284267,68.8445930831117,76.7982676182494,139.315562869049
2020-01-01,164.755305782311,131.391087744838,164.755305782311,68.8445930831117,76.7982676182494,282.284139581718
2020-02-01,216.191212355384,160.51564976735,216.191212355384,69.5065366241405,72.4727541392194,282.284139581718
2020-03-01,425.779169776469,283.147205923908,425.779169776469,69.5065366241405,72.4727541392194,282.284139581718
2020-04-01,400.944743170524,268.61638832152,400.944743170524,69.5065366241405,72.4727541392194,282.284139581718
2020-05-01,503.963336705984,350.459817409133,503.963336705984,171.697780010796,98.9699247591892,282.284139581718
2020-06-01,300.24017268811,231.259797827587,300.24017268811,171.697780010796,98.9699247591892,282.284139581718
2020-07-01,427.915366112774,305.963553925555,427.915366112774,171.697780010796,98.9699247591892,282.284139581718
2020-08-01,263.471433963797,224.426366688516,263.471433963797,203.209046969836,139.654235500632,282.284139581718
2020-09-01,252.587842703218,218.058292161337,252.587842703218,203.209046969836,139.654235500632,282.284139581718
2020-10-01,305.766626681207,249.17361536014,305.766626681207,203.209046969836,139.654235500632,282.284139581718
2020-11-01,327.609604951893,246.707101151145,327.609604951893,158.60967742366,104.465231191668,282.284139581718
2020-12-01,326.616630068389,246.126103766148,326.616630068389,158.60967742366,104.465231191668,282.284139581718
2021-01-01,261.306132750313,207.912420031527,261.306132750313,158.60967742366,104.465231191668,282.284139581718
2021-02-01,187.519616111977,151.932879533395,187.519616111977,149.991744387237,57.7415242719569,282.284139581718
2021-03-01,166.785532428533,139.801204704041,166.785532428533,149.991744387237,57.7415242719569,282.284139581718
2021-04-01,141.300166309649,124.889517292062,141.300166309649,149.991744387237,57.7415242719569,282.284139581718
2021-05-01,172.096208928687,147.015840095421,172.096208928687,160.678369945801,68.0112182237419,282.284139581718
2021-06-01,149.131269416058,133.578874040082,149.131269416058,160.678369945801,68.0112182237419,282.284139581718
2021-07-01,182.171409450722,152.910918867167,182.171409450722,160.678369945801,68.0112182237419,282.284139581718
2021-08-01,157.195213974016,133.814548570346,157.195213974016,143.302424129318,60.2035303716564,282.284139581718
2021-09-01,171.30044767776,142.067631334863,171.30044767776,143.302424129318,60.2035303716564,282.284139581718
2021-10-01,136.920238973185,121.95150182863,136.920238973185,143.302424129318,60.2035303716564,282.284139581718
2021-11-01,175.872879932173,151.286839094343,175.872879932173,104.998714035163,109.498061340225,282.284139581718
2021-12-01,201.433665324107,166.242654913947,201.433665324107,104.998714035163,109.498061340225,282.284139581718
2022-01-01,155.279658979555,139.237584152555,155.279658979555,104.998714035163,109.498061340225,282.284139581718
2022-02-01,140.442501940303,138.053527209874,140.442501940303,111.436759144901,136.022436447484,282.284139581718
2022-03-01,229.244741656543,190.012413496031,229.244741656543,111.436759144901,136.022436447484,282.284139581718
2022-04-01,168.827746605069,154.661956281642,168.827746605069,111.436759144901,136.022436447484,282.284139581718
2022-05-01,190.453017940867,168.000825057013,190.453017940867,90.4606704695225,151.284153816892,282.284139581718
2022-06-01,152.810574028338,145.975936168692,152.810574028338,90.4606704695225,151.284153816892,282.284139581718
2022-07-01,222.789937563654,186.92141011088,222.789937563654,90.4606704695225,151.284153816892,282.284139581718
2022-08-01,183.034826770099,163.239815328901,183.034826770099,118.976811996958,132.608273292652,282.284139581718
2022-09-01,201.738489402657,174.183474891601,201.738489402657,118.976811996958,132.608273292652,282.284139581718
2022-10-01,207.275334795623,177.423126516114,207.275334795623,118.976811996958,132.608273292652,282.284139581718
2022-11-01,210.374894193204,171.73725689151,210.374894193204,67.7322278047812,132.7442957291,282.284139581718
2022-12-01,150.037124072689,136.433154805008,150.037124072689,67.7322278047812,132.7442957291,282.284139581718
2023-01-01,161.427113518284,139.12463830061,161.427113518284,67.7322278047812,132.7442957291,92.3274197134513
2023-02-01,152.967281063803,120.13661883271,152.967281063803,66.8929732146143,76.4038025525518,92.3274197134513
2023-03-01,200.489936322492,147.942496798094,200.489936322492,66.8929732146143,76.4038025525518,92.3274197134513
2023-04-01,165.417559062489,127.421374046451,165.417559062489,66.8929732146143,76.4038025525518,92.3274197134513
2023-05-01,205.176457663773,156.192872282027,205.176457663773,91.79453793616,83.8850365571633,92.3274197134513
2023-06-01,179.308043605807,141.057060519441,179.308043605807,91.79453793616,83.8850365571633,92.3274197134513
2023-07-01,132.710630244132,113.792548837923,132.710630244132,91.79453793616,83.8850365571633,92.3274197134513
2023-08-01,76.8442238599466,84.4931426631489,76.8442238599466,79.0001931602739,105.220155713951,92.3274197134513
2023-09-01,117.698777409324,108.397462069134,117.698777409324,79.0001931602739,105.220155713951,92.3274197134513
2023-10-01,133.594074976179,117.697925226369,133.594074976179,79.0001931602739,105.220155713951,92.3274197134513
2023-11-01,140.67720419175,125.47519775768,140.67720419175,87.2021019446093,115.047776747282,92.3274197134513
2023-12-01,107.00157900354,105.771325587781,107.00157900354,87.2021019446093,115.047776747282,92.3274197134513
2024-01-01,131.273678598285,121.963947681085,131.273678598285,87.2021019446093,115.047776747282,187.515304132381
2024-02-01,106.512873427937,87.2367162568091,106.512873427937,71.4177677368212,42.493409146194,187.515304132381
2024-03-01,116.711502898963,93.204014273762,116.711502898963,71.4177677368212,42.493409146194,187.515304132381
2024-04-01,139.412017342264,106.48626314908,139.412017342264,71.4177677368212,42.493409146194,187.515304132381
2024-05-01,123.607520546671,103.816200448841,123.607520546671,61.8619677183122,74.8123400461162,187.515304132381
2024-06-01,144.17842439563,115.852397478408,144.17842439563,61.8619677183122,74.8123400461162,187.515304132381
2024-07-01,144.936798611426,116.296128174467,144.936798611426,61.8619677183122,74.8123400461162,187.515304132381
2024-08-01,138.366425327381,112.312289874117,138.366425327381,78.2815117260389,64.4746348761074,187.515304132381
2024-09-01,127.399120627498,105.895233957648,127.399120627498,78.2815117260389,64.4746348761074,187.515304132381
2024-10-01,109.29088880997,95.2999656304431,109.29088880997,78.2815117260389,64.4746348761074,187.515304132381
2024-11-01,225.049030751377,160.520623578227,225.049030751377,67.4777165924749,60.740818995624,187.515304132381
2024-12-01,218.845480568439,156.890877756998,218.845480568439,67.4777165924749,60.740818995624,187.515304132381
2025-01-01,236.787068156519,167.388641239778,236.787068156519,67.4777165924749,60.740818995624,187.515304132381
2025-02-01,329.290793115975,228.619163651151,329.290793115975,80.748532194562,81.6134618684904,187.515304132381
2025-03-01,446.303162709069,297.084017974522,446.303162709069,80.748532194562,81.6134618684904,187.515304132381
2025-04-01,724.93608560089,460.114324444013,724.93608560089,80.748532194562,81.6134618684904,187.515304132381
2025-05-01,563.984212944544,364.05180014416,563.984212944544,72.5878057511741,78.8250019213169,187.515304132381
2025-06-01,375.585313626063,253.818127914651,375.585313626063,72.5878057511741,78.8250019213169,187.515304132381
2025-07-01,372.062672559724,251.757003024359,372.062672559724,72.5878057511741,78.8250019213169,187.515304132381
2025-08-01,370.925425399159,254.127435181607,370.925425399159,111.407675078123,68.0112182237419,187.515304132381
2025-09-01,319.84104140388,224.237561823787,319.84104140388,111.407675078123,68.0112182237419,187.515304132381
2025-10-01,308.340408767104,217.508451552441,308.340408767104,111.407675078123,68.0112182237419,187.515304132381
2025-11-01,311.649846660688,218.766031774307,311.649846660688,109.520984644126,66.3857501081946,187.515304132381
2025-12-01,288.594991258793,205.276455227604,288.594991258793,109.520984644126,66.3857501081946,187.515304132381
2026-01-01,371.334964300293,265.513251275679,371.334964300293,109.520984644126,66.3857501081946,752.906498259113
2026-02-01,374.191792436452,263.310119457432,374.191792436452,120.310378040542,44.275303063656,752.906498259113
2026-03-01,374.656545832109,263.582050310902,374.656545832109,120.310378040542,44.275303063656,752.906498259113
2026-04-01,298.612114117785,219.08785745309,298.612114117785,120.310378040542,44.275303063656,752.906498259113
2026-05-01,328.459632690627,247.624362917693,328.459632690627,71.9751934873923,117.877043425389,752.906498259113
2026-06-01,269.787157584976,213.294637993149,269.787157584976,71.9751934873923,117.877043425389,752.906498259113
2026-07-01,222.610842186093,185.691406193555,222.610842186093,71.9751934873923,117.877043425389,752.906498259113
2026-08-01,219.209050718053,175.350180834789,219.209050718053,73.8540140715547,82.9464817456757,752.906498259113
