"date","mps","mps_orth","nfp_surp","nfp_12m","sp500_3m","slope_3m","bcom_3m","tr_skew"
1988-02-01,0.0120220340441542,-0.0182900932416224,0.151,0.0300857692041578,0.00166666705246943,-0.82,0.0171169239580946,0.235250695652174
1988-03-01,0.0130882464510701,-0.038624190019089,0.331,0.0321282624148509,0.0314026975037933,-0.17,0.0277051776112982,0.724962739130435
1988-04-01,0.0614918174545964,0.00946699967120643,0.062,0.0323388403657088,0.0568199217168814,-0.27,0.0277230146293146,0.706457434782609
1988-05-01,0.183193337314013,0.158667724529,-0.08,0.031355760111067,0.0206799733691003,0.22,0.0319052871649284,0.42070452173913
1988-06-01,0.0287877438029321,-0.00621125362423235,-0.0135,0.0312957951638921,0.0135848329139483,-0.14,0.128346071110024,0.173554173913043
1988-07-01,0.0729772186139105,0.0299341551638927,-0.0135,0.0330683620133563,0.0503507963133769,-0.65,0.0961315207138451,0.162149347826087
1988-08-01,0.192553063338295,0.154718716193021,0.035,0.0317933196551419,0.0423309601768267,-0.48,0.0322419820464788,0.364226434782609
1988-09-01,-0.00467743497198021,-0.00449353604933552,-0.01,0.031276877397568,-0.00351585269923316,-0.74,-0.11829163045603,0.136939
1988-10-01,0,0,,,,,,
1988-11-01,0.0968486330059114,0.0765656564593948,-0.0275,0.0299715864353427,0.0248529852286348,-0.78,-0.0537045269915,0.280793652173913
1988-12-01,0.0500856201404825,0.0217515792437856,0.213,0.030908841322157,0.0290398856507332,-0.71,-0.00897553967562459,0.22155552173913
1989-01-01,0.039146391461609,-0.00319606232436509,0.029,0.0307491491444214,0.0313052640994176,-0.61,0.0895973496764606,0.255541130434783
1989-02-01,0.148100971338898,0.0991108758622449,0.153,0.0323193021176973,0.0777488953595418,-0.98,0.03455524383922,0.284972652173913
1989-03-01,-0.013211303324694,-0.0475222424306167,0.0465,0.0303650698280364,0.0499602987654644,-0.68,0.0290329539125835,0.226005826086956
1989-04-01,0,0,,,,,,
1989-05-01,-0.00670081847580454,-0.0328909728305846,-0.103,0.0287894607213275,0.0766388398133309,-0.06,0.0353310813209342,0.240084695652174
1989-06-01,-0.0436395241780204,-0.0715575949270278,-0.099,0.0277269670421507,0.104936214583981,-0.55,-0.0208682591155291,0.247064260869565
1989-07-01,-0.0530321069683222,-0.0619371503752725,-0.0175,0.0253208936373923,0.0851274005371092,0.02,-0.0456061810244499,0.186650130434783
1989-08-01,-0.0146896605427663,-0.0174984665797843,0.009,0.0235851377161591,0.060250999544202,-0.07,-0.0190581579012434,0.0106504782608696
1989-09-01,0,0,,,,,,
1989-10-01,0.0545138901245343,0.0447338656455711,0.042,0.0219803421446549,0.109312066500621,0.32,0.00956686302108345,0.0762188260869565
1989-11-01,0.0252082027128624,0.0330606228904997,0.078,0.0204894666046336,-0.0334384397356562,0.05,0.0461002576229461,-0.139483956521739
1989-12-01,-0.0203196272698211,-0.0268436416735143,0.045,0.019827086915603,-0.0123915165279689,-0.32,0.0346404515180998,0.0466265217391304
1990-01-01,0,0,,,,,,
1990-02-01,0.0198964165560723,0.0243957228882249,0.1025,0.018747949163096,-0.0115287929587833,0.51,0.0251382778324771,0.128189739130435
1990-03-01,-0.0159275438251185,-0.0052993152121925,0.1495,0.0184918046591758,-0.00955885345598784,0.42,0.000297149169526278,0.0379485652173913
1990-04-01,0,0,,,,,,
1990-05-01,-0.00830841329343477,-0.0052151710666298,-0.306,0.017290807945475,0.0600849402154724,0.23,0.0188446138282359,0.0351220869565217
1990-06-01,0,0,,,,,,
1990-07-01,-0.0086377117576579,-0.0112808411792805,-0.0685,0.0167983241799412,0.0577792457092166,-0.1,-0.0269669228829166,0.151024434782609
1990-08-01,0.0128588093216053,0.0233482625071497,-0.219,0.0160909612934219,-0.0969865220464499,0.35,0.101905251974708,0.028328
1990-09-01,0,0,,,,,,
1990-10-01,0.0128759863099431,0.0111320455627846,-0.042,0.0105651107338929,-0.127349767393252,0.84,0.154118425169449,0.382334130434783
1990-11-01,0.0391292550171228,0.0357663847021317,-0.046,0.00824425142292817,-0.0645149114528776,0.12,0.0265509080479074,0.49182047826087
1990-12-01,-0.084566586183027,-0.0766658309812132,-0.192,0.00429413611972507,0.0143239984657972,-0.26,-0.102013232945322,0.467826652173913
1991-01-01,-0.10114795176908,-0.0842863217540806,0.075,0.00304581802777903,0.0128902301694742,0.04,-0.168392496282915,0.559585434782609
1991-02-01,-0.0680620773148229,-0.0486351735124114,-0.23,-0.00126466292515381,0.130408560878069,0.37,-0.175504010482122,0.483336956521739
1991-03-01,-0.0715083786851868,-0.0582284505292187,-0.077,-0.00642640972605868,0.148297642888681,0.84,-0.0676312102155796,0.37090747826087
1991-04-01,-0.144013256993404,-0.135290470999983,-0.06,-0.00978899322985605,0.109872693357218,0.68,0.0050103288513661,0.296845217391304
1991-05-01,0.0179314565779245,0.0417899627596576,0.011,-0.0120997884837593,0.0335749828901566,0.72,-0.0156345918176628,0.273168869565217
1991-06-01,0,0,,,,,,
1991-07-01,0.018212005389551,0.0551394477490069,-0.1,-0.0139235504024473,-0.0163918498259426,0.45,-0.0531425649970965,0.223976391304348
1991-08-01,-0.0857594979652999,-0.0665654291939638,-0.101,-0.0140480596636223,0.011860427962934,-0.0500000000000003,-0.0173244942541588,0.230293347826087
1991-09-01,0.0319612106237393,0.0427720027951998,-0.006,-0.0120049901705208,0.0163722601874587,-0.29,0.0327906072150439,0.0775873478260869
1991-10-01,0.0189485114969066,0.0238182084875158,-0.006,-0.010897364246377,0.0474601138268715,-0.32,0.0550008451479078,0.0167571304347826
1991-11-01,-0.069295211071301,-0.050586753145277,-0.026,-0.00929572773707221,0.00943439800763901,0.27,0.0532159531285528,0.0149608695652174
1991-12-01,-0.240431026990614,-0.206101600265876,-0.211,-0.00845904271706388,-0.0327906775899622,0.43,-0.0101685280708308,0.118018913043478
1992-01-01,0,0,,,,,,
1992-02-01,0.0064007457233828,0.0331753962966759,0.081,-0.00629204809740713,0.0559537861060315,0.52,-0.0539508041221852,0.115301956521739
1992-03-01,0,0,,,,,,
1992-04-01,-0.214759362493461,-0.193195643146561,0.14,-0.00191766988192121,-0.00683826647952568,0.64,0.0292778120286012,0.0581259565217391
1992-05-01,0.0341786527172192,0.0401420546806436,0.051,0.00150322576227957,0.00938656828503603,0.04,0.0295168231032097,0.12003052173913
1992-06-01,0,0,,,,,,
1992-07-01,0.0461323170031712,0.0524009702145686,-0.212,0.00349220598626587,0.0242204318937889,0.12,0.0350342536097346,0.132571260869565
1992-08-01,0.00637402913944518,0.00643756762014898,0.088,0.00468932956284362,0.0270634608941256,-0.24,0.00566835845719815,0.132383304347826
1992-09-01,-0.00775457432391966,0.00522022277179058,-0.233,0.00571758952007961,0.00814350441269074,-0.23,-0.0202541744104172,0.0823044347826087
1992-10-01,0.0167751797141891,0.0287834920181087,-0.007,0.00571595807189773,-0.0162240775787286,-0.0800000000000001,-0.00237072221994783,0.0885338260869565
1992-11-01,0.0113451672973523,0.0292055411528059,0.002,0.00710817394927332,-0.00349996190662516,0.28,-0.0184691785433975,0.0893616086956522
1992-12-01,0.00247101703883025,0.00839732069911889,0.045,0.00900824181553617,0.0421420117187452,-0.14,-0.0506138781891785,0.154907434782609
1993-01-01,0,0,,,,,,
1993-02-01,0.00734472190213968,0.00053878043387439,-0.027,0.0130913760843132,0.065899016854206,-0.34,-0.0280681603651036,0.179496391304348
1993-03-01,0.008976711817994,-0.00304459485962318,0.243,0.0158643346209342,0.0301541750910275,-0.45,0.0177403319307095,0.0640247391304348
1993-04-01,0,0,,,,,,
1993-05-01,-0.0093840956557618,-0.0162925108820293,-0.031,0.0162701820433462,-0.00962828095783941,-0.27,0.0272359796484345,0.164884739130435
1993-06-01,0,0,,,,,,
1993-07-01,-0.00568859417039974,-0.0182876389097153,-0.137,0.0185362625866663,0.00325711083905045,-0.4,0.02656735613765,0.210274086956522
1993-08-01,0.0155372964318369,-0.00310391214359815,0.012,0.0205684526103287,0.0304048334520948,-0.45,0.00557079613617439,0.253224043478261
1993-09-01,0.00284072857410829,-0.00498813940070303,-0.189,0.0207701032160088,0.0206781622478287,-0.26,-0.000873186439564577,0.192349217391304
1993-10-01,0,0,,,,,,
1993-11-01,0.00913034451577606,-0.00329356951867111,0.017,0.0235353985180886,0.0312498228469025,-0.12,-0.00715878723503494,0.234187
1993-12-01,0.00590272651235544,-0.00434251918229292,0.037,0.0244961857721222,0.0222750558272384,0.22,0.00434390527654926,0.268798869565217
1994-01-01,0,0,,,,,,
1994-02-01,0.160330761833129,0.136941397236733,-0.118,0.0252089628605461,0.0258561525052299,0.0899999999999999,0.060387127901059,0.332509086956522
1994-03-01,-0.0456673712966509,-0.064297202820941,0.067,0.0245498657056231,0.0111603510603162,0.17,0.0413057324496444,0.31942
1994-04-01,0.0996488674212616,0.09507735450692,0.2265,0.029101824368766,-0.0608434491401404,0.54,0.00454612186938164,0.357363739130435
1994-05-01,-0.0473851254283359,-0.0640760951327654,0.092,0.0294104688026682,-0.0616814547890474,0.37,0.0624100008184465,0.389737782608696
1994-06-01,0,0,,,,,,
1994-07-01,0.0100695306248072,-0.0305430934479673,-0.084,0.0309907995124057,0.00183873044898686,-0.33,0.0758231688343312,0.474934391304348
1994-08-01,0.0323833435845774,-0.000507277891557807,0.049,0.0314382886261804,0.0386354931914159,-0.35,0.00816579293298769,0.400225173913043
1994-09-01,-0.00470555503294473,-0.0353611474735535,-0.0535,0.0326421678034468,0.0245824888855362,-0.25,0.00527082317748651,0.44854247826087
1994-10-01,0,0,,,,,,
1994-11-01,0.0460715188020041,0.0268680875871439,-0.051,0.0327857809573473,0.00883645483372675,-0.1,0.036756897622519,0.178903173913044
1994-12-01,0.00669098105401464,-0.0195956929137076,0.1,0.034085182164036,-0.0285887514472876,-0.71,0.0168851647407662,0.227019173913043
1995-01-01,0,0,,,,,,
1995-02-01,0.0646202318625144,0.0293365822955604,-0.004,0.0341016536217786,0.0097622187909634,-1.09,0.0079851277744325,0.249406608695652
1995-03-01,0.0326186890805302,-0.0160130490669297,0.086,0.0341164031120602,0.0906094015978542,-0.94,0.0212990364095091,0.29928547826087
1995-04-01,0,0,,,,,,
1995-05-01,0.00227585279833788,-0.0351157358476419,-0.159,0.0301602729704928,0.0762211258833689,-0.85,0.0307923706062061,0.221231173913043
1995-06-01,0,0,,,,,,
1995-07-01,-0.244853494812839,-0.261505999311494,-0.2735,0.0263401587054819,0.0888969182445161,-0.73,-0.0367497984777163,0.11249947826087
1995-08-01,0.0641908404228315,0.0558369983697974,-0.07,0.0238820923472378,0.0715352826611122,0.2,-0.00178216347658555,0.152040695652174
1995-09-01,0.0764667763348633,0.0712676347091816,0.084,0.023567131542988,0.0542820911244322,0.34,0.022836071288582,0.0483097391304348
1995-10-01,0,0,,,,,,
1995-11-01,0.0446676564471094,0.0267332078196493,-0.014,0.0220235295163445,0.0514460322133692,-0.53,0.0340726021948718,0.0381072173913043
1995-12-01,-0.0282248353349226,-0.0360497859703975,0.006,0.0196125769796591,0.0394283779632483,-0.23,0.0320692374093481,-0.00831847826086957
1996-01-01,-0.0302707694591754,-0.0438779751368969,0.011,0.0183287931544207,0.0886010061871776,-0.0600000000000001,0.0397832068876998,0.0335971304347826
1996-02-01,0,0,,,,,,
1996-03-01,0.0364458967494624,0.021222622806808,0.4085,0.0173391423633937,0.0702529281912865,0.46,0.0606970806214973,0.118725565217391
1996-04-01,0,0,,,,,,
1996-05-01,0.0233065791600821,0.014739736425337,-0.1255,0.017704222880683,0.0329671145292245,0.58,0.0740510080012475,0.223195173913043
1996-06-01,0,0,,,,,,
1996-07-01,-0.0216758584437746,-0.0186218586725232,0.178,0.0209578405116737,0.0426260981369255,0.39,-0.0530768557856076,0.200880347826087
1996-08-01,0.0116136673855152,0.0141582546288332,0.003,0.022234090440401,0.00259871112052501,-0.0600000000000001,-0.0483009478483263,0.178851826086957
1996-09-01,-0.0755886457093377,-0.0886744325768461,0.0125,0.0215447283944208,0.0361604895680649,-0.19,0.0120512705710132,0.17115152173913
1996-10-01,0,0,,,,,,
1996-11-01,-0.010523236075011,-0.0326330785596815,0.015,0.0220711789728227,0.0914973471461895,-0.39,-0.00329102742959897,0.195690217391304
1996-12-01,0.00860351978149547,-0.00569296927532873,-0.057,0.0232616284042706,0.0577247969765464,-0.11,0.0318053296663861,0.0929541739130435
1997-01-01,0,0,,,,,,
1997-02-01,0.0149737302245717,-0.0168214879176274,0.087,0.0254101396299085,0.112515089396366,0.24,0.0571484396610344,0.282455173913044
1997-03-01,0.0757184279091085,0.0538032895067092,0.116,0.024467858724698,0.0780069924968361,0.0800000000000001,0.00890658206164652,0.28362247826087
1997-04-01,0,0,,,,,,
1997-05-01,-0.053375580684173,-0.0703228012436284,-0.056,0.0259126493264379,0.0260790785887126,0.15,0.0566867032526357,0.19825952173913
1997-06-01,0,0,,,,,,
1997-07-01,0.00829859623101724,-0.00781341526231553,-0.087,0.0251140634258196,0.162856335587689,-0.31,-0.0739556906556986,0.145439695652174
1997-08-01,0.0127167946651818,0.00957051673051313,0.118,0.0254694429342717,0.0805396402215175,-0.35,-0.0892452155702719,0.0596011304347826
1997-09-01,0.00418277748681958,-0.0150281392441887,-0.031,0.0237667017297696,0.0758766019754535,-0.23,0.0292991509377218,0.102911608695652
1997-10-01,0,0,,,,,,
1997-11-01,-0.0212153927598832,-0.0284709724337004,0.074,0.0266588690271359,-0.0142093341840042,-0.49,0.00608684434717777,0.00548230434782607
1997-12-01,0.00238991657881767,-0.00679364429252491,0.204,0.0267657170830162,0.0418436499374026,-0.65,-0.0399072749394609,-0.0332348260869565
1998-01-01,0,0,,,,,,
1998-02-01,0.0279070895013744,0.0256791170370397,0.17,0.0280305626004829,0.0902771411729493,-0.4,-0.0845950976902703,-0.0724097391304348
1998-03-01,0.00942365002489574,-0.0042222261199523,0.06,0.0271041712157771,0.152276370629703,0.23,-0.0242653714220911,0.0576314782608696
1998-04-01,0,0,,,,,,
1998-05-01,-0.00772294093133003,-0.00787969907357016,-0.008,0.0255212072050206,0.076733905189224,0.17,-0.0650357119822669,0.13659952173913
1998-06-01,0,0,,,,,,
1998-07-01,0.0129820961085808,0.0190409235266699,0.071,0.0262055310249991,0.0344539928346723,-0.17,-0.0599134571187268,-0.055560652173913
1998-08-01,0.008976711817994,0.0285529274612286,0.011,0.0248447527751665,-0.0306242810168529,-0.11,-0.0844022096356358,-0.0275078260869565
1998-09-01,0.0304000128699374,0.0573409770949988,0.015,0.0276817374012754,-0.0740384953075344,-0.26,-0.0298718901577679,-0.361258782608696
1998-10-01,-0.276119488312656,-0.233309196435293,-0.131,0.0253127503960613,-0.157946719464574,0.22,-0.014915233102613,-0.289138565217391
1998-11-01,-0.014776375041778,-0.0191716829369263,-0.059,0.0241329031679065,0.0665389888741093,0,0.00159463681654781,-0.00920395652173913
1998-12-01,0.0104305251121937,0.0190559748389985,0.097,0.0238224862493119,0.164794568618099,0.26,-0.106605644969053,-0.114996
1999-01-01,0,0,,,,,,
1999-02-01,0.0114562565352158,0.0107390391007446,0.178,0.0228984687851543,0.166817833506921,-0.02,-0.0865933267442864,-0.0994987826086957
1999-03-01,-0.0171911317742,-0.0384290429439212,0.025,0.0244939873185359,0.0848647595471119,0.55,0.0834535614346947,0.172978130434783
1999-04-01,0,0,,,,,,
1999-05-01,0.124342015952657,0.107467916077852,0.009,0.0248005152972315,0.0659186048738327,0.43,0.0953475048006949,0.0448218260869565
1999-06-01,-0.100663574858847,-0.111098076390992,-0.209,0.0232795132014765,0.0521329012826879,0.36,0.0194506930717937,0.278526652173913
1999-07-01,0,0,,,,,,
1999-08-01,0.00689722454685683,-0.0188525288689854,0.11,0.0251468467668108,0.0158503531406868,0.02,0.122375712876854,0.0947799130434783
1999-09-01,0,0,,,,,,
1999-10-01,0.0905336416325438,0.0739737364972077,-0.091,0.0236712205493941,-0.0568824291093515,-0.0499999999999998,0.116427561826558,0.168565826086957
1999-11-01,0.0782121548875725,0.0515154537983563,0.012,0.0251171182925187,0.0490239854922763,-0.49,0.0665035645368519,0.0796308260869565
1999-12-01,0.044333527369309,0.0126097779161579,0.024,0.0251631487467225,0.060065046655958,-0.37,0.0403287378421746,0.29099547826087
2000-01-01,0,0,,,,,,
2000-02-01,0.0108865906897197,-0.0176868798332354,0.09,0.0255509371691556,0.0485900820073661,0.01,0.0961367004661522,0.159762086956522
2000-03-01,0.004873745407161,-0.0110365276472411,-0.18,0.023161220181743,0.0301769264154554,-0.5,0.0547950163255084,0.0206207826086957
2000-04-01,0,0,,,,,,
2000-05-01,0.0653721139792667,0.0385385209252564,0.02,0.0252472350986537,0.0247678378163689,-0.66,0.0427297462806351,0.169535
2000-06-01,-0.021889879019991,-0.0340980596379088,-0.129,0.0252661802250795,-0.0516634302840329,-0.02,0.0671479292788364,0.237484826086957
2000-07-01,0,0,,,,,,
2000-08-01,0.0237406650336192,0.00108663641179043,-0.182,0.0214415955901117,0.0424146471318601,-0.94,0.0126081328281282,0.157130304347826
2000-09-01,0,0,,,,,,
2000-10-01,0.0530564399649118,0.0424682855831242,-0.07,0.0196544028278556,-0.00427983506174368,-0.44,0.0321753567238785,0.116775956521739
2000-11-01,0.0142578816067744,0.0138754669834873,-0.046,0.0165546135626489,-0.0756036533828492,-0.14,0.0728847578618286,0.0813506086956522
2000-12-01,0.0314868073150188,0.0491364435922426,-0.054,0.0158622442259855,-0.1027026479335,-0.51,-0.00315469095649945,-0.0792934347826087
2001-01-01,-0.128923908783434,-0.104853757323184,-0.054,0.0147024079167668,-0.127853008649827,-0.58,0.00840747229883565,-0.200738869565217
2001-02-01,0,0,,,,,,
2001-03-01,-0.066031830931825,-0.000721612503943397,0.06,0.0126258753627546,-0.157975866023161,1.07,-0.0580068553233399,-0.201166826086957
2001-04-01,-0.282530713596156,-0.213910633471569,-0.149,0.00867777948428916,-0.107311941873959,1.23,-0.0406048831787258,-0.296524739130435
2001-05-01,-0.129297604876294,-0.0674108752036237,-0.258,0.00432779920245352,-0.0648002130246397,1.74,-0.0344708476055891,-0.0140700869565217
2001-06-01,0.0862008481288858,0.125890032589098,0.006,0.00230609098974632,0.0653124598333426,1.13,-0.0516403425463885,-0.0835093913043478
2001-07-01,0,0,,,,,,
2001-08-01,-0.0276351234601594,0.0115383948054687,0.008,-0.000416034741119731,-0.0952628386871197,-0.27,-0.0704171967577496,-0.0266863043478261
2001-09-01,0,0,,,,,,
2001-10-01,-0.0541542325746399,0.0133990200722291,-0.068,-0.00448278440546801,-0.165401007933871,0.48,-0.0665091035280749,-0.124863913043478
2001-11-01,-0.153177385475113,-0.0813269629825873,-0.14,-0.00682327403509753,-0.0881924765159932,0.63,-0.122065974491402,-0.116776913043478
2001-12-01,-0.0617806766771883,0.0161010088384931,-0.131,-0.0107094852027423,0.00558609068121463,1.88,-0.111743984519594,-0.0460484347826087
2002-01-01,0.0365556764188206,0.07305020642297,0.046,-0.0131513981125888,0.0141275269929277,0.91,-0.00382759191776305,0.0799337826086956
2002-02-01,0,0,,,,,,
2002-03-01,-0.0607538801471809,-0.0644124223181268,0.066,-0.0155893836343264,0.0250109679230874,-0.0800000000000001,0.136167329570577,0.0973025652173913
2002-04-01,0,0,,,,,,
2002-05-01,-0.0363604310906251,-0.0239504882456192,-0.01,-0.0139812442760743,-0.0710648144921642,0.15,0.115106864720841,0.162872304347826
2002-06-01,0.0208867143472652,0.0519952321831472,-0.024,-0.0135265118228141,-0.162780128402225,-0.39,0.0228694702483105,0.14515152173913
2002-07-01,0,0,,,,,,
2002-08-01,-0.110570430013864,-0.07491670093035,-0.049,-0.0120873148240861,-0.171614965274584,-0.9,0.011867206578156,-0.0810447826086957
2002-09-01,-0.00391632984873216,0.0106218952929905,0.009,-0.0109440529353577,-0.188151954078928,-1.08,0.0899667920288971,0.0419458260869565
2002-10-01,0,0,,,,,,
2002-11-01,-0.0746426848184506,-0.0899457150767885,-0.005,-0.0063417657301148,0.0923976358162717,-0.0899999999999999,0.0818960184827233,0.251758217391304
2002-12-01,0.0294888840164039,0.0462809372441507,-0.065,-0.00400370342041789,-0.00215015313082922,0.47,0.00827881752451454,0.256192565217391
2003-01-01,0.0599566737870326,0.0586932887457299,-0.121,-0.00393952768613204,-0.0428633786224717,0.36,0.113546743027728,0.353562826086956
2003-02-01,0,0,,,,,,
2003-03-01,0.00769664220867889,0.0180237549121253,-0.328,-0.00221307642732249,-0.047155699871344,-0.25,0.0374350712729141,0.213165652173913
2003-04-01,0,0,,,,,,
2003-05-01,-0.0854242985544632,-0.0844701257648786,0.002,-0.00337433983782276,0.0925930284560419,-0.04,-0.0669205460610414,0.409533956521739
2003-06-01,0.145426944534423,0.137637425719037,0.008,-0.00334320246367525,0.0933607871910835,-0.33,0.0204727479366982,0.177887217391304
2003-07-01,0,0,,,,,,
2003-08-01,-0.0305687694021493,-0.0195989630739876,-0.054,-0.00307552137012124,0.063487326079442,0.88,-0.00554029830316694,0.383393695652174
2003-09-01,0.00440175731778256,0.0192552519435647,-0.108,-0.00332898980444263,0.016192514006776,1.01,0.0170167133595767,0.409687956521739
2003-10-01,-0.0826539921886331,-0.106412530610343,0.077,-0.00188686537284966,0.0319761602270328,-0.02,0.0931991250723421,0.492356043478261
2003-11-01,0,0,,,,,,
2003-12-01,0.0434388171674899,0.0199137290187301,-0.09,-0.0010340906095383,0.0458397840806448,-0.0800000000000001,0.134332076865846,0.31893447826087
2004-01-01,0.151906047872117,0.123998446935991,-0.147,0.000957623328870838,0.104666342557556,-0.0699999999999998,0.100581112304774,0.37060647826087
2004-02-01,0,0,,,,,,
2004-03-01,-0.0564964570692924,-0.0932829435986274,-0.104,0.00290127086175751,0.0409449849380987,-0.56,0.0873305755371936,0.569244913043478
2004-04-01,0,0,,,,,,
2004-05-01,0.00812230868562132,-0.015212580380489,0.208,0.00942721586960715,-0.0147631034451745,0.29,0.0858928563154322,0.543441043478261
2004-06-01,-0.0124894303451649,-0.000151947258355265,0.028,0.0114324488993454,0.024059341928715,0.37,-0.0557133169390251,0.231969
2004-07-01,0,0,,,,,,
2004-08-01,0.0555482778671172,0.0543602472411217,-0.193,0.0127160784409828,-0.0515124739107717,-0.96,-0.032440821572715,0.226044130434783
2004-09-01,-0.0113886024644897,-0.0211229343743677,-0.006,0.0136062750230224,-0.00873910408211565,-1.03,0.010145174112643,0.0498503913043478
2004-10-01,0,0,,,,,,
2004-11-01,-0.0207396797077644,-0.0578332799324014,0.157,0.0151862744899365,0.0887497248717617,-0.68,0.0666059324718233,0.228677695652174
2004-12-01,-0.00469202755595511,-0.0311921376015577,-0.087,0.0154152814329063,0.0643983767886631,-0.58,0.0349934772398885,0.283474695652174
2005-01-01,0,0,,,,,,
2005-02-01,-0.0106513129317122,-0.0283634627774062,-0.018,0.0152766256127226,0.0535078099543647,-0.49,-0.0328746076100188,0.379921608695652
2005-03-01,0.0896639911319436,0.0590975942079349,0.043,0.0167595971473169,-0.0183641904917788,-0.31,0.101979329691548,0.387532782608696
2005-04-01,0,0,,,,,,
2005-05-01,0.0285730075392391,0.00700462116385444,-0.115,0.0158992342233581,-0.0106047529351461,-0.35,0.0713440501528275,0.328149391304348
2005-06-01,0.0595896752972866,0.04427941306526,-0.097,0.0150277905345,0.0291664968222483,-0.87,-0.0027772211923125,0.17887252173913
2005-07-01,0,0,,,,,,
2005-08-01,-0.00852540841226757,-0.0397433448226532,0.027,0.0183888524312543,0.0421640576568407,-0.5,0.0860037334825918,0.212722739130435
2005-09-01,0.0275283994211206,0.00287801710109787,-0.021,0.0192100671052184,0.0164296605518599,-0.42,0.092697160241312,0.146009869565217
2005-10-01,0,0,,,,,,
2005-11-01,0.0154232326513571,0.000487406800922366,0.108,0.0165571531478399,-0.0222605548592743,-0.25,0.0693278416317931,0.181797956521739
2005-12-01,-0.0189224237015383,-0.0450084971364803,0.006,0.0186316181705894,0.0151487162939308,-0.01,0.0956824693857019,0.31314047826087
2006-01-01,0.0417349799762332,0.0102751437470488,-0.092,0.0188733462787436,0.0714725086917181,-0.53,0.0668827629555881,0.226906304347826
2006-02-01,0,0,,,,,,
2006-03-01,0.0594603641485793,0.0458244797987387,0.043,0.0200851355914899,0.0327918715698488,-0.32,-0.0165986373712377,0.261463565217391
2006-04-01,0,0,,,,,,
2006-05-01,0.0666465695495827,0.0412582957179021,-0.062,0.0199839813802445,0.0472130846136496,0.17,0.131121072984519,0.148659347826087
2006-06-01,-0.0333486592312389,-0.0355505904170339,-0.105,0.018968168182143,-0.0436635393797911,0.06,0.0699467645568737,0.099362652173913
2006-07-01,0,0,,,,,,
2006-08-01,-0.0247146648977676,-0.0271005110058352,-0.033,0.016432008568799,-0.0281933032584973,-0.44,0.0191154265001847,0.0848308695652174
2006-09-01,0.0279454976758199,0.0281568627209711,0.003,0.0161739327795551,0.0514674646226174,-0.43,-0.0258484686808558,-0.0258691739130435
2006-10-01,-0.0014751933059559,-0.0114485182364273,-0.074,0.0167519956048494,0.0883494614040474,-0.24,0.0352241272207632,-0.0430273913043478
2006-11-01,0,0,,,,,,
2006-12-01,-0.0258644771064585,-0.0409369743578474,0.022,0.0151949672335903,0.084210261908332,-0.28,0.0896070337566313,-0.138497130434783
2007-01-01,-0.00067807504312519,0.0069298435048002,0.052,0.015352104491507,0.0366657848897978,0.22,0.00847372004794344,-0.046006347826087
2007-02-01,0,0,,,,,,
2007-03-01,-0.0895951027692115,-0.0639605715202673,-0.003,0.0133487535836281,-0.000439326844975163,-0.14,0.0116828701349876,-0.429452130434783
2007-04-01,0,0,,,,,,
2007-05-01,0.0502743463727023,0.0489146440937042,-0.018,0.0119102892314817,0.0401459812377993,0.1,0.0761794441104735,-0.0776722608695652
2007-06-01,0.0243760883350289,0.0115561253112144,0.017,0.012733544280664,0.0467773738197819,0.76,0.0262355410670967,0.541288043478261
2007-07-01,0,0,,,,,,
2007-08-01,-0.0254501064454596,0.000548028088061352,-0.038,0.0110722128795366,-0.0233810641510006,0.09,-0.0118996989820346,-0.167799086956522
2007-09-01,-0.172711047108709,-0.129420098280327,-0.117,0.00967590956667053,-0.0308863671109494,-0.19,0.0196485733349743,-0.690154956521739
2007-10-01,0.0863495747616983,0.102006729875313,0,0.00929704653816366,0.0380154463891369,0.62,0.091892213123093,-0.283549347826087
2007-11-01,0,0,,,,,,
2007-12-01,0.0816004039168684,0.118259181694361,0.029,0.00888300757928207,0.0420400614978709,0.72,0.0927854435338409,-0.719907826086957
2008-01-01,-0.190377597607539,-0.14276856279422,-0.048,0.00830777469420596,-0.149271569718014,0.38,0.0842600481109939,-0.502163478260869
2008-02-01,0,0,,,,,,
2008-03-01,0.122991965679531,0.139765704130569,-0.093,0.00558211118833363,-0.138678641717882,1.01,0.212773176546073,-0.0544056086956522
2008-04-01,-0.065172174217217,-0.0526605573759184,-0.03,0.00343431314444409,0.0443422938713383,0.98,0.116985537796636,-0.105080217391304
2008-05-01,0,0,,,,,,
2008-06-01,-0.0497780716417898,-0.0482210641987873,0.001,-0.00105858478562837,-0.0267191037466681,0.0499999999999998,0.140897006214167,-0.0350256956521739
2008-07-01,0,0,,,,,,
2008-08-01,-0.0191297854911428,0.0177691601606116,0.014,-0.00399225308306939,-0.120770272181148,-0.12,-0.0510454133023135,0.122126826086957
2008-09-01,0.103026857843673,0.186478941112954,-0.011,-0.00587155516794269,-0.116352949728708,0.27,-0.259473060991352,0.0250360869565217
2008-10-01,-0.0304042081799088,0.101345022926147,-0.059,-0.00977953090333372,-0.228766970224535,0.63,-0.373371865720341,-0.113197695652174
2008-11-01,0,0,,,,,,
2008-12-01,-0.249539916043242,-0.101565017494515,-0.238,-0.0200490945281349,-0.365409725167273,0.0499999999999998,-0.378701749289275,-0.0834054347826087
2009-01-01,-0.000632987722695271,0.0321153644634783,-0.044,-0.0259709228500782,-0.0586340587504344,-0.66,-0.113431202094216,0.41053447826087
2009-02-01,0,0,,,,,,
2009-03-01,-0.0581242585098967,-0.00699490787602772,-0.021,-0.0369059701828505,-0.144669208206192,0.45,0.00379911465187188,0.355876826086957
2009-04-01,0.0261152937003578,0.0421986841939132,-0.013,-0.0425696777169424,0.027516243070691,0.46,0.0518844667503648,0.561698304347826
2009-05-01,0,0,,,,,,
2009-06-01,0.0549194380758204,0.0714058925383901,0.155,-0.0473656857388445,0.152442832805793,0.98,0.12069321447188,0.169994086956522
2009-07-01,0,0,,,,,,
2009-08-01,-0.00597877631125462,0.020808341974346,0.083,-0.0509595507607941,0.0677329711431529,0.55,0.0843122011254485,0.226974173913044
2009-09-01,-0.0986309479891546,-0.0921424736241029,0.009,-0.0502853524952318,0.151254393510208,-0.1,0.0693313080592075,0.282394565217391
2009-10-01,0,0,,,,,,
2009-11-01,-0.0129899284588682,-0.00944798175701555,-0.09,-0.046810746020153,0.0417826053655252,-0.0800000000000001,0.0779040442159893,0.595481739130435
2009-12-01,0.0151298315063659,0.0111786303432645,0.103,-0.041322872450726,0.0543320143270236,0.21,0.10877838243095,0.578519434782609
2010-01-01,0.0380556953302125,0.0638855596928415,-0.085,-0.038099486244132,0.00991004489611491,0.17,0.0140677071668023,0.391210347826087
2010-02-01,0,0,,,,,,
2010-03-01,-0.0306177305109681,-0.0135092287850504,0.014,-0.0274677365223859,0.0522493915703741,0.02,-0.00837125454202248,0.31504552173913
2010-04-01,0.00109525438552766,-0.00178152638035235,-0.038,-0.0200419120397477,0.0808625010808131,-0.0300000000000002,0.0268366984293857,0.437060652173913
2010-05-01,0,0,,,,,,
2010-06-01,0.0155909519745099,0.0281844931372236,-0.069,-0.00629496766173787,-0.0572963662810642,-0.5,-0.00552639615839379,0.238872043478261
2010-07-01,0,0,,,,,,
2010-08-01,-0.0161836019026494,-0.0128537036900249,-0.076,-0.00184617086996575,-0.000319157427108863,-0.7,0.0473682115737892,-0.0345694782608696
2010-09-01,-0.00215759300405421,-0.0209163558897792,0.044,-0.000436944005295814,0.0236159287248237,-0.59,0.0864698600446125,0.220917217391304
2010-10-01,0,0,,,,,,
2010-11-01,0.0057897175201972,-0.0227249067442513,-0.1,0.00428877330402955,0.0584016280412412,-0.28,0.122574035972757,0.293478347826087
2010-12-01,0.0051707758790211,-0.0267360367255389,-0.111,0.00532950155889722,0.111527750847511,0.55,0.157341132329183,0.378128434782609
2011-01-01,-0.00251914663982181,-0.0190844479010483,-0.042,0.00789589857465245,0.0898217757568665,0.66,0.0865201876095218,0.341025956521739
2011-02-01,0,0,,,,,,
2011-03-01,0.0157738230300187,0.000562698197783509,0.017,0.0103699406008957,0.053968661823637,0.13,0.0693443787358721,0.231561173913043
2011-04-01,-0.00254659155716137,-0.0274720275802962,0.031,0.0108217627103926,0.0485842087163117,0.0800000000000001,0.121082738753924,0.241505565217391
2011-05-01,0,0,,,,,,
2011-06-01,0.0139601963506617,0.0114072800573089,-0.144,0.00807325929894631,0.0126694590627494,-0.28,-0.0336850478407129,0.377154
2011-07-01,0,0,,,,,,
2011-08-01,-0.0115449980737727,-0.00140689774739042,0.007,0.0119813027240863,-0.176159769232292,-0.79,-0.0573795855271353,0.414018782608696
2011-09-01,0.0699354300787473,0.0528438989226402,-0.12,0.0129502925876697,-0.0561355973620437,-1.02,-0.0243502208175812,0.507200826086956
2011-10-01,0,0,,,,,,
2011-11-01,0.0233083194106924,0.0312299763697866,0.047,0.0147203971263909,-0.0548272795549662,-0.6,-0.0860096384105589,0.256443652173913
2011-12-01,0.0174747158567736,0.021357730543943,-0.005,0.0147807818934833,0.0688270906690303,0.0900000000000001,-0.10848900165542,0.3502
2012-01-01,-0.0116294131737931,-0.0374117754520469,0.05,0.0156673840026755,0.0830492893702228,-0.0899999999999999,-0.0219838192213402,0.550181347826087
2012-02-01,0,0,,,,,,
2012-03-01,0.0215183860391624,-0.0176935368656218,0.017,0.0186493168353472,0.0857093465329868,-0.0700000000000001,0.0467252638135598,0.560563739130435
2012-04-01,0.0129820961085808,-0.0106780711201738,-0.09,0.0186177898470312,0.042122065906427,-0.13,-0.0190746419239032,0.589461347826087
2012-05-01,0,0,,,,,,
2012-06-01,0.0286596264023794,0.034554703118763,-0.089,0.0167976272915684,-0.0334480794072407,-0.73,-0.0929547624232256,0.234138347826087
2012-07-01,0,0,,,,,,
2012-08-01,0.0227430333121893,0.00719231446976457,-0.01,0.0162396249589047,-0.0172787371179721,-0.49,0.0101620477573876,0.351180130434783
2012-09-01,0.0239675583025727,-0.0248259532794063,-0.039,0.0165587077986213,0.0930413571894597,0.16,0.166398326080899,0.443470608695652
2012-10-01,0.00894926690065444,-0.0135604891199789,-0.006,0.0162337090703932,0.0453032457507812,0.34,0.0379804699699333,0.523110391304348
2012-11-01,0,0,,,,,,
2012-12-01,0.00408211890068587,-0.0162259192701045,0.036,0.0159236652607007,-0.00299305108822878,-0.02,-0.0350161920023,0.733837695652174
2013-01-01,0.00578732248533434,-0.0218032622393768,0,0.0162107618933387,0.0503359518747173,0.36,0.00146716380204381,0.756814652173913
2013-02-01,0,0,,,,,,
2013-03-01,0.0116599889979513,-0.0179200805471172,0.084,0.0150670522925473,0.0805724474028366,0.0700000000000001,-0.00951023095905335,0.648226043478261
2013-04-01,0,0,,,,,,
2013-05-01,0.00761191242179737,-0.0126314154075169,-0.097,0.015187311755648,0.0610472277989995,-0.31,-0.0402033468143221,0.528853739130435
2013-06-01,0.0108561915891361,-0.0058222395224707,0.005,0.0159618239349371,0.0567372178114782,0.3,-0.0635272483602387,0.719017695652174
2013-07-01,0.00583001477090141,-0.00103644005495493,0.03,0.0167313737010701,0.0634935699662753,0.94,-0.0850461054809921,0.771545304347826
2013-08-01,0,0,,,,,,
2013-09-01,-0.00391995917560111,-0.0193434860631585,-0.008,0.0170138033753631,0.0468524734989213,0.7,-0.0212021226054562,0.694468304347826
2013-10-01,0.00882786918993765,-0.0236417994772789,-0.032,0.01700547004023,0.0501192447541117,-0.0999999999999996,0.021720821811015,0.627490173913044
2013-11-01,0,0,,,,,,
2013-12-01,0.0118551532384436,-0.0246400511934054,0.023,0.0182335664436195,0.0479595154299428,-0.0700000000000003,-0.00300391928211319,0.786159782608696
2014-01-01,0.00836444932280231,-0.00110242153342018,-0.122,0.0168333998609462,0.0260662194337131,0.23,0.00578566224542776,0.396272565217391
2014-02-01,0,0,,,,,,
2014-03-01,0.0254877838369386,0.00195226474134467,0.03,0.0158242036062735,0.0492811379287614,-0.15,0.064270439447796,0.263567391304348
2014-04-01,0.0115855676839231,-0.0116297053188086,-0.003,0.0167866056634214,0.0480054662957068,-0.0300000000000002,0.088565488528479,0.210647
2014-05-01,0,0,,,,,,
2014-06-01,0.0167136107335255,0.0127373163141494,-0.003,0.0175538940551672,0.053333706970534,-0.00999999999999979,-0.0135697471732703,0.144557652173913
2014-07-01,0.00253447509575247,0.00819868505301334,0.073,0.0186408986130662,0.0556053856829539,-0.24,-0.0916060741672133,0.092728347826087
2014-08-01,0,0,,,,,,
2014-09-01,0.0247779392215007,0.0379067275558601,-0.078,0.0190153287746373,0.0319304203981066,-0.04,-0.089406471952759,0.0964744347826087
2014-10-01,0.0330593584641802,0.0627783484539157,0.033,0.0198643929822655,0.00309791466639542,-0.17,-0.0752516717900082,-0.327262695652174
2014-11-01,0,0,,,,,,
2014-12-01,-0.0530289139598691,-0.0146131936175369,0.096,0.0200150877604859,-0.00575709156947912,-0.54,-0.113336117035169,-0.504794652173913
2015-01-01,-0.00139648788080617,0.0393281272687309,0.009,0.0215971207536025,0.0517926222507574,-0.47,-0.14338834240956,-0.572083739130435
2015-02-01,0,0,,,,,,
2015-03-01,-0.0647725270938651,-0.0354221766654862,0.055,0.0224105652054956,0.0234816003993412,-0.0300000000000002,-0.0900464181059872,-0.314132869565217
2015-04-01,0.0056537272255055,0.016443762888032,-0.122,0.0210683561463565,0.030214126719426,0.17,0.0358616580521591,-0.242583913043478
2015-05-01,0,0,,,,,,
2015-06-01,-0.0380668423205076,-0.0470922926006034,0.06,0.0217049718546907,0.0206721597840005,0.3,0.050380236976646,0.141218826086957
2015-07-01,-0.00337783388331604,0.0334424365903971,-0.007,0.0204050882834519,-0.0116079898696757,0.23,-0.0909292817203031,-0.24090352173913
2015-08-01,0,0,,,,,,
2015-09-01,-0.0582450014363609,-0.0232536788932774,-0.042,0.020420984907167,-0.0436960098388557,-0.0699999999999998,-0.10786621335729,-0.149022913043478
2015-10-01,0.0532436907674137,0.0673309770877837,-0.058,0.0191682381863956,-0.000846733955992107,-0.19,-0.0436718456201888,-0.0621701304347826
2015-11-01,0,0,,,,,,
2015-12-01,0.0286748737706069,0.0508260267360163,0.011,0.0192442788952416,0.0452379682079895,-0.18,-0.0953906529702993,-0.191655434782609
2016-01-01,-0.0229588822363337,0.0151658199484794,0.091,0.0191715844392242,-0.058810031453099,-0.32,-0.114073051632906,-0.263633782608696
2016-02-01,0,0,,,,,,
2016-03-01,-0.082446650758401,-0.0748836036812827,0.047,0.0181540437867138,-0.0155975157022405,-0.4,0.0476414929304951,-0.301429434782609
2016-04-01,0.0180509652123826,0.00311186046775568,0.015,0.0192633270860032,0.0924982456192929,0,0.148653455996954,-0.334119869565217
2016-05-01,0,0,,,,,,
2016-06-01,-0.039576200233639,-0.0495439243003383,-0.117,0.0165502656574184,0.0259342761062857,-0.28,0.143306190323916,-0.264297086956522
2016-07-01,0.0155165306604817,0.0149763731468834,0.107,0.0171914381655398,0.0364294547249608,-0.44,0.00712262888547244,-0.137408869565217
2016-08-01,0,0,,,,,,
2016-09-01,-0.023141848927714,-0.0181734890618984,-0.038,0.0176716803317571,0.0325558675653221,-0.05,-0.0346532414648104,0.0774425217391304
2016-10-01,0,0,,,,,,
2016-11-01,0.011542875398356,0.016207584487727,-0.018,0.0172781915815428,-0.0276114081264378,0.22,0.0504432639489858,0.0319314347826087
2016-12-01,0.0468615708153146,0.0304341515296413,0.001,0.0165143788824995,0.0508735753707583,0.57,0.0858328004118363,0.278323086956522
2017-01-01,0,0,,,,,,
2017-02-01,-0.0139614451908361,-0.012532213945938,-0.019,0.0168960367723958,0.0631402676592883,0.45,0.0571864071938979,-0.0789376956521739
2017-03-01,-0.0509744765712087,-0.0348870330785052,0.039,0.0168503497699195,0.0538899157847892,-0.12,-0.0236094544224024,-0.296005652173913
2017-04-01,0,0,,,,,,
2017-05-01,0.0208208612554801,0.044746436246271,-0.08,0.0159780524955107,0.0411850277707151,-0.46,-0.0170318817863251,-0.526179
2017-06-01,0.0285303152536721,0.038315567021245,-0.044,0.0171418989527901,0.0281550713962861,-0.61,-0.0122212476709844,-0.282386304347826
2017-07-01,-0.00339308125154355,-0.0166299493199952,0.042,0.0167576322888898,0.0532429060558748,-0.38,-0.0076219740379706,0.19219052173913
2017-08-01,0,0,,,,,,
2017-09-01,0.058040020133451,0.0687555511013104,-0.027,0.0153859214254393,0.0297604861532683,0.05,0.0638071134826923,-0.330566434782609
2017-10-01,0,0,,,,,,
2017-11-01,0.0136370508893396,0.0196683274630667,-0.12,0.0142157998604713,0.0416108991378694,0.05,0.049013084296984,-0.163063869565217
2017-12-01,0.000810543745423164,0.00667188282593138,0.03,0.0149509045101937,0.0683466569987203,-0.0799999999999998,0.00381955351579233,-0.168724782608696
2018-01-01,0.0162459067552687,0.00108074598828687,-0.042,0.0144132000017798,0.0987048589419617,0.0600000000000001,0.0591271414492693,0.0837943043478261
2018-02-01,0,0,,,,,,
2018-03-01,0.00355526762340038,0.0138829291237717,0.108,0.0150120885808196,0.0201092692252951,-0.01,0.0349983144592745,-0.248641956521739
2018-04-01,0,0,,,,,,
2018-05-01,0.00182034636919305,0.0202760487563795,-0.075,0.0152956658055814,-0.07894220781498,-0.17,0.00614772644905681,-0.0606578260869565
2018-06-01,0.0288729921943432,0.0365336453573368,0.033,0.0160331952139057,0.000100476906544245,-0.0700000000000001,0.0315609900541247,-0.137950173913044
2018-07-01,0,0,,,,,,
2018-08-01,0.00445664715246168,0.0149205355500535,0.018,0.0152202941556876,0.0533756519690938,-0.19,-0.0456737814812307,-0.088449347826087
2018-09-01,0.0045267843553683,0.0173330236976192,0.009,0.0159838098571132,0.0566880266412984,-0.0599999999999999,-0.0140766112086146,-0.224624304347826
2018-10-01,0,0,,,,,,
2018-11-01,0.0168111928537717,0.0310261308984109,0.062,0.0160383117670566,-0.0157116522122784,-0.05,-0.00801883868225772,-0.0965357391304348
2018-12-01,0.0296543039405653,0.0735439468425439,-0.043,0.0151317546942824,-0.131840163761603,-0.45,-0.0328861351384973,-0.433986217391304
2019-01-01,-0.0196322683169762,0.0194390992608443,0.136,0.0153572344691391,-0.0374307963567251,-0.49,-0.0328633825368367,-0.653124391304348
2019-02-01,0,0,,,,,,
2019-03-01,-0.0270330738019495,-0.0111887359017238,-0.16,0.0135047889550801,0.066221094677168,-0.28,0.0460704616843781,-0.52390852173913
2019-04-01,0,0,,,,,,
2019-05-01,-0.0373801585112877,-0.0255740026202084,0.021,0.0145540779465865,0.100276613734897,-0.22,0.0207668302586983,-0.484500826086957
2019-06-01,-0.0792877561621964,-0.0343626566329875,-0.105,0.012592227042699,0.0331968402104916,-0.31,-0.0377769802404435,-0.776585434782609
2019-07-01,0.00575987756799479,0.0173311462209688,0.064,0.0125146724240377,0.0246272352944885,-0.1,-0.0167632633720007,-0.0838568695652174
2019-08-01,0,0,,,,,,
2019-09-01,0.04444570207353,0.0622219584218604,-0.03,0.0125222570352452,0.0402995129008996,-0.02,0.025298918126949,-0.355694869565217
2019-10-01,0.0283120307508133,0.0571210186312079,-0.009,0.013281697241565,-0.0185262919417895,0.03,-0.0230758731908667,-0.262246869565217
2019-11-01,0,0,,,,,,
2019-12-01,0.00506890964765337,0.0241562602296699,0.086,0.013568621116967,0.0504414763966778,0.52,0.0144224930991905,-0.232812913043478
2020-01-01,0.0136370508893396,0.0313352017946526,-0.015,0.0131833896542091,0.0865786019293608,-0.13,-0.0319651863565085,-0.323528869565217
2020-02-01,0,0,,,,,,
2020-03-01,-0.418983025655451,-0.377955421597166,0.06,0.0148294910117084,-0.013949746362524,-0.26,-0.0495336280406304,-0.587456173913044
2020-04-01,0.00290031284264162,0.0977943626255783,-0.601,0.00401073607308255,-0.140542560560247,0.43,-0.193595376115518,-0.302440347826087
2020-05-01,0,0,,,,,,
2020-06-01,0.00506890964765337,-0.0231286283840826,10.009,-0.124243049464225,0.0760324319616625,0.33,-0.010013473098776,-0.282571478260869
2020-07-01,0.00156963750976896,0.0156142768497432,1.57,-0.0914956352644136,0.126241264590214,-0.03,0.169747341226699,-0.0369536956521739
2020-08-01,0.00792421690865705,0.018323456522269,0.283,-0.0806435922290021,0.150802099150217,0.0499999999999999,0.18917731092733,0.166647304347826
2020-09-01,0.00836444932280231,0.0172559640604149,0.021,-0.0711500328190322,0.111839966878552,-0.01,0.1500688307833,0.367769347826087
2020-10-01,0,0,,,,,,
2020-11-01,0.00569641951107257,0.0335539917624543,-0.198,-0.0610154830968206,0.0405777192443981,0.23,0.0732519840648989,0.431091217391304
2020-12-01,0.00963166659875276,0.0161569966696039,-0.215,-0.0605088313081197,0.0879552087356608,0.27,0.084356548849108,0.737907521739131
2021-01-01,0.00637881920917089,0.0172224819544263,-0.19,-0.0630428551295097,0.113794502086472,0.29,0.102955327999247,0.543638
2021-02-01,0,0,,,,,,
2021-03-01,0.000459831084117964,0.00309907680712388,0.179,-0.0599736083024478,0.0759683752697686,0.76,0.133399653105322,0.722676608695652
2021-04-01,0.00576416167911634,0.0164303492518801,0.256,-0.0448898425102531,0.0860625052986812,0.64,0.117402364288876,0.301129826086956
2021-05-01,0,0,,,,,,
2021-06-01,0.0284022383969709,-0.0546944578017805,-0.116,0.0863873097806476,0.0740882279999155,-0.12,0.0772475360600655,0.494902869565217
2021-07-01,0.0101036546881312,-0.038883791322112,0.13,0.0576361448848477,0.0515843885004283,-0.42,0.0478454309278824,0.151256652173913
2021-08-01,0,0,,,,,,
2021-09-01,0.00818148263142199,-0.0229857198958515,-0.498,0.0448130535507953,0.0440742456061365,-0.14,0.0423817364784842,0.273177652173913
2021-10-01,0,0,,,,,,
2021-11-01,0.0147322647310157,-0.0240086379606343,-0.306,0.0417364282558985,0.0540151541016982,0.37,0.0924047713057039,0.394293869565217
2021-12-01,0.057506463063409,0.0427353191316735,-0.34,0.0440956769682366,0.0363355955618445,0.15,-0.0193872799210988,0.225955043478261
2022-01-01,0.00243689297550629,-0.0177315982737031,-0.251,0.0495857370589121,-0.0434213746253658,0.02,-0.00266173210293363,0.34585652173913
2022-02-01,0,0,,,,,,
2022-03-01,0.138072344666642,0.102086735988679,0.255,0.0505205636527215,-0.0907687716680154,0.3,0.231344955521483,-0.0963969565217391
2022-04-01,0,0,,,,,,
2022-05-01,-0.0230991566421469,-0.0460300384313185,-0.059,0.0475995805456773,-0.0595877823527449,0.44,0.157088633886592,-0.00998573913043477
2022-06-01,0.0936262196244538,0.0884247690935251,0.072,0.0463695797466226,-0.118233865208223,-0.03,0.0299287066965075,0.0356083043478261
2022-07-01,0.0101189020563587,0.00240416409684654,0.107,0.0437806778550591,-0.113803117647601,-1.68,-0.101210541137954,0.00051721739130437
2022-08-01,0,0,,,,,,
2022-09-01,0.134551337286289,0.108352811791073,0.017,0.0403040170773803,0.0503010575052087,-1.39,-0.0865047317986045,0.0862402608695652
2022-10-01,0,0,,,,,,
2022-11-01,-0.0788084341425809,-0.0807426219934717,0.008,0.0352542435264294,-0.0658642737691473,-0.35,-0.04506157361552,0.16000547826087
2022-12-01,0.0906897225549657,0.0836348960850402,0.063,0.0326910094162454,-0.0223279460598107,-0.98,-0.0564655077941234,-0.00490339130434782
2023-01-01,0,0,,,,,,
2023-02-01,0.0258708536641854,0.00257950638630222,0.018,0.0312309042639765,0.0622418587810696,-1.02,-0.0248304633286196,0.0264106956521739
2023-03-01,-0.0598828997187032,-0.0537186443144003,0.086,0.0273538313917676,0.00188792770427249,-0.53,-0.0736708524469867,-0.0677320869565217
2023-04-01,0,0,,,,,,
2023-05-01,0.0314001884518786,0.0543576778255173,0.006,0.0250203527413611,0.0119706342902841,-0.62,-0.0776264048935671,-0.418275608695652
2023-06-01,0.0978636347709855,0.096742624455839,0.144,0.0250829652352813,0.123457423059337,-0.28,-0.0407249694948941,-0.251850565217391
2023-07-01,0.0141242863469455,0.00530522139198271,-0.021,0.0238616915175385,0.10073069348314,0.12,0.0167962047321693,-0.0253432173913044
2023-08-01,0,0,,,,,,
2023-09-01,0.0868855268666031,0.0924360088630354,0.017,0.0202782519877776,0.00408352963614078,0.48,0.0443383085913833,-0.0120516956521739
2023-10-01,0,0,,,,,,
2023-11-01,-0.0062288303864261,0.0280822723317221,0.166,0.0188916212496864,-0.0900461747082311,0.78,-0.00414317062486358,-0.128096652173913
2023-12-01,-0.0818742984103777,-0.0435060984544674,0.014,0.0183763836020994,0.0342246221401581,0.03,-0.0936964390629873,-0.434474695652174
