"date","GDPC96","RecQtr","A939RC0Q052SBEA","GDPDEF","OUTNFB","HOANBS","CPAXTAX","GDI","PCECTPI","OPHNFB","COMPRNFB","dtfp","dtfp_util","fe_surp","D_House","D_Senate","D_Fed","Killian_OPEC","DRIWCIL","R_News","FP_EXRET","RR_EXTAX","ICS","ICC","ICE","UK_g_gdp","UK_Left","FR_g_gdp","Fr_left","CN_g_gdp","cn_left","DE_g_gdp","de_left","oecd_gdp","oecd_gdp_e"
1947-01-01,1932.6,0,1698,12.578,11.788,48.342,9,240.3,13.04,24.384,35.679,,,,0,0,1,,,0,,0,,,,,,,,,,,,,
1947-04-01,1930.412,0,1713,12.757,12.063,48.346,12.6,243.6,13.144,24.951,35.977,0.120831246734848,-0.770260615644383,,0,0,1,,,0.0328905962500478,-0.207285,0,,,,,,,,,,,,,
1947-07-01,1928.448,0,1731,12.97,11.739,48.477,12.8,248,13.389,24.216,36.246,-3.30151018816588,-4.15444848432375,,0,0,1,,,0,0.175457,0,,,,,,,,,,,,,
1947-10-01,1958.807,0,1794,13.289,12.35,48.95,13.2,256.5,13.723,25.23,36.08,3.14513110888021,3.10444679367078,,0,0,1,,,0,-0.015518,0,,,,,,,,,,,,,
1948-01-01,1987.606,0,1826,13.392,12.477,49.262,16.6,265.5,13.875,25.328,36.173,9.55192997195798,11.196198648528,,0,0,1,,,0.00707753581246883,0.254888,0,,,,,,,,,,,,,
1948-04-01,2019.889,0,1865,13.51,12.439,49.236,17.7,274,14.018,25.264,36.093,7.93455974620829,11.7827580752461,,0,0,1,,,0.0134460866325061,-0.045879,-1.870557426,,,,,,,,,,,,,
1948-07-01,2031.179,0,1902,13.76,12.545,49.586,17.3,279.3,14.233,25.299,36.216,-3.60405148599317,2.20214205967755,,0,0,1,,,0,-0.021233,0,,,,,,,,,,,,,
1948-10-01,2033.347,1,1901,13.803,12.478,49.127,19.2,281.5,14.187,25.4,36.905,0.546481698774236,7.15145478241207,,0,0,1,,,0,-0.131193,0,,,,,,,,,,,,,
1949-01-01,2005.563,1,1857,13.73,12.388,48.299,18.7,274.5,14.076,25.648,37.494,-6.07583454351108,-0.497014430661026,,0,0,1,,,0,0.109475,0,,,,,,,,,,,,,
1949-04-01,1998.835,1,1825,13.593,12.309,47.491,17.8,271,13.99,25.918,37.621,-0.481476159970975,2.18636822840704,,1,1,1,,,0,-0.124473,0,,,,,,0.0371900639490812,1,,,,,,
1949-07-01,2020.825,1,1827,13.522,12.472,46.993,18.7,271.2,13.909,26.54,38.018,6.87617207181053,5.43523305348715,,1,1,1,,,0,0.014711,0,,,,,,0.0633031475929964,1,,,,,,
1949-10-01,2002.702,1,1804,13.531,12.356,46.805,15.7,267.6,13.899,26.399,37.986,-2.76109604048155,-8.25124189801064,,1,1,1,,,-0.00747297420364054,0.063776,0,,,,,,0.0540638421558775,1,,,,,,
1950-01-01,2082.538,0,1864,13.503,12.883,47.167,15.3,277.9,13.876,27.313,39.092,16.9418008405858,8.83397926559299,,1,1,1,,,0,0.036019,0.27252907,,,,,,0.10830019117792,1,,,,,,
1950-04-01,2145.515,0,1921,13.551,13.35,48.332,16.5,290.3,13.943,27.622,39.635,8.10564637773123,-0.62376160447929,,1,1,1,,,0.0279792261876255,0.098978,0,,,,,,0.105242428039741,1,,,,,,
1950-07-01,2228.21,0,2029,13.846,14.069,49.856,17.1,307.9,14.235,28.219,39.683,8.07232428327021,1.53371472433054,,1,1,1,,,0.630572659516746,-0.047707,0,,,,,,0.104810519093726,1,,,,,,
1950-10-01,2271.243,0,2097,14.103,14.22,50.316,18.6,319.7,14.488,28.262,39.86,0.545555372992436,-2.15204603871711,,1,1,1,,,0.410685561381991,0.199049,0,,,,,,0.102006542731521,1,,,,,,
1951-01-01,2302.318,0,2194,14.61,14.489,51.162,13,332.9,14.948,28.32,39.231,-2.27941594479691,-1.02485960091289,,1,1,1,,,0.0130853705404164,-0.133745,0,,,,,,0.00412747469122854,1,,,,,,
1951-04-01,2342.254,0,2237,14.706,14.554,51.573,16.6,341,15.068,28.22,39.714,0.663812385578183,4.67122086132375,,1,1,1,,,0,-0.06074,0,,,,,,0.0307544077920927,1,,,,,,
1951-07-01,2390.499,0,2275,14.716,14.74,51.063,19.2,347.2,15.088,28.866,40.18,7.48635968591461,11.7181933126886,,1,1,1,,,0,0.118907,0,,,,,,0.0620992108662739,1,,,,,,
1951-10-01,2395.791,0,2295,14.884,14.782,51.087,18.8,354.3,15.288,28.935,40.352,-0.590278575304649,1.56171347352841,,1,1,1,,,0,-0.038578,0,,,,,,0.0347695039367339,1,,,,,,
1952-01-01,2421.12,0,2308,14.877,14.941,51.416,18.3,356.5,15.353,29.059,40.622,0.0437982254292618,-0.976788538493964,,1,1,1,,,-0.00143709520153855,-0.037479,0,,,,,,0.0576424775685327,1,,,,,,
1952-04-01,2426.174,0,2307,14.896,14.868,51.203,17.6,359,15.35,29.037,40.822,2.28028972273118,-1.34823660974339,,1,1,1,,,-0.0130975723612614,0.118625,0,,,,,,-0.0236776444757036,1,,,,,,
1952-07-01,2443.725,0,2340,15.062,14.916,51.571,17.5,366.4,15.451,28.923,41.044,0.693225113510419,-3.38949795752998,,1,1,1,,,0.00227179169469419,0.025144,0,,,,,,0.0395370046830414,1,,,,,,
1952-10-01,2523.927,0,2412,15.105,15.62,52.952,20,378.7,15.477,29.499,42.019,7.21892426657778,5.29126506913397,,1,1,1,,,0,0.019303,0,,,,,,-0.00553306995610114,1,,,,,,
1953-01-01,2570.898,0,2449,15.11,15.906,53.501,19.9,385.6,15.536,29.73,42.627,5.00903980101528,7.09831820058992,,1,1,1,,,-0.0201959939350299,0.00223099999999998,0,,,,,,0.0508565645755725,1,,,,,,
1953-04-01,2590.964,0,2463,15.14,15.985,53.595,18.9,389,15.56,29.826,42.97,1.42942120687394,7.71382426098933,,0,0,1,,,-0.0116286995967759,-0.003357,0,,,,,,0.0698933471337166,1,,,,,,
1953-07-01,2576.444,1,2449,15.203,15.903,53.06,18.3,388.2,15.644,29.972,43.232,-2.79301922190492,6.04205560200437,,0,0,1,,,-0.0306321209928774,0.077807,0,,,,,,0.0136858700401865,1,,,,,,
1953-10-01,2537.344,1,2405,15.233,15.594,52.225,15.8,381.1,15.712,29.859,43.58,-5.84395125452595,2.67627228895867,,0,0,1,,,-0.00262391993223779,0.073366,0,,,,,,0.0698243074065406,1,,,,,,
1954-01-01,2525.611,1,2391,15.28,15.411,51.523,18.3,383.2,15.791,29.911,43.858,-0.628109567453244,4.71344927732268,,0,0,1,,,0,0.130656,0,,,,,,0.0529508048013165,1,,,,,,
1954-04-01,2528.252,1,2386,15.296,15.404,51.135,19.1,384.2,15.77,30.124,43.977,2.84788178744439,3.29978858946127,,0,0,1,,,0,0.00298199999999993,0,,,,,,0.0707725662514567,1,,,,,,
1954-07-01,2556.931,0,2405,15.315,15.623,50.935,20.1,388.2,15.718,30.673,44.441,4.34968188122039,0.183632397925169,,0,0,1,,,-0.0132990655778626,0.105692,-0.367647059,,,,,,0.0632918965990863,1,,,,,,
1954-10-01,2606.758,0,2447,15.358,16.003,51.573,22.1,397.5,15.703,31.03,45.008,6.23098084108263,-0.762999386711473,,0,0,1,,,0,0.125352,0,,,,,,0.0310610465029777,1,,,,,,
1955-01-01,2681.18,0,2519,15.432,16.573,52.405,25.2,410.3,15.755,31.625,45.261,7.00605049559012,-0.263743215696403,,0,0,1,,,0.0125831034374656,0.159206,0,,,,,,0.0557451395503226,1,,,,,,
1955-04-01,2724.825,0,2560,15.496,16.837,53.087,26.3,420.5,15.771,31.716,45.697,4.75384381133707,-0.512800420957803,,1,1,1,,,0,-0.255224,0,,,,0.2,0,0.057788881319311,1,,,,,,
1955-07-01,2761.467,0,2601,15.605,17.081,53.638,25.6,429,15.834,31.845,46.478,0.245704283689493,-2.17595596999839,,1,1,1,,,0,-0.00742500000000001,0,,,,2.1,0,0.0574281107192451,1,,,,,,
1955-10-01,2778.087,0,2630,15.759,17.235,54.289,26,436.5,15.877,31.747,46.753,-2.04896239871366,-2.00522669616328,,1,1,1,,,0,0.167786,0,,,,-0.6,0,0.046832415407257,1,,,,,,
1956-01-01,2767.37,0,2635,15.917,17.126,54.618,24.7,441.4,15.943,31.356,47.482,-2.02060245511875,-0.75975739659965,,1,1,1,,,0.00211272884976199,-0.128997,0,,,,0.7,0,0.0312258406564478,1,,,,,,
1956-04-01,2790.19,0,2661,16.012,17.241,54.737,24.4,448.5,16.05,31.498,48.081,1.66664299227648,2.90245291279394,,1,1,1,,,0.00140095071457488,-0.00477099999999997,0,,,,-0.2,0,0.0658770265443889,1,,,,,,
1956-07-01,2787.91,0,2680,16.212,17.174,54.518,25.3,454.6,16.207,31.502,48.313,-1.41235930292734,-0.763984466782218,,1,1,1,,,0.00690964376769571,0.136387,0,,,,-0.1,0,0.0509702769494269,1,,,,,,
1956-10-01,2833.517,0,2721,16.279,17.451,54.819,25,464.3,16.303,31.834,48.705,6.63497899776313,7.12670679997204,,1,1,1,,,0.00113845030710631,0.126039,0,,,,0.5,0,0.0601637554932499,1,,,,,,
1957-01-01,2851.778,0,2765,16.501,17.667,54.868,25.8,471.8,16.449,32.199,49.01,0.0823041100995394,1.4277101059973,,1,1,1,,,0,-0.041299,0,,,,2,0,0.0777840383789512,1,,,,,,
1957-04-01,2845.453,0,2766,16.617,17.563,54.752,25.1,474.7,16.553,32.078,49.085,-1.53244506873623,1.41092015620563,,1,1,1,,,0.0052498896850524,-0.133745,0,,,,0,0,0.0264582348862379,1,,,,,,
1957-07-01,2873.169,1,2798,16.717,17.728,54.487,24.7,479.7,16.687,32.536,49.295,1.27592883757242,5.71826505793609,,1,1,1,,,0,-0.020491,0,,,,-0.6,0,0.0639488445081235,1,,,,,,
1957-10-01,2843.718,1,2758,16.727,17.417,53.358,22.8,474.8,16.773,32.642,49.721,-0.314043833394557,4.3207269197392,,1,1,1,,,0.022084863235432,0.165946,0,,,,0.1,0,0.0112626613682427,1,,,,,,
1958-01-01,2770,1,2705,16.908,16.787,52.15,20,469.6,16.978,32.19,49.165,-6.43379725367843,-3.62953713134479,,1,1,1,,,0.00151676981333385,-0.023172,0,,,,1.7,0,0.0541010346547661,1,,,,,,
1958-04-01,2788.278,1,2721,16.956,16.872,51.402,20.8,472.3,17.009,32.823,49.256,2.81512993617293,1.96382078820598,,1,1,1,,,0,-0.025799,0,,,,-2.5,0,0.015786828936651,1,,,,,,
1958-07-01,2852.741,0,2788,17.059,17.392,52.015,22.9,485.6,17.022,33.437,50.432,7.11830103076312,2.22529938631631,,1,1,1,,,0,-0.097487,-0.105999576,,,,2.2,0,-0.00873254408839075,1,,,,,,
1958-10-01,2919.47,0,2854,17.139,17.95,52.791,25.8,498.3,17.018,34.002,50.581,5.31833789146952,-2.51964348619641,,1,1,1,,,0,-0.014849,0,,,,0.1,0,0.00902611979997947,1,,,,,,
1959-01-01,2973.782,0,2903,17.186,18.31,53.813,28.3,511,17.137,34.026,50.99,5.34643363536758,-2.96937756018802,,1,1,1,,,0.00309299298049573,0.0981299999999999,0,,,,1.3,0,0.00447378477374638,1,,,,,,
1959-04-01,3046.096,0,2966,17.21,18.881,54.842,30.8,525.7,17.204,34.428,51.32,4.58041877803578,-1.19161874335298,,1,1,1,,,0,-0.063693,0,,,,1.5,0,0.0536384119037712,0,,,,,,
1959-07-01,3040.235,0,2959,17.275,18.788,54.681,28.3,523.4,17.307,34.359,51.357,-2.21760066689655,-3.53033093832718,,1,1,1,,,0,-0.213388,0,,,,2,0,0.0444167007855349,0,,,,,,
1959-10-01,3052.194,0,2969,17.342,18.758,54.689,28.9,529.1,17.401,34.3,51.541,0.303166924116607,3.86053953390112,,1,1,1,,,0,0.061503,0.116913484,,,,2.4,0,0.109208106743734,0,,,,,,
1960-01-01,3120.195,0,3024,17.414,19.312,55.027,30.4,543.1,17.424,35.096,52.6,8.83402899389214,15.8299578606298,1.868688255794,1,1,1,,,0,-0.065045,0.360599734,100,100.3,105.3,2.4,0,0.087803005606234,0,,,,,,
1960-04-01,3108.361,1,3009,17.459,19.085,55.124,28.6,544.3,17.515,34.622,52.621,-6.98458000961516,0.786658923628305,1.72590348272588,1,1,1,,,0.00550307589398421,0.0775170000000001,0,93.3,92.3,99.3,-1,0,0.106769114165558,0,,,,,1.37260159808566,0.878591346385241
1960-07-01,3116.104,1,3015,17.522,19.031,54.811,28.7,546.2,17.582,34.721,52.909,-1.24580073687014,4.56088317176921,1.69769488080344,1,1,1,,,0,0.112013,0,97.2,97.6,98.2,1.5,0,0.0675292323977739,0,,,,,1.48019553812072,1.30563601678319
1960-10-01,3078.384,1,2974,17.576,18.625,54.302,27.3,544.9,17.661,34.299,52.803,-3.41022754534595,-1.31267708462449,1.57365987475576,1,1,1,,,0,0.020938,0,90.1,90,94.1,0.6,0,0.0436256223255043,0,,,,,1.7071202333201,1.07318520475277
1961-01-01,3099.314,1,2989,17.615,18.758,53.997,26.2,547.3,17.694,34.739,53.158,1.80409312057973,0.0973917067084198,1.86843910931447,1,1,1,,,0.0147048320077978,0.031915,0,91.6,93.9,95.6,1.7,0,0.0525025128737964,0,,,,,1.56950892855872,1.35072822563464
1961-04-01,3156.922,0,3040,17.657,19.249,53.872,29.2,557.9,17.692,35.731,53.919,10.5157896877814,6.50353182594658,1.35520417463612,1,1,1,,,0.0589046871912328,0.0140899999999999,0,92.5,91.6,98.8,0.5,0,0.022768734288229,0,11.1005850686098,0,,,1.15173497586337,1.19634286968051
1961-07-01,3209.561,0,3086,17.704,19.628,54.188,30.5,568.3,17.757,36.222,54.11,3.59349670539656,-0.577034514898103,1.46521931971319,1,1,1,,,0.00649285166713057,-0.116857,0,99.2,100.9,99.2,-0.5,0,0.0380600813846792,0,9.43725086400356,0,,,1.25744719564246,1.53365473655473
1961-10-01,3274.61,0,3146,17.762,20.065,54.877,33,583.7,17.777,36.564,54.427,4.68676161239408,2.25666210784871,1.38167769329949,1,1,1,,,-0.00182002488458144,-0.138312,0,93,94.7,97.5,-0.1,0,0.0708567232319064,0,5.34138929238215,0,,,0.69895625405211,0.528770257106978
1962-01-01,3333.591,0,3208,17.854,20.473,55.078,35.3,593.7,17.855,37.171,55.081,1.62972356950268,1.80044816973816,0.627755492637992,1,1,1,,,0.00355511488563505,0.058562,0,99.9,101.5,104.1,0.6,0,0.0929997895758672,0,9.57986260536314,0,,,0.350285167413138,-0.674446988400592
1962-04-01,3369.51,0,3236,17.883,20.682,55.735,35.2,601.3,17.918,37.108,55.241,1.38017504641209,3.71954232116543,0.550119632204318,1,1,1,,,0,0.045517,0,95.4,94.9,97.2,1,0,0.0639255991403396,0,2.64219286218332,0,,,2.41950973437687,3.60266946816056
1962-07-01,3401.609,0,3261,17.92,20.909,55.619,36.2,608.7,17.964,37.593,55.469,3.73906743461711,6.97166415414962,0.694756539347896,1,1,1,,,0,0.074515,-0.228813559,91.6,96.3,94.1,0.7,0,0.0799450399729771,0,5.73696872856326,0,,,2.12336121304881,2.14804166511905
1962-10-01,3414.802,0,3267,17.955,20.952,55.265,38,617.1,18.018,37.912,55.845,3.77560784208709,6.44708889964811,0.769462416167371,1,1,1,,,0,-0.033903,-0.151693915,95,96.2,99.9,-0.4,0,0.0416691002779956,0,9.03226411882914,0,,,1.32182626601323,1.22145749197371
1963-01-01,3452.806,0,3307,18.034,21.149,55.601,38.5,625,18.069,38.037,56.218,0.923288439186784,2.09014344057358,1.02288171767791,1,1,1,,,0,-0.111661,0.431606906,98.4,103.9,100.6,0.2,0,-0.0220894007754044,0,2.2206813475379,0,,,1.86038383198935,1.3661586693532
1963-04-01,3497.818,0,3345,18.064,21.498,55.952,40,635.2,18.095,38.422,56.398,3.21786517293712,2.79817747488296,1.28794883365124,1,1,1,,,0,-0.0436869999999999,0,91.7,95,94.8,4.3,0,0.171011040152532,0,5.20346575038999,1,,,1.26091435970682,1.04864932505648
1963-07-01,3566.096,0,3401,18.086,22.015,56.104,40.6,644.6,18.181,39.24,56.629,5.98408238165913,4.5782201124156,0.918284347345541,1,1,1,,,-0.0116171186004777,-0.130214,0,96.4,103,97.7,0.5,0,0.131307051953811,0,2.96576449732024,1,,,1.12398342626622,0.800962844435669
1963-10-01,3591.546,0,3440,18.233,22.185,56.539,41.1,655.5,18.248,39.238,57.126,0.621911260998839,-0.904985797097589,0.786160200466284,1,1,1,,,0,-0.00459600000000004,0,94.4,98.3,97.7,2.3,0,0.000953705475676303,0,13.979885133002,1,,,0.820752328319127,1.03698573560639
1964-01-01,3669.226,0,3515,18.291,22.8,57.589,44.6,668.6,18.336,39.591,56.849,4.19799401280104,3.15850619197026,-0.0567574970767647,1,1,1,,,-0.00726177438148168,0.00368299999999999,0,99.5,100.2,100.1,1,0,0.0880737083830254,0,9.379263578845,1,,,1.66739565044607,1.08872779902235
1964-04-01,3712.856,0,3554,18.335,23.055,57.84,44.9,680,18.378,39.86,57.386,1.75534324050349,1.25428584652633,-0.842865241646471,1,1,1,,,0,-0.0627439999999999,-1.275045537,98.5,100.6,97.9,1.6,0,0.0365763231267859,0,0.920489482958153,1,,,1.2511410346163,1.14650199199567
1964-07-01,3763.277,0,3604,18.41,23.378,58.211,45.4,692.4,18.44,40.161,58.011,3.2296846355238,2.85071366749303,-0.341321084945739,1,1,1,,,0,0.128578,0,100.6,100.8,99.8,0.3,0,0.04316495020809,0,4.65659414726181,1,,,1.54329605659382,1.06293020650357
1964-10-01,3776.627,0,3620,18.493,23.393,58.776,45.4,702.2,18.502,39.8,58.17,-0.690966690919238,-1.52117681405065,0.0654587558745339,1,1,1,,,0,-0.00835700000000006,0,99.9,100.9,101.8,1.6,0,0.0538285378520391,0,2.78081317787033,1,,,1.73516681485993,1.22279404763311
1965-01-01,3869.782,0,3718,18.586,24.112,59.694,51.5,721.5,18.562,40.392,58.222,6.58517667387768,4.97614554862414,0.324942635801643,1,1,1,,,0.00325628822188561,0.0530280000000001,-0.64683053,102,101.1,103.7,-0.1,1,0.0216101771840345,0,12.5327262221322,1,,,1.65684883513445,0.822175512335512
1965-04-01,3922.689,0,3775,18.67,24.496,60.286,52.6,734.1,18.655,40.633,58.242,0.412168532156735,-1.81931831753466,0.0535172861760227,1,1,1,,,0.00201245267478556,0.0413629999999999,0,105.4,109.7,103.8,0.3,1,0.0684437208083488,0,3.82089799350438,1,,,1.23495410957231,1.4070300474719
1965-07-01,4002.358,0,3854,18.744,24.994,60.428,53.6,747.3,18.724,41.362,58.681,5.84176695801449,3.58520087655133,-1.22474245650867,1,1,1,,,0.0197696501648705,0.155701,-0.241312741,103.4,103.6,105,1,1,0.0645733544010265,0,5.93895239494449,1,,,0.988124047034556,0.93730115101067
1965-10-01,4096.741,0,3959,18.871,25.689,61,56.4,768.9,18.781,42.113,59.239,5.48503698732403,3.95424575708287,-1.74338376286095,1,1,1,,,0,0.117702,0,102.9,100.7,105.5,0.8,1,0.0655536660771767,0,10.8297671316748,1,,,0.646671244310923,0.125964947783562
1966-01-01,4197.921,0,4073,18.993,26.424,61.881,58.9,790.8,18.927,42.701,59.704,5.97572350390461,5.72681565032553,-1.41153055960367,1,1,1,,,0,0.0656199999999999,-0.227036845,100,100.7,100.7,0.3,1,0.0260531372482946,0,7.54945879828155,1,,,1.1060590893146,0.984876583869121
1966-04-01,4215.116,0,4112,19.149,26.522,62.488,57.7,802.6,19.083,42.443,60.11,-2.57243282050339,-1.41387652537803,-1.49301656707764,1,1,1,,,0.001297436557545,0.03003,0.11539941,95.7,96.4,96.7,0.7,1,0.0707748444968583,0,7.99436458330443,1,,,0.749984896002961,0.874865103004475
1966-07-01,4245.17,0,4169,19.335,26.687,62.78,56.4,816,19.229,42.509,60.447,-1.22778358659048,0.991498123349662,-1.69301050728924,1,1,1,,,0.0141037329223075,-0.041202,0,91.2,92.7,91.4,0.5,1,0.0565857045096607,0,-0.0643320399902225,1,,,1.25252439975493,1.16829789775185
1966-10-01,4281.583,0,4228,19.499,26.797,62.611,57.9,830.2,19.379,42.799,60.769,0.912261977771324,3.56444636537365,-1.96036563022446,1,1,1,,,0.0274857417714561,0.0885640000000001,0,88.3,85.8,90.9,-0.3,1,0.0247265954191815,0,5.04726223450114,1,,,1.01973427139321,1.02745082674838
1967-01-01,4320.947,0,4274,19.58,26.993,62.541,56.2,838.5,19.435,43.161,61.434,0.397414694542821,2.82950804110681,-2.9160347382874,1,1,1,,,0.0480828636079558,-0.00983899999999993,0,94.1,91.1,97.1,1.4,1,0.0634125634470737,0,-1.59389527973496,1,,,1.83033067033391,1.74837557031176
1967-04-01,4324.696,0,4288,19.679,26.938,62.158,55.5,847.4,19.528,43.338,62.055,1.65780964548213,3.37975474655798,-2.67561651969883,1,1,1,,,0.00733702231967679,0.141748,0,95.9,99.1,95,1.3,1,0.0468782594858088,0,8.59782474044217,1,,,1.11051336479611,-0.164287772940514
1967-07-01,4362.001,0,4355,19.867,27.136,62.362,55.7,864.5,19.708,43.514,62.272,0.0985090721111333,0.919987909909861,-2.34588107946106,1,1,1,,,0.00462127151284282,-0.143068,-0.191136065,97,100.2,96.2,0.3,1,0.0500563401957137,0,2.03880275864516,1,,,1.97099673457392,3.12187342917038
1967-10-01,4397.108,0,4425,20.086,27.357,62.646,57.4,882.8,19.877,43.669,62.433,0.988659946972526,0.922758254624338,-2.27654720991047,1,1,1,,,-0.0119475965273952,0.00497000000000014,0,92.9,96.3,91.8,0.3,1,0.035850595762696,0,1.29872453741466,1,,,1.57171923977614,1.59689960615761
1968-01-01,4486.382,0,4556,20.309,28.018,62.757,54.2,906.1,20.087,44.645,63.487,6.21569247988229,5.40264354094144,-2.19837214090168,1,1,1,,,0.00586360397777887,-0.0789060000000001,0,97.2,102.3,95,3.3,1,0.113857018128114,0,2.53401329087859,1,,,1.31428540602555,1.27070761755045
1968-04-01,4562.157,0,4671,20.523,28.557,63.359,57.1,929.6,20.291,45.071,63.895,3.25220950811122,1.89150869474432,-2.59709525387268,1,1,1,,,-0.0264840490323638,-0.0619889999999998,0,92.4,97.1,90.6,-0.6,1,-0.197855797388342,0,11.3118569843877,1,,,1.15869876121684,1.48704486547181
1968-07-01,4594.968,0,4738,20.726,28.748,63.802,57.3,951,20.501,45.058,64.075,1.16467367841128,-0.439852104666346,-1.59454782383092,1,1,1,,,0,-0.06164,0,92.4,97.5,90.3,2,1,0.355355646167533,0,6.17780840624504,1,,,1.24259780134832,1.47550144151822
1968-10-01,4615.388,0,4814,21.019,28.875,64.196,57.4,970.4,20.729,44.979,64.551,-0.938291491790785,-2.40017373156849,-1.38685087867383,1,1,1,,,0,0.0155149999999999,0,91.7,92.6,92.3,0.4,1,0.0560799617518508,0,5.85186498693262,1,,,0.685901708466366,0.679551158873054
1969-01-01,4687.098,0,4929,21.237,29.368,64.797,55.8,989.8,20.933,45.323,64.64,-0.463454249533887,-1.31120526234135,-0.33041938987563,1,1,1,,,0,-0.0814589999999999,0,98.2,99,98.7,0.1,1,0.0348941668983147,0,4.80687787061536,1,,,0.822025050597192,1.01503535989166
1969-04-01,4702.124,0,4996,21.509,29.402,65.398,53.5,1009.4,21.201,44.959,64.665,-0.990977272414601,-0.802146217223352,-0.439564713784905,1,1,1,,,0,-0.147199,0,91.5,92.9,91.8,0.9,1,0.089707779668726,0,1.77301711470728,1,,,1.17406468548889,1.99964490644192
1969-07-01,4731.549,0,5084,21.811,29.561,65.711,51.5,1031.2,21.461,44.986,64.931,-0.170227250108512,1.31090957158663,-0.878055120812853,1,1,1,,,0,-0.117418,0,86.4,86.9,87.3,0.7,1,0.0555650939880279,0,4.51388019054226,1,,,1.32821722226019,1.46678697584021
1969-10-01,4710.954,1,5112,22.092,29.347,65.511,46.6,1042.6,21.71,44.797,65.188,-2.76914413458329,-0.150300120174677,-0.755402875279022,1,1,1,,,0,-0.054179,0,79.7,80.6,80.3,0.6,1,0.0594255625401345,0,6.3408958311534,1,,,0.0141075945159591,0.84795541848504
1970-01-01,4702.809,1,5162,22.402,29.311,65.253,43,1049.8,21.961,44.919,65.32,-2.20584218792678,0.962115622069853,-0.850243945945372,1,1,0,,-19,-0.00497781747146951,-0.128529,0,78.1,82.3,76.5,-0.8,1,0.0705494348580413,0,2.41105191233641,1,,,0.879197240422832,-0.45927879017993
1970-04-01,4711.143,1,5227,22.714,29.365,64.393,46.4,1064.4,22.205,45.603,65.444,1.55252010609736,4.30503832182757,-1.85485675460167,1,1,0,,5,-0.00294961748057764,-0.152245,0,75.4,82.6,71.9,2.3,1,0.0597990269212521,0,0.400641676246272,1,3.97581531696591,1,1.17654684865658,1.49972069887638
1970-07-01,4752.805,1,5299,22.901,29.664,64.066,45.4,1082,22.421,46.302,65.837,4.52359901887114,6.13374304084247,-2.0215719794144,1,1,0,,0,0,0.136451,0,77.6,81.3,76.4,0.9,1,0.0460927700415361,0,3.61022640554964,1,1.86784140969164,1,1.30360810637442,1.55678951005185
1970-10-01,4703.912,1,5295,23.203,29.186,63.577,42.7,1086,22.712,45.906,65.539,-4.16520426345944,-4.17998202816104,-1.70757219816785,1,1,0,,27,0,-0.058553,0,72.4,74.7,72,0.7,0,0.0523404296644203,0,1.00733428544937,1,0.847604220723056,1,0.517230706443934,0.452062308469523
1971-01-01,4829.88,0,5503,23.558,30.175,63.877,51.3,1124.5,22.927,47.239,66.331,9.2083034360621,7.62249972310134,-2.12832663863728,1,1,0,0,63,0,0.204812,-0.018209961,78.1,82.4,76.6,-0.9,0,0.0661375236272754,0,-2.27543512318054,1,-1.92109777015436,1,1.51487518717521,1.06242052307016
1971-04-01,4857.374,0,5591,23.868,30.374,64.083,52.2,1146.8,23.188,47.398,66.695,0.378217246296979,-2.16233086479342,-2.63376655022652,1,1,0,0,41,0,-0.019597,0,80.2,87.7,76.6,1.2,0,0.0378000704700878,0,12.7567622193206,1,2.09863588667368,1,1.80952541521162,1.25190017875695
1971-07-01,4895.258,0,5675,24.111,30.645,64.083,55.8,1168.5,23.416,47.82,66.947,3.45158280554332,0.640554111397066,-2.4190733216735,1,1,0,0,25,0,-0.118034,0,82.1,88.5,79.1,1.5,0,0.0613445982145961,0,11.5866023604773,1,1.73004453579992,1,1.25693630854046,1.39884152500885
1971-10-01,4909.529,0,5721,24.312,30.726,64.77,59.2,1193.2,23.562,47.439,66.913,-0.256020398842579,-2.74697242061931,-2.48081031611976,1,1,0,0,32,0,0.028411,0,82,90.3,77.9,0.1,0,0.0412961616511034,0,4.89343112133636,1,-0.0841892574507455,1,1.75909159369847,1.57940207919219
1972-01-01,4997.015,0,5899,24.691,31.532,65.559,62.3,1229.2,23.811,48.097,68.15,3.37535051261261,1.39353412221436,-1.91955418895034,1,1,0,0,50,0,0.11687,-0.755921384,92.8,96.4,91.6,0.2,0,0.0370861313990953,0,-1.8567479078363,1,0.101112234580384,1,2.35255453757101,1.97697951613319
1972-04-01,5112.722,0,6059,24.842,32.407,66.028,63.7,1252.6,23.949,49.08,68.512,6.29731550190119,4.61172274971344,-2.76976881742905,1,1,0,0,29,0,-0.114355,0,88.6,99.3,82.9,2.6,0,0.0463064508573561,0,12.0586006223865,1,1.63299663299664,1,1.11862999336686,1.12819729711165
1972-07-01,5159.837,0,6156,25.075,32.766,66.4,66.3,1284.9,24.16,49.347,68.875,2.52314913145173,0.733140367938532,-1.90015928673705,1,1,0,0,19,0,-0.046909,0,95.2,101.9,92,0.3,0,0.0543792649213724,0,0.0996465718509087,1,2.33559715090277,1,0.322652781952466,0.891935843234738
1972-10-01,5245.523,0,6321,25.394,33.382,67.094,69.1,1334.6,24.358,49.754,69.453,6.53119789288228,4.40600921211924,-3.345130859418,1,1,0,0,21,0,-0.055988,0,90.7,95.9,88.5,1.8,0,0.0627973577434842,0,10.5193925013056,1,1.55390093881516,1,1.14726290723033,1.14629543459549
1973-01-01,5374.665,0,6538,25.689,34.644,68.107,71.3,1374.3,24.652,50.867,70.17,6.01277709904878,3.78717996658805,-2.59157141661913,1,1,0,0,11,0,0.033415,0,81.9,95.8,74,5.3,0,0.0820013835757849,0,11.3857248592253,1,1.38667516735735,1,-0.446781843042151,0.37846662217415
1973-04-01,5435.604,0,6697,26.08,35.039,68.819,67,1402.9,25.126,50.914,69.692,-0.613795076725573,-2.28160108545863,-2.61074618266565,1,1,0,0,9,0,-0.207948,0,77,92.7,68,0.5,0,0.0672661054906278,0,4.17601591263013,1,0.738877534978769,1,0.48834465295798,0.615591281981395
1973-07-01,5406.065,0,6771,26.578,34.934,69.284,68,1434.4,25.583,50.421,69.528,-4.55908332460408,-4.61505150588912,-1.90762087140123,1,1,0,0,-7,-0.00364570950680994,0.044681,0,72,86.6,63.7,-0.7,0,0.0608919667135197,0,1.3864384426578,1,0.327715355805253,1,0.0104744599987057,0.297934632447689
1973-10-01,5456.489,1,6954,27.107,34.881,69.628,67.8,1478.3,26.108,50.096,69.184,0.361703083359034,2.63478938921998,-1.66983036597483,1,1,0,-3.2902,13,0.00359524509278346,-0.046903,0,76.5,91.7,67.8,-0.1,0,0.0548951028833236,0,8.47484577333388,1,0.248872297402386,1,-0.584643109693047,-1.00381358934662
1974-01-01,5411.162,1,7012,27.622,34.661,69.332,61.3,1494.7,26.883,49.993,68.716,-7.75213488117895,-3.13148838131218,-1.25313990313206,1,1,0,2.4715,13,0,0.176154,0,61.8,81.8,50.1,-2.4,0,0.0802856089005726,0,3.99175404219576,1,0.837858805275403,1,-0.522893198571472,-0.364425341115537
1974-04-01,5425.382,1,7183,28.279,34.66,69.513,58.6,1524.1,27.645,49.861,68.677,-2.48551833622937,3.92980828891318,-1.13446013642056,1,1,0,0.8187,-19,0,0.042099,0,72.1,85.6,64.6,1.9,0,0.0273872301357838,0,3.23643247677101,1,-0.0769349130635391,1,0.501027015427135,-0.360279819942438
1974-07-01,5372.849,1,7301,29.098,34.173,69.271,49.9,1560,28.391,49.332,68.779,-4.59292944705106,1.86087536184641,-0.431232386213575,1,1,0,0,-34,0,0.072318,0,64.4,75.7,58.3,1,1,0.0375058744027552,0,0.0562178270815838,1,0,1,1.05200808037661,0.606080203637278
1974-10-01,5351.356,1,7466,29.955,33.905,68.126,51.9,1586.8,29.114,49.768,68.574,-2.32299997572363,2.49435855805256,-0.715621894385246,1,1,0,0,-19,0,-0.030743,0,59.5,73.1,51.9,-1.2,1,-0.0676075085281633,0,1.53942511521912,1,-1.26270403449337,1,1.34560795352928,1.61920824608236
1975-01-01,5286.705,1,7528,30.634,33.101,65.989,60.1,1604.3,29.664,50.161,69.172,0.692884124347354,2.72663778482158,-1.21312462665223,1,1,0,0,8,0,0.078371,0,57.6,70,50.7,0.3,1,-0.0263404923467802,0,-0.714206003174023,1,-0.577043044291955,1,1.64433714837461,1.29519758858888
1975-04-01,5327.437,0,7681,31.093,33.343,65.38,68.8,1642.1,30.029,50.999,69.81,5.22555663829816,4.33273044777429,-4.52342758902036,1,1,0,0,28,0,0.24258,0,72.8,78.1,70.5,-1.6,1,-0.0186238678000805,0,3.11173168612717,1,-0.501960784313724,1,0.935513025619017,1.10925604325183
1975-07-01,5415.478,0,7924,31.647,34.029,65.979,78.2,1705.1,30.592,51.576,69.643,5.63219349411254,2.58440062914121,-1.93351741403069,1,1,0,0,30,0,0.028145,0,75.7,84.2,71.4,-0.2,1,0.00454794724343333,0,5.83684493034904,1,1.08781333753744,1,0.825994641402332,0.967266460460475
1975-10-01,5488.489,0,8143,32.174,34.645,67.111,83.2,1751.3,31.105,51.623,69.5,1.43722052842085,-2.36991076923843,-2.00215188319299,1,1,0,0,26,0,-0.148601,0,75.6,85.1,70.6,1.4,1,0.0838899927471732,0,3.31057251792652,1,1.96506550218338,1,0.948325513812426,1.45032598843218
1976-01-01,5612.427,0,8396,32.508,35.737,68.221,92.5,1806.3,31.448,52.384,70.023,6.38507354813003,3.21500167735993,-1.83952143359864,1,1,0,0,29,0.00233379257450787,0.073724,0,84.6,90.6,81.9,1.7,1,0.0406244867959351,0,7.40424635269801,1,0.902416641174682,1,0.928106651471284,0.461639604278954
1976-04-01,5654.837,0,8527,32.838,36.092,68.245,91.4,1836.1,31.711,52.886,70.712,1.76513650844542,0.0915855012139657,-1.63359223368755,1,1,0,0,41,0,0.181839,0,83.3,89.8,80.2,-0.9,1,0.0556870010148154,0,8.51094579970111,1,1.48552372290436,1,0.878612011550424,0.107274236869775
1976-07-01,5683.589,0,8659,33.262,36.302,68.517,93.5,1873.5,32.191,52.983,71.064,0.47526462701015,0.269478579991727,-1.68132670397951,1,1,0,0,31,0,-0.050982,0,89.7,96.9,86.2,0.9,1,0.0481603270892743,0,1.70673320015742,1,0.0298730395817728,1,0.881864748138572,0.26536728696326
1976-10-01,5726.249,0,8855,33.851,36.614,68.884,92.7,1912.6,32.699,53.153,71.539,0.805654175517105,1.4329470273048,-1.81430448056442,1,1,0,0,27,0,0.00148999999999999,0.127300695,87,89.4,86.6,2.1,1,0.0315344355800535,0,0.480467410669849,1,1.8515753322383,1,0.752163158351014,1.06336439045846
1977-01-01,5792.875,0,9081,34.396,37.228,69.617,96.2,1961,33.285,53.475,71.575,1.7282400322105,2.24483166916707,-1.35252286187008,1,1,0,0,28,0,-0.00775700000000001,-0.041251998,87.1,92.3,84.9,0.2,1,0.0404750963018505,0,6.68770164739834,1,0.850315203049433,1,0.802945439381952,0.743881908117751
1977-04-01,5906.568,0,9366,34.879,38.101,70.945,111.3,2039.3,33.855,53.705,71.779,3.81607826485054,3.48511905750571,-1.31519525414556,1,1,0,0,28,0,0.103556,0,90.2,101.1,84.3,-0.5,1,0.019678588036631,0,1.80705314090306,1,0.566942869603153,1,2.00795292836361,0.910510523475498
1977-07-01,6011.064,0,9622,35.308,38.892,71.705,123.1,2104.1,34.366,54.239,72.179,5.00576812243625,3.48457731179015,-1.8307455020857,1,1,0,0,13,-0.00249346149565839,-0.066748,-0.338687827,89,101.5,82.2,0.8,1,0.0414885602716044,0,1.92110168198143,1,-0.0289100896212915,1,0.865112825505827,0.509260017876171
1977-10-01,6011.695,0,9804,36.075,38.767,72.405,118.3,2162.4,34.858,53.542,72.364,-3.13213501724471,-5.60876295369246,-1.82653583982629,1,1,0,0,12,0,0.0503979999999999,0,84.4,98.3,76.6,1.4,1,0.0300419119490811,0,6.55432753645921,1,1.72064777327934,1,1.26943245101993,1.11986530863656
1978-01-01,6032.613,0,9962,36.612,38.976,72.739,115,2208.2,35.439,53.583,73.67,-1.59824237535788,-4.3521527522261,-1.65735419261237,1,1,0,0,10,0,0.064404,0.134883721,82.6,95,74.6,0.5,1,0.0512229850455677,0,4.5880210749325,1,0.412224591329078,1,0.526140626292627,0.250813707708558
1978-04-01,6267.163,0,10512,37.283,40.899,74.867,133.4,2315.3,36.169,54.629,72.866,7.68545981013584,5.46968269366479,-1.48644060976053,1,1,1,0,9,0,0.175763,0,81.8,98.2,71.3,1,1,0.042425556510695,0,3.05402168089668,1,0.396375990939973,1,1.20955014013427,1.98288092071325
1978-07-01,6328.452,0,10760,37.906,41.241,75.497,136.3,2369.4,36.806,54.626,72.682,-0.388694483177299,-1.36822797343984,-1.23979471191829,1,1,1,0,3,0,-0.036734,0,80,97,69.1,1.1,1,0.0315648197052261,0,3.44056368825423,1,1.31133671742806,1,0.516762330497608,0.105300986606567
1978-10-01,6413.33,0,11102,38.703,42.005,76.412,138.6,2440.8,37.501,54.972,72.935,0.306281905968444,0.922112634742237,-1.15664706466709,1,1,1,-0.7055,-8,0,0.00146100000000016,0,73.8,91.2,62.7,0.8,1,0.0383034887592755,0,3.73242470702135,1,1.16910229645096,1,0.708823210322268,1.01191888730197
1979-01-01,6426.077,0,11294,39.395,41.927,76.955,131.8,2507.7,38.204,54.482,73.439,-0.765156074825611,1.35334837207318,-0.714181045798465,1,1,1,-4.744,0,0.00455288972479944,-0.0913630000000001,-0.409836066,71.9,92.3,58.9,-0.8,1,0.03981209237872,0,3.92998589564497,1,0.123813454395389,1,0.592530752085288,0.648229259861198
1979-04-01,6433.86,0,11551,40.348,41.981,77.267,128.4,2554.6,39.245,54.332,73.129,-4.59854770736578,-1.44913154417285,-0.497154945772912,1,1,1,2.8843,-4,0,-0.037489,0,66.7,87.7,53.3,4.3,1,0.0189120819289339,0,5.32324784045466,1,3.10524869469634,1,-1.05868845346199,-0.70523389501342
1979-07-01,6480.063,0,11846,41.209,42.289,77.914,120.5,2612,40.216,54.276,72.866,-1.55522868468442,1.79907308812833,-0.676644994983371,1,1,1,0.0612,-7,0,0.091614,0,63.7,87,48.8,-2.3,0,0.0491819167485981,0,2.81450056746921,1,0,1,0.237268587726874,-0.198938685447891
1979-10-01,6496.843,0,12077,42.031,42.335,78.067,116.7,2675.2,41.187,54.229,72.897,-1.48267498874935,1.16289050670848,-0.818644962942786,1,1,1,0.0195,-43,0,0.165739,0,62.3,79.9,51,1.1,0,0.012617320678306,0,2.47732098313485,1,0.613006396588474,1,1.20368993176048,0.222424093524916
1980-01-01,6517.864,1,12333,42.906,42.434,77.881,100.2,2732.8,42.419,54.486,72.69,-0.353944917316258,0.835438338117637,-0.945688403811766,1,1,1,-1.7572,-45,0.0635847926127842,0.098473,0.062378454,63.9,83,51.6,-0.9,0,0.0442744231450325,0,3.72861356513159,1,0.807947019867555,1,1.04786975026886,0.124027721171412
1980-04-01,6385.668,1,12313,43.847,41.241,76.522,93,2740.7,43.455,53.894,72.782,-8.45803526575679,-9.03474379407987,-0.908353647489213,1,1,1,-0.1037,-79,0,-0.169429,0.300443337,54.4,65.1,47.5,-1.8,0,-0.0223972541568477,0,-0.868484280181414,1,-0.643805019051371,1,0.141914565450713,0.153552932318411
1980-07-01,6375.988,1,12540,44.856,41.19,76.171,96.6,2824.4,44.469,54.075,72.839,0.312897932843556,-1.81512579697716,-0.968817655539141,1,1,1,-0.394,46,0,0.059355,0,67.8,79.4,60.4,-0.2,0,-0.00166263596806737,0,-0.139797336598746,1,-0.396720444326917,1,0.606686063354792,0.470788349383174
1980-10-01,6494.126,0,13090,46.096,42.164,77.112,113.9,2976.4,45.567,54.679,73.107,6.09972850590865,3.29579869673341,-0.915133769011564,1,1,1,-6.5908,-16,0,0.129479,0,72,76.9,68.9,-1.1,0,-0.00423970874572066,0,4.56909568900097,1,-0.132766861391389,1,-0.140375828255895,0.271598423939353
1981-01-01,6628.634,0,13667,47.246,43.114,77.537,123.1,3074.5,46.749,55.605,72.971,4.19442860754727,1.96663496255693,-0.482684913533746,1,1,1,2.1447,-16,0.0255550513240928,-0.116813,0.697742982,68.3,74.8,64,-0.7,0,0.0159776280256936,0,10.3721474427192,1,1.18319595852168,1,-0.35387187348845,0.424958269310333
1981-04-01,6580.199,0,13790,48.133,42.59,77.564,130.7,3132.5,47.529,54.909,72.928,-3.20083091389628,-3.69351514294745,-0.238115879864399,1,0,1,2.2094,-21,0,-0.0486199999999999,0,73.9,78.2,71.2,0.2,0,0.0216389250760085,0,3.76559517468913,1,-0.249638680856663,1,0.276446438258114,0.0256976977986962
1981-07-01,6655.692,1,14161,48.999,42.935,77.538,144.2,3233.3,48.308,55.373,73.042,4.11516656759401,6.05580919068457,-0.722156729290575,1,0,1,1.3795,-5,0,-0.116511,-0.279988675,74.8,83.9,69,1.3,0,0.0245669101265233,1,-2.79435733625448,1,0.263435194942048,1,-0.180852330653539,-0.0953727228155437
1981-10-01,6578.035,1,14220,49.917,42.264,77.239,135.9,3256.7,49.043,54.719,72.884,-7.78236735882251,-3.66902365453757,-1.03060132503012,1,0,1,-1.2905,12,0,-0.00373400000000013,0,65.7,77.1,58.5,0,0,0.0285138511981671,1,-2.03631816946961,1,-0.0788229111928587,1,0.172412737854406,0.268895801307512
1982-01-01,6468.003,1,14148,50.615,41.284,75.995,124.5,3275.5,49.66,54.324,73.833,-4.99755824223124,0.0736244156754911,-0.926473631026861,1,0,1,1.4702,-8,0,0.00440300000000016,-1.355591816,66.6,79.4,58.3,0.4,0,0.028747467853236,1,-3.86124764509318,1,0.381277938469623,1,0.721773818750828,0.628442310228268
1982-04-01,6503.252,1,14365,51.225,41.53,76.29,134.2,3328.2,50.134,54.437,73.698,-0.630058872360939,3.5137612792164,-0.805535796140834,1,0,1,1.3519,3,0,0.097718,0,66.2,74.2,61.1,1.3,0,0.0287585452426029,1,-3.84894795100326,1,-0.615586116568437,1,1.11252663247227,0.562418010928939
1982-07-01,6479.838,1,14482,51.962,41.315,75.749,133.9,3363,50.924,54.542,73.602,-2.35533986478732,-0.7168729737222,-1.50526501555347,1,0,1,-0.2103,12,0,0.073499,0,66.7,74.3,61.8,0,0,0.00229881076919414,1,-3.47618453988452,1,-0.988402741170262,1,1.28669553745804,0.643742960355664
1982-10-01,6486.159,1,14621,52.54,41.314,75.065,130.5,3386.3,51.49,55.038,73.836,0.688334130583402,-1.146280331619,-1.97489499935787,1,0,1,-0.0774,59,0,-0.040667,0,72.5,76.7,69.8,0.5,0,0.0164086599521589,1,-3.66583151826994,1,0.239584719818993,1,1.4760969117373,1.24075466541086
1983-01-01,6571.112,0,14902,52.964,42.11,75.504,147.5,3451.7,51.936,55.772,74.18,2.56231083961315,-2.53096249554696,-1.96838595411005,1,0,1,1.1387,53,0,0.096846,-0.913417482,75,79.6,72,1.5,0,0.0173856660662186,1,6.31065997028391,1,0.90293453724604,0,1.44064992106527,0.825884508129358
1983-04-01,6721.061,0,15314,53.323,43.561,76.347,161.1,3534.2,52.415,57.056,74.074,6.08422786739011,-0.450072693775112,-2.09242846144773,1,0,1,-1.2133,50,0,-0.0159320000000001,0,91.5,94.2,89.8,0.8,0,0.00539679066910437,1,9.52056191164359,1,1.05277010132913,0,0.677445467890355,-0.361933689038602
1983-07-01,6852.66,0,15738,53.881,44.738,77.849,168,3620,53.105,57.468,73.777,1.49106637067823,-4.87894585389803,-2.98627534795689,1,0,1,0.5615,33,0,-0.0294239999999999,0,91.2,96,88.1,1.2,0,0.00565807360382342,1,4.29119628292476,1,-0.208360463602048,0,1.19701156274734,1.34127622064323
1983-10-01,6993.986,0,16143,54.277,45.796,79.306,179.7,3730,53.458,57.746,73.874,4.64881446234713,0.295602825520088,-2.78725831267791,1,0,1,-0.6394,33,0,0.0162789999999999,0,91.6,96.6,88.3,1.2,0,0.0217484972099207,1,4.92690565718157,1,1.38327025968943,0,0.585150895067128,0.573775051668522
1984-01-01,7132.946,0,16607,54.855,46.752,80.827,198.1,3874.3,54.033,57.842,73.78,5.07929168663735,3.8292460528257,-2.88121640576996,1,0,1,-0.2518,37,0,-0.106058,-0.6299874,99.5,105,96,1,0,0.0283809429840567,1,7.2124093964306,1,1.32578195391942,0,1.00010558578133,0.401590622999822
1984-04-01,7258.23,0,17007,55.316,47.665,81.9,198.9,3970,54.557,58.199,73.83,3.33883034057653,5.15357286433581,-3.39228798585285,1,0,1,-0.331,24,0,0.118033,0,96.6,105.9,90.6,-0.6,0,0.00910219651176125,1,7.10606889291603,1,-1.57520325203251,0,1.04086813436369,0.965357922982142
1984-07-01,7329.642,0,17271,55.765,48.088,82.276,204.7,4046.3,54.98,58.448,74.302,0.38189662451014,4.12685401858155,-3.59561048808562,1,0,1,0.6554,21,0,0.0341629999999999,0.201095973,98.9,106.4,94,0.5,0,0.0211625086586507,1,1.71292710400701,1,2.7232834279814,0,1.16366289497131,0.832424220142178
1984-10-01,7388.101,0,17483,56.139,48.436,82.819,213.5,4117.6,55.322,58.484,74.236,-0.332421588455952,3.88065703554776,-3.9037817079428,1,0,1,0.5804,25,0,0.0377149999999999,0,95,102.2,90.3,1.5,0,-0.00292039012482037,1,6.95788514783953,0,0.841814298278678,0,0.829370466211369,0.811914748574592
1985-01-01,7461.538,0,17827,56.785,48.913,83.496,213.7,4201.8,55.984,58.581,74.545,1.66522004335312,5.07069106666713,-2.98708386228788,1,0,1,-0.6982,33,0,0.012605,0.213618158,94.5,104.6,88,1.2,0,0.0173311207791182,1,5.62033311966188,0,-0.54821829055571,0,0.429956939699472,0.332045355506533
1985-04-01,7529.86,0,18063,57.136,49.396,84.037,214.6,4258.6,56.456,58.779,74.597,-0.919124234981833,0.949482232508693,-4.19291849594692,1,0,1,0.9551,39,0,-0.00252399999999997,0,94.3,105.1,87.4,1.6,0,0.032298652676306,1,1.12807545935951,0,1.00225507391633,0,0.625974440479076,1.14243187288671
1985-07-01,7647.016,0,18404,57.468,50.164,84.265,230.8,4335.8,56.905,59.531,75.227,4.20883102902438,4.82911454152664,-3.74462702191963,1,0,1,0.5439,26,0,-0.021609,0,92.8,103.5,85.9,0,0,0.0206039132487696,1,6.34122486266049,0,1.30240635078145,0,0.642122994907212,0.61392284799514
1985-10-01,7704.382,0,18602,57.8,50.621,84.663,208.8,4385.6,57.296,59.791,75.932,-0.0288341220177913,-0.0434534775150367,-3.87889121810385,1,0,1,-0.5108,19,0,-0.0882019999999999,0,91,101.3,84.4,0.7,0,0.0199319726267886,1,6.95836411342021,0,0.59997551120361,0,0.572196367307651,0.756708012858745
1986-01-01,7775.761,0,18829,58.082,51.144,84.543,192.3,4451.9,57.706,60.495,76.657,2.7191870380058,2.69845065690843,-3.84779781517955,1,0,1,-0.1166,45,0,0.042468,0.095767968,95.5,109.3,86.7,1.7,0,0.00712232396255619,1,-1.3707960160269,0,-0.572054527750737,0,0.248924755929644,-0.270417637509275
1986-04-01,7811.462,0,18951,58.315,51.417,84.344,181.8,4481.5,57.636,60.961,77.904,0.13031498221531,0.343012887954777,-4.19530744991013,1,0,1,-0.4804,44,0,-0.09179,0,96.8,109.2,88.8,1.2,0,0.0476063349761078,1,3.54763364865296,0,1.15069163912351,0,1.55072159723324,1.65840087002948
1986-07-01,7890.093,0,19172,58.55,51.927,84.77,168.9,4529.5,57.929,61.256,78.417,0.806313821725763,1.07898999706395,-4.30637439890427,1,0,1,-0.4409,42,0,-0.00862600000000002,0,94.9,109.8,85.3,0.6,0,0.0203512606741056,1,1.06528349932939,0,0.738230666828031,0,1.11371447890934,1.04020562037261
1986-10-01,7930.97,0,19332,58.875,52.193,85.413,158,4590.7,58.274,61.107,78.94,-1.14363176767318,-1.26999728564367,-3.43001055238941,1,0,1,0.6953,21,-0.0199051568393803,-0.0203659999999999,0.499329095,92,107.1,82.4,1.8,0,0.00519487610273361,1,-2.21774242448238,0,0.997116770783265,0,1.7372538673537,1.63943315539114
1987-01-01,7986.448,0,19570,59.303,52.56,86.436,165.9,4670.6,58.82,60.808,78.43,-1.30749174070229,-2.20334555165458,-3.37167070057378,1,0,1,1.0986,19,0,-0.068819,-0.156053578,90.5,103.8,81.9,0.7,0,0.00761429429650828,1,8.99403142081263,0,-2.50981325086238,0,0.777930556545517,0.50869737896997
1987-04-01,8076.102,0,19881,59.7,53.241,86.93,181.6,4776.5,59.379,61.246,78.176,4.6318846290272,3.02452419540883,-2.2648508737034,1,1,1,0.1669,25,0,-0.06427,0,91.8,107,82.1,1.3,0,0.0471878197616475,1,5.06225064383719,0,2.24499755978526,0,0.801977722591317,0.776992137369589
1987-07-01,8149.352,0,20157,60.134,53.625,87.537,200.7,4883.2,59.936,61.26,78.259,1.55116531905182,-0.33420427256931,-2.51748777201574,1,1,0,-1.4801,32,0,0.0388189999999999,-0.419480683,93.9,108.7,84.4,2.4,0,0.0259593585237772,1,6.71123113701941,0,0.692124105011942,0,1.014045600685,1.15667624856845
1987-10-01,8283.848,0,20608,60.632,54.645,88.44,201.9,4988.3,60.462,61.788,78.546,1.50936868094111,0.050219789626764,-2.9791636556681,1,1,0,1.2006,13,0,-0.10504,0,86.4,101.7,76.6,1.1,0,0.0578196732118332,1,5.4680312627329,0,1.59990519080351,0,1.12321192609301,0.926820487895428
1988-01-01,8330.445,0,20845,61.108,54.882,88.518,212.5,5088.3,60.933,62.001,79.37,1.86833499725871,1.41934187615243,-2.91937557194896,1,1,0,0.7805,12,-0.0495586920323371,0.03125,0.385710535,92.3,107.3,82.6,1.8,0,0.0524603804051038,1,6.26758426835174,0,-0.909833197247167,0,1.26153905613982,0.963200312416901
1988-04-01,8440.506,0,21281,61.699,55.819,89.784,214.7,5197.3,61.606,62.17,79.456,0.197420916909514,0.889659204053183,-2.84786867390482,1,1,0,-0.1521,17,0,-0.054272,0,93.5,106.6,85.1,0.6,0,0.0329691129957008,1,4.78319401868554,0,1.81283107710416,0,0.408217224604666,0.618901143514806
1988-07-01,8489.204,0,21599,62.426,56.138,90.03,211.9,5305.3,62.365,62.355,79.556,1.01641828602084,2.47784820259959,-2.6053169783942,1,1,0,-0.3835,10,0,0.0264810000000001,0,96,110.3,86.9,1.4,0,0.0511906827684656,1,1.11857752190925,0,1.13307896866689,0,0.937998615490094,0.836006050078561
1988-10-01,8601.634,0,22006,62.926,56.982,91.029,226,5421.6,62.989,62.598,79.394,0.738034250972287,2.21982139315633,-2.87084134336391,1,1,0,-0.3971,25,-0.0114333333130074,-0.021132,0,93,103.5,86.3,0.8,0,0.0423083593306086,1,3.42176052999728,0,1.17754658740139,0,0.890030701192215,1.01909075188729
1989-01-01,8688.396,0,22427,63.617,57.457,91.923,201.5,5517.2,63.695,62.506,78.917,-0.910378819428751,-0.125489819383349,-2.54437670688245,1,1,0,1.7367,16,0,0.03228,0,95.9,106.9,88.8,0.3,0,0.0578183593645101,1,4.29965638975915,0,1.05084745762713,0,0.979482033555878,1.28557289257686
1989-04-01,8756.711,0,22786,64.275,57.904,92.291,206.8,5563.3,64.542,62.741,78.017,-3.09338996327573,-3.30476190464911,-2.8411350521077,1,1,0,-1.2133,26,0,-0.05642,0,90.9,105.2,81.7,0.7,0,0.0366072627980154,1,1.8274080591115,0,0.402549480040264,0,0.89833282937545,0.609408786618709
1989-07-01,8822.076,0,23058,64.741,58.337,92.498,209.5,5625,64.909,63.068,78.127,-0.0392344242003072,-0.988659510422623,-2.94952185812424,1,1,0,0.2529,7,0,-0.0360619999999999,0,92.5,104.4,84.8,0.3,0,0.0287517450870829,1,0.802845895644366,0,0.913242009132404,0,0.318629453839459,0.133318698235373
1989-10-01,8840.727,0,23205,65.192,58.377,92.511,186.3,5668.5,65.416,63.103,78.543,-1.28106724847924,-2.30848219772932,-2.8300994709943,1,1,0,-0.407,3,-0.0917415418893588,-0.132097,0,91.8,101.2,85.7,0.4,0,0.0405399719164781,1,0.557150088364056,0,1.1588124931023,0,0.141264502161505,1.07100259346661
1990-01-01,8937.52,0,23664,65.911,59.018,92.736,200.8,5790.9,66.349,63.641,78.902,2.96433890460911,2.56910738448042,-3.33514147640119,1,1,0,-0.0622,7,0,0.00193500000000002,0.180183332,91.3,105.7,82,1.2,0,0.0388176352560001,1,2.92526984137715,0,2.07287802749292,0,0.0471136997572848,0.403564516004174
1990-04-01,8972.072,0,23926,66.592,59.223,92.227,213.4,5883.9,66.945,64.214,79.811,2.21079456517487,2.78354820977447,-3.26990456881701,1,1,0,0.6402,7.1,0,-0.0880770000000001,0,90.9,108,80,0.8,0,0.00429612529987278,1,-1.65912648661245,0,0.491663103890545,0,0.575101924305834,0.159128139366918
1990-07-01,8974.327,1,24061,67.186,59.093,91.64,186.3,5930.9,67.786,64.484,79.627,-1.25356161699511,0.107179562663632,-2.83248091589339,1,1,0,-3.4713,10.2,0,0.039254,0,79.1,99.1,66.3,-1,0,0.0174355138395825,1,-2.54233853902812,0,2.10593490746651,0,0.206588035368113,0.11287558573608
1990-10-01,8897.835,1,23951,67.694,58.316,91.173,182.1,5947.2,68.675,63.962,79.056,-4.04492664587865,-2.53718005007181,-2.50505772979365,1,1,0,-2.2175,-1.7,0.0191603738555054,0.022996,0,65.2,85,52.4,-0.5,0,0.00222661205655372,1,-3.33275739113622,0,1.76041666666666,0,0.627978784073563,0.712319312469084
1991-01-01,8856.143,1,24003,68.369,57.883,90.218,228.2,5998.7,69.016,64.159,79.232,-1.8027709680688,-0.917506244869211,-1.57321396162343,1,1,0,-0.9619,-14.8,0,-0.00827,0.597826087,74.8,87,67,-0.7,0,-0.00729800566139849,1,-5.90020056681154,0,2.26225816357868,0,0.868152317419062,1.03990469634183
1991-04-01,8924.858,0,24277,68.837,58.469,89.666,240,6055.6,69.383,65.208,80.355,3.37133858940223,3.1674996122769,-2.42481341368079,1,1,0,-2.7375,1.8,0,0.020486,0,80.8,91.3,74,-0.4,0,0.0349522281914429,1,1.06758932081872,0,-0.436887471956553,0,0.323829676493505,-0.501704183091723
1991-07-01,8967.695,0,24485,69.342,58.815,89.561,241.9,6116.2,69.853,65.67,80.802,1.20416153366391,-0.0348654295697566,-2.61878848564871,1,1,0,0.8695,0,0,-0.047816,0,82.6,93.9,75.4,-0.4,0,0.0116637274970894,1,1.44026268826085,0,-0.592979127134726,0,0.483143625058824,0.132947762191482
1991-10-01,9006.835,0,24641,69.717,59.061,89.454,235,6172.2,70.354,66.024,81.22,0.101676573951623,-1.62807780183797,-2.68079679745089,1,1,0,0.3567,10.5,-0.0185789634330617,0.0559069999999999,0,71.9,83.1,64.6,0.2,0,0.0267752184208734,1,1.48356294789429,0,1.47936053447866,0,0.259026139782694,-0.149614601255644
1992-01-01,9113.23,0,24965,70.017,59.862,88.988,249.8,6307.1,70.787,67.27,82.791,9.40070850205252,7.95722706643077,-3.30709214665828,1,1,0,0.5941,9.3,0,0.00787000000000004,0,70.7,81.7,63.7,0.3,0,0.0246616320964299,1,-0.582765783323536,0,1.59887138490478,0,0.161778890105249,-0.276904345141549
1992-04-01,9213.695,0,25317,70.463,60.597,89.376,252.5,6399.1,71.257,67.8,82.965,1.81032958978989,1.26600863083006,-3.43963713636239,1,1,0,0.3325,18.2,0,-0.00875400000000004,0,78.9,91.6,70.8,0.1,0,-0.00291190106845485,1,1.14459243592917,0,-0.786854894700312,0,0.360462084914192,0.436040031420106
1992-07-01,9303.254,0,25590,70.798,61.249,89.552,247.9,6450,71.711,68.395,83.395,0.509899884638738,0.970201516387074,-3.67777501253947,1,1,0,0.3605,21.1,0,0.00647300000000006,0,76.1,88.4,68.2,0.8,0,-0.00195930791926224,1,1.50735270190263,0,-0.396547702355946,0,0.390757316069823,0.587092160678356
1992-10-01,9396.464,0,25932,71.277,62.031,90.164,263.8,6557.4,72.216,68.798,83.314,0.750801561763494,1.82371426591856,-3.56851232805731,1,1,0,0.5789,16.4,0,0.068736,0,83.3,90.8,78.5,0.9,0,-0.00872722056915487,1,1.54381270863109,0,-0.0117096018735481,0,0.826937913050186,0.395211490143579
1993-01-01,9413.955,0,26051,71.682,62.079,90.945,240.3,6567.7,72.645,68.26,82.128,-5.1375586459823,-4.16991565756759,-3.65069897306378,1,1,0,0.9136,14.8,0,0.0496019999999999,0,87.3,98.7,79.9,0.8,0,-0.0272648924826644,1,2.99509034350296,0,-0.936877854549707,0,0.955830979843974,0.778764739787599
1993-04-01,9469.926,0,26285,72.118,62.451,92.001,266.3,6689,73.135,67.881,82.193,0.253799316969269,0.434655494790772,-3.00897590086084,1,1,0,0.1259,26.3,0,0.104354,0,82.5,99.1,71.8,0.6,0,0.00463122435580998,1,2.62611233014036,0,0.0354651850100538,0,0.567111875955081,0.211040638540208
1993-07-01,9516.093,0,26482,72.553,62.93,92.471,281.4,6740.8,73.454,68.054,81.942,-2.00936165768622,-2.87373594795001,-3.06002171971891,1,1,0,0.5871,25.9,0,0.00914399999999993,0.341593504,77.4,95.5,65.8,0.9,0,0.00909780700609431,1,2.54029961054805,0,0.697234696289286,0,0.996574738606623,1.01902617355011
1993-10-01,9643.12,0,26889,72.931,63.841,93.258,308.1,6908.2,73.876,68.456,82.127,5.01008586459027,3.35770835934148,-2.70386587223342,1,1,0,0.0927,17.2,0,0.0593350000000001,0.077938884,84.1,99.9,73.9,0.8,0,0.0115259354997865,1,3.6881327262114,1,-0.176035676563771,0,0.772823549233197,1.04232233311636
1994-01-01,9737.638,0,27212,73.285,64.46,93.639,332,6979.1,74.138,68.839,81.559,-1.65245448879612,-3.40615869776699,-2.54874226554766,1,1,0,-0.2956,29.3,0,0.049002,0.193893793,93,105.4,85,1.4,0,0.017507115664531,1,6.1553530128976,1,1.35198683282387,0,0.254368367803033,0.576933769192755
1994-04-01,9870.711,0,27640,73.65,65.544,95.216,343.6,7124.4,74.551,68.837,81.777,1.04752685571228,0.0260673080651266,-2.26335026026544,1,1,0,0.1222,29.1,0,0.030756,0,92.2,106.3,83.1,1.3,0,0.0454717936272908,1,6.12653272333017,1,0.359587054866026,0,0.412679597371183,0.604409954796549
1994-07-01,9928.868,0,27863,74.049,65.941,96.376,358.1,7230.4,75.082,68.42,81.065,-1.77061737379938,-1.5244259533559,-2.53128175931645,1,1,0,0.2671,21.4,0,-0.031555,0,90.7,106,80.9,1.3,0,0.0246627164652615,1,5.75268460612333,1,0.751271382339354,0,0.755842128907237,0.609518094496082
1994-10-01,10041.591,0,28248,74.457,66.987,96.931,369.6,7353.9,75.436,69.108,81.172,3.87998438529954,5.48810518558905,-2.6754317264225,1,1,0,0.02,25,0,0.0477069999999999,0,93.1,103.9,86.3,0.7,0,0.0324486730552402,1,3.63840641605122,1,1.15865550074568,0,0.516468501802636,0.446951580895949
1995-01-01,10075.907,0,28431,74.884,67.298,97.607,358.4,7430.9,75.797,68.948,80.968,-2.28257246133201,0.289083683787672,-2.52024226871697,1,1,0,-0.1523,16.1,0,0.0447420000000001,0,94.3,109.2,84.7,0.5,0,0.0204783030885429,1,3.75161424884243,1,-0.374234520299396,0,0.590289839584813,0.328974528066067
1995-04-01,10111.126,0,28575,75.213,67.542,97.604,377.7,7506.8,76.224,69.2,80.873,-0.549808357170004,2.30899958751106,-2.05521544661645,0,0,0,-0.1824,18.5,0,0.0617869999999998,0,91.7,105.7,82.7,0.5,0,0.0212919095437618,1,-0.00980191225661287,1,0.967558338076273,0,1.1306130269763,0.670425018075592
1995-07-01,10197.669,0,28863,75.571,68.313,98.699,414.5,7634.9,76.53,69.213,80.959,1.47154557207224,3.83258608204298,-2.12925543374542,0,0,0,-0.1253,7,0,0.018513,0,93.1,107.2,84.1,1.2,0,0.00510450516853767,0,0.07888899833699,1,0.214205186020294,0,0.76144058217609,0.656492758998979
1995-10-01,10270.057,0,29122,75.944,68.913,98.776,418.4,7721.4,76.867,69.767,81.424,1.09663114061826,2.4273925396185,-1.76089840355801,0,0,0,-0.1606,5.5,0,0.0679460000000001,0,89.8,102.9,81.4,0.5,0,0.00528290726639269,0,1.77761469193645,1,-0.0899988750140608,0,0.88965700170336,0.322046521505597
1996-01-01,10337.435,0,29398,76.355,69.392,98.614,446.7,7847.7,77.298,70.367,82.001,3.05712256535879,3.17356221895044,-1.77971779491412,0,0,0,0.0391,5.4,0,-0.00878200000000007,0,90.5,105.5,80.9,1.1,0,0.0196999338809041,0,0.516815745986676,1,-0.968359418984349,0,0.775468417970103,0.809677207147791
1996-04-01,10517.932,0,29940,76.645,70.782,99.403,450.1,7996,77.809,71.207,82.179,3.91502754028297,2.97265938463802,-1.43366715034135,0,0,0,-0.1271,-4,0,0.0137700000000001,0,91.5,106.1,82.1,0.4,0,0.00394146892437663,0,1.60642847040211,1,1.52359295054008,0,1.18547372847198,1.32964776436116
1996-07-01,10615.223,0,30204,76.861,71.647,100.193,454.1,8094.1,78.141,71.509,82.396,1.5718984657595,-0.065592663717732,-1.32358586380475,0,0,0,-0.0489,-6.1,0,0.05121,0,94.9,105.7,88,0.7,0,0.0176949696035331,0,4.8003971780791,1,0.593571508567578,0,0.92281658755761,0.688260843099705
1996-10-01,10727.36,0,30581,77.251,72.554,101.453,459.5,8236.7,78.67,71.515,82.112,1.00694670812147,-0.868999505760791,-1.0447625349368,0,0,0,-0.1,-3.8,0,-0.0167329999999999,0,97.5,106.3,91.8,0.9,0,0.00104733489811348,0,4.04095831304252,1,0.311734580271647,0,0.837101423254496,1.09425301864191
1997-01-01,10809.133,0,30923,77.731,73.129,102.532,493.7,8382.7,79.016,71.323,82.429,-1.05695727937267,-2.74512706966092,-0.90610655638091,0,0,0,0.424,-2,0,-0.0226230000000001,0,99,108,93.3,1.1,0,0.0217451924259282,0,3.95164604841445,1,-0.588235294117652,0,0.268256130714628,0.612912608839859
1997-04-01,10972.224,0,31385,77.941,74.435,103.147,501.8,8504.4,79.211,72.164,82.875,2.9653925338104,1.78862937753267,-0.809257210590411,0,0,0,-0.2359,0,0,-0.014343,0,103,114,96,1,0,0.0406047095091926,0,4.69633529416975,1,1.47370771463659,0,0.529218878679616,0.566548637922104
1997-07-01,11111.951,0,31792,78.22,75.495,103.775,528,8677.6,79.414,72.749,83.289,3.68526135415625,3.19713117933269,-0.559281905120346,0,0,0,0.0235,8.3,0,-0.0082580000000001,0,105.8,112.9,101.2,1,1,0.0293230816979442,0,5.44800074869527,1,0.363076246011659,0,0.866874074805409,0.624475728476329
1997-10-01,11198.207,0,32045,78.479,76.164,104.264,527.6,8820.1,79.661,73.049,84.358,1.1348356024914,1.33389064019063,-0.663884999601974,0,0,0,0.0125,10,0,-0.101327,0,105,112,100.4,1.1,1,0.0389984840870086,0,3.50021453969087,1,0.668713001534755,0,0.878596255924634,0.25980085049399
1998-01-01,11308.995,0,32332,78.607,77.084,104.847,451.3,8928.9,79.656,73.52,85.748,1.83846166919772,2.52752472329485,-0.136081409868693,0,0,0,0.3079,0,0,0.00961100000000004,0,107.8,115.7,102.8,0.8,1,0.0343328045274178,0,5.20710747642978,1,0.729609060219971,0,0.631713812255849,0.524614679185834
1998-04-01,11418.673,0,32625,78.772,77.957,105.323,453.7,9075.8,79.798,74.017,86.631,1.70521822912049,2.51526824504496,-0.067829152701088,0,0,0,1.3469,4,0,-0.0260009999999999,0,106.9,114.9,101.8,0.7,1,0.0369001718797615,0,1.0462003851984,1,-0.367567567567576,0,0.760238710286993,0.637292027356176
1998-07-01,11568.054,0,33072,79.067,79.156,105.49,464.9,9239.2,80.04,75.037,87.594,3.68787747953092,4.1684363911593,0.189793287537544,0,0,0,0.9022,9.8,0,0.022627,0,103.5,113,97.4,0.6,1,0.0258943592440155,0,4.4832257287486,1,0.347222222222229,0,1.07707481657901,1.13328449007681
1998-10-01,11757.945,0,33618,79.313,80.784,106.972,442,9353.4,80.244,75.519,87.544,-0.0485347836478355,-0.277010213637083,-0.13300610223771,0,0,0,-0.1132,5.8,0,-0.108079,0,100.2,114.2,91.2,0.9,1,0.0298014658743577,0,6.77100195877958,1,-0.0648788927335602,0,1.40953392875514,1.22396101787016
1999-01-01,11867.763,0,33981,79.63,81.69,106.993,471.6,9516.7,80.453,76.351,88.629,4.49493993565707,3.41426222785808,0.0515662503971089,0,0,0,0.5194,13.5,0.00166158293036484,0.0439499999999999,0,105.9,116,99.4,0.5,1,0.0226462506405272,0,6.41147764700569,1,0.746591646829685,1,1.01107633444774,1.29397931051444
1999-04-01,11967.734,0,34287,79.894,82.429,107.741,464.4,9607.8,80.883,76.506,88.196,-1.60445446377834,-3.34343931997381,0.246486660473491,0,0,0,-0.3402,14.5,0,0.00181900000000002,0,106.2,118.6,98.3,0.3,1,0.0351015267571788,0,4.75554250487262,1,0.150359789496292,1,1.25534469482737,0.98285875076291
1999-07-01,12120.094,0,34741,80.187,83.696,108.451,441,9731.8,81.309,77.174,88.252,1.13389949778212,-0.762369914019595,0.131546077509309,0,0,0,0.7744,7.5,0,-0.123365,0,105.9,115.5,99.7,1.7,1,0.0423233724700165,0,5.78653758797667,1,1.1367292225201,1,0.395056551677836,0.585502066433365
1999-10-01,12329.827,0,35397,80.555,85.374,108.819,420.8,9936.2,81.792,78.455,89.438,4.48977797435275,3.0729492113539,-0.0673644371278171,0,0,0,-1.1106,7.8,0,-0.319308,0,105.2,113.9,99.7,1.3,1,0.0499512908551578,0,6.76737678412531,1,1.08153960343546,1,0.493087959354943,0.636047178411368
2000-01-01,12365.164,0,35677,81.165,85.407,109.248,397.4,10216.6,82.475,78.177,91.907,1.66392533705349,1.24792219896354,1.01781123626118,0,0,0,0.0493,3.8,0,-0.109823,0.017654267,110.1,116.5,106,1,1,0.0454882752554286,0,5.56937923156944,1,1.0804573586489,1,0.202074921586602,0.460761777989267
2000-04-01,12598.723,0,36467,81.625,87.285,109.359,380.7,10331.4,82.85,79.815,91.498,3.72337289107736,4.49549181561809,0.303760363672784,0,0,0,0.4502,-3.7,0,0.0805889999999999,0,108.8,117.6,103.1,1.4,1,0.0283496018951699,0,4.61317464796398,1,1.1104192611042,1,0.216202499797921,-0.0216162902763588
2000-07-01,12614.806,0,36651,82.156,87.291,109.347,376,10475.7,83.364,79.829,92.485,-1.36004069315608,0.374039825960295,0.567812709033991,0,0,0,0.0907,1.9,0,0.221557,0,107.5,112.9,104,0.3,1,0.0187903943668843,0,5.08195284480324,1,-0.102637791234741,1,-0.0604620485199486,0.298298146262183
2000-10-01,12681.965,0,36948,82.6,87.747,108.89,325.6,10513.3,83.824,80.583,92.363,1.0724899086503,3.23286269398989,0.632348481999477,0,0,0,-0.6627,1.8,0,0.221953,0,103.9,113.7,97.7,0.2,1,0.0382559333193619,0,1.06616023369064,1,-0.0616459467789952,1,0.140553297734492,0.0570561450298852
2001-01-01,12645.65,1,36994,83.131,87.339,108.702,358.4,10701.8,84.383,80.347,93.715,-1.38892524686731,0.592372549923218,0.815417431320508,0,0,0,-0.0827,-5.6,0,0.078611,0,92.3,105.6,83.7,1.3,1,0.0210552937365143,0,1.72118118727618,1,1.47013467667318,1,0.637333215364877,0.46590007232339
2001-04-01,12712.787,1,37360,83.708,87.895,107.605,385.7,10757.8,84.785,81.683,93.299,1.62806399687931,3.01254678243936,0.559267859711798,0,0.5,0,0.2618,0,0,-0.0402509999999998,0,91,100.6,84.8,0.7,1,0.0101620421232653,0,0.578310536074911,1,0.131712259371824,1,0.71948082383788,0.680348976661845
2001-07-01,12674.114,1,37272,83.985,87.434,106.438,400,10754.6,84.851,82.146,93.145,-1.68502546426209,-0.980984555184616,-1.10508504965627,0,0.5,0,0.5952,0,0.00942608726763115,0.143356,0,88.5,98.1,82.4,0.5,1,0.00722954041887203,0,-0.60060907775501,1,-0.313669938277854,1,0.542412237057225,0.459888459780565
2001-10-01,12705.159,1,37381,84.239,87.473,105.227,377.3,10733,84.908,83.128,94.067,0.942896866067306,1.18335964090428,0.0755996146326993,0,0.5,0,-0.1295,-7.1,0,-0.0318229999999999,0,85.1,96.1,78.1,0.4,1,-0.0182075708644989,0,3.46887065626005,1,0.192854242793345,1,0.291083477042738,0.353312691715283
2002-01-01,12824.603,0,37769,84.504,88.669,104.283,511.9,10906.6,85.064,85.027,94.23,6.66890491547626,6.77782951350901,-1.72085397924492,0,0.5,0,0.3484,-5.7,0.028564326670856,0.167692,-0.797421927,93.1,97.4,90.4,0.4,1,0.0263303610274499,0,4.95532788279971,1,-0.354574004660108,1,0.201772617430143,0.207547397258805
2002-04-01,12894.676,0,38035,84.826,88.97,104.564,548.3,11014.4,85.721,85.087,94.319,-0.182200467351296,0.0165296414162341,-1.98761389120603,0,0.5,0,-1.4882,0,0,0.191629,0,94.1,100.7,89.9,0.8,1,0.0203436581254246,0,2.37187549306153,1,0.294835298902001,1,0.610838228945104,0.249547785341919
2002-07-01,12956.671,0,38292,85.206,89.368,104.235,558.9,11077.9,86.155,85.737,94.276,0.950723477141743,1.21539804836761,-1.99936385459979,0,0.5,0,0.2769,5.6,0.00877208110200418,0.0231110000000001,0,87.3,97.8,80.5,0.8,1,0.0101465454285166,0,3.62144780717402,1,0.385200202736939,1,1.06359345696602,0.782063154890069
2002-10-01,12962.92,0,38427,85.673,89.298,104.345,605.2,11202.2,86.548,85.58,93.937,0.0059261957926672,0.101952169920538,-2.01341959786271,0,0.5,0,-0.3185,5.6,0,-0.10796,0,83.8,93.8,77.4,0.9,1,-0.0036817850329447,0,3.02417812351539,1,-0.191861052206406,1,1.07788579952373,0.902651201832575
2003-01-01,13028.597,0,38779,86.201,90.149,103.797,606.4,11289.1,87.16,86.851,93.586,3.85093286894771,3.51410324860178,-1.92225621135675,0,0.5,0,-1.0918,5.3,0.0114981259739444,-0.121366,0,80,94.2,70.8,0.6,1,0.00998231102888525,0,1.7434108709983,1,-0.779036827195483,1,0.795830288978962,0.838024933723993
2003-04-01,13151.812,0,39177,86.462,91.501,103.501,641.8,11430.7,87.237,88.406,95.403,6.10271300648677,5.25567688871562,-2.53749938311636,0,0,0,-0.5654,3.7,0,-0.0269459999999999,0,89.3,94.8,85.7,1.2,1,-0.000527166128865386,0,-0.507889600131384,1,-0.091771183848266,1,0.660529746972327,0.608769098335033
2003-07-01,13374.049,0,39964,86.947,93.843,103.642,664.8,11604,87.77,90.546,96.099,5.61375117401047,4.48073390059987,-3.47797279512607,0,0,0,-0.2883,14.5,0.00372336805657839,-0.0194430000000001,-1.140166515,89.3,100.1,82.3,1.2,1,0.02726643378878,0,1.26088092755485,1,0.479689732598487,1,0.587431078981117,0.395847986074228
2003-10-01,13525.715,0,40520,87.378,95.23,104.18,670.9,11773.4,88.124,91.409,97.029,2.12983987920652,1.16722538183556,-2.92756157348633,0,0,0,0.9734,14.3,0.00694798330874668,0.030742,0,92,99.8,87,1.2,1,0.0255092045189891,0,3.63284353886419,1,0.396140172676482,1,0.596431324565501,0.484716006192531
2004-01-01,13606.565,0,41033,88.13,95.506,104.624,747.9,11966.6,88.797,91.285,96.066,1.2463446938535,0.913206456000487,-3.19872101335351,0,0,0,0.1371,11.3,0,-0.0747879999999999,0,98.1,106.7,92.5,0.7,1,0.0207390687604421,0,2.77345649543814,1,0.0101173613921333,1,0.730785057108666,0.581738338880567
2004-04-01,13710.681,0,41600,88.861,96.449,104.685,771.4,12195.8,89.421,92.133,97.208,2.3920536828933,2.88290616102495,-3.00971461500059,0,0,0,0.0043,17,0.00215704623669773,0.0866929999999999,0,93.4,105.1,85.8,0.2,1,0.0316019404038026,0,4.83222756410531,1,0.323722812341941,1,0.792557720686677,0.88773913295109
2004-07-01,13831.044,0,42130,89.432,97.307,105.37,790,12410.7,89.942,92.348,98.207,2.56008400045289,3.65417056929007,-2.8612808110835,0,0,0,-0.5091,9.1,0,0.051469,0,95.6,105.6,89.1,0,1,0.0150522050780757,0,4.37127746242627,1,-0.151255419985887,1,0.854174503360602,0.856269072787068
2004-10-01,13947.662,0,42686,90.078,98.11,105.937,779.6,12560.9,90.652,92.611,97.584,-0.298197313249117,0.827030479809986,-2.90035317661914,0,0,0,,13,0,-0.048106,0,93.9,105.1,86.6,0.6,1,0.0344314449800225,0,2.75374592313353,1,0.0100989699050729,1,0.714715013350578,0.868038874068368
2005-01-01,14100.244,0,43451,90.893,99.424,106.115,788.6,12800.8,91.123,93.695,97.875,2.14618373848227,2.63930507419558,-2.42603569271853,0,0,0,,11.5,0.00824820625796609,0.039677,0.560309363,94.1,109.3,84.3,0.6,1,0.00497254952023907,0,1.36547928439306,1,-0.121175401393529,1,0.981532748306165,0.830366812018304
2005-04-01,14177.163,0,43898,91.525,99.989,106.799,817.3,12986.1,91.727,93.624,97.729,0.247072610503286,-0.321002993902448,-2.40433259667025,0,0,0,,15.7,0,0.00587699999999991,0,90.2,107.5,79.1,1.2,1,0.0131330457166678,0,2.93914368023409,1,0.647052876352248,1,0.733120619637836,1.21957254666571
2005-07-01,14292.871,0,44566,92.4,100.907,107.025,818.7,13223,92.732,94.284,97.465,2.67197098340977,1.06317940496701,-2.44352476807395,0,0,0,,21.2,0,-0.0432759999999999,0,87.4,106.5,75.1,0.8,1,0.0216691526534443,0,4.14675431909903,1,0.773480662983417,1,0.38589531752513,0.66328171933418
2005-10-01,14371.95,0,45049,93.121,101.545,107.711,880.5,13506.9,93.458,94.275,97.177,1.27911481650992,-0.916307671441101,-2.2594727133307,0,0,0,,3.8,0,0.0323499999999999,0,82.4,100.1,71,1.1,1,0.0293586122719347,0,4.01575585330922,1,0.318979266347696,1,0.937512461491126,1.04134882035419
2006-01-01,14546.356,0,45845,93.837,103.056,108.677,920.4,13871,93.89,94.828,98.708,4.13585407385782,1.99788905020099,-2.00189722834371,0,0,0,,11.5,0,0.046057,0,88.9,108.3,76.5,0.5,1,0.0280121264542568,0,4.42499238906977,0,1.13275039745628,1,0.623674882889728,0.848003128033796
2006-04-01,14591.608,0,46255,94.595,103.2,108.979,919.3,14003.7,94.612,94.697,97.889,-1.65266892524438,-3.23763890514146,-2.11896949256344,0,0,0,,14.5,0.0173005634918896,0.0395320000000001,0,83.8,103.5,71.2,0.3,1,0.0425759023124892,0,0.413629675838112,0,1.47376694831991,0,0.708469896701228,0.67469614729633
2006-07-01,14604.376,0,46495,95.249,103.249,109.616,946.5,14157.2,95.287,94.191,97.046,-2.338022096223,-3.26464183124156,-1.80857264874754,0,0,0,,7.7,0,0.029733,0,84,101.3,72.9,0.2,1,0.00225426277763274,0,0.454561608889392,0,0.968241673121611,0,0.613909849964807,0.766133546252664
2006-10-01,14718.445,0,46903,95.583,104.292,109.947,881.7,14260.7,95.125,94.856,99.204,0.95296797484271,0.399096978003868,-1.46815178553954,0,0,0,,1.9,0,-0.038799,0,92.5,107.1,83,0.9,1,0.0352207041551902,0,2.34759310830179,0,1.28500191791332,0,0.582193621133474,0.593533746404959
2007-01-01,14728.052,0,47354,96.652,104.332,109.981,770.1,14384.6,96.011,94.864,100.65,-2.27604780137592,-2.88321971205028,-1.54562567728268,0,0,0,,1.8,0,0.027177,0,92.2,107.2,82.6,1.1,1,0.024555616300133,0,2.62357761904459,0,0.624881651202429,0,0.116567193793264,0.514191990218838
2007-04-01,14841.529,0,47877,97.19,105.347,110.365,806,14485.8,96.772,95.453,99.496,-0.210020042386706,-1.07261652460605,-1.83705886135448,1,1,0,,7.8,0,-0.019671,0,86.9,103.9,76,1.2,1,0.0210128894265431,0,3.29148073901326,0,0.526910048927348,0,-0.051836444825904,-0.392443382908588
2007-07-01,14941.511,0,48241,97.526,106.228,110.027,711,14456.4,97.32,96.547,99.198,-1.42639791804937,-2.26070497547858,-2.03870718077914,1,1,0,,0,0,0.0949819999999999,0,85.8,100.3,76.4,1.2,1,0.0176445917547241,0,2.24296079555473,0,0.861100711344065,0,-0.509725834028763,-0.650181925856491
2007-10-01,14996.054,1,48509,97.959,106.509,109.758,633.2,14513.7,98.294,97.04,99.076,-0.193408720974824,-0.247492526501074,-2.03320300346199,1,1,0,,-6,0.0523357465858846,0.0117594480000001,0,77.5,93.4,67.3,0.2,1,0.0118169737116411,0,2.01583534749707,0,0.361915367483292,0,-2.194684288815,-1.98956153350104
2008-01-01,14895.353,1,48347,98.507,105.265,109.438,610,14621.9,99.136,96.187,98.956,-4.0688028074869,-2.45324513485317,-2.487580513857,1,1,0,,-15.1,0,0.047150633,,72.9,87.5,63.5,0.1,1,0.0131819384811713,0,-0.584887294298286,0,1.00785945446138,0,-2.25575960172496,-2.80085583840816
2008-04-01,14969.174,1,48715,98.984,105.886,108.918,604.8,14683.2,100.172,97.216,97.777,0.79368885739847,4.60344902271757,-4.93751263787196,1,1,0,,-22.6,0,-0.063249546,,59.6,72.6,51.2,-0.9,1,-0.0231540310382971,0,0.560949266213839,0,-0.439399487367254,0,0.181459984639446,0.0300135789025424
2008-07-01,14895.057,1,48686,99.659,105.051,107.754,619.2,14722.1,101.195,97.492,97.118,-1.37888925475069,4.36485057302012,-3.55136829324263,1,1,0,,-34,0,0.0831811170000001,,64.8,73,59.5,-1.8,1,-0.020632358174126,0,0.854824703937562,0,-0.39536594336154,0,0.573280466874471,0.542499857904962
2008-10-01,14574.644,1,47598,99.808,101.745,105.045,443.1,14457.8,99.748,96.859,100.501,-6.53333399082417,0.000354315762669977,-2.78569997194845,1,1,0,,-47.2,-0.0169224440619299,0.0968530869999999,,57.7,61.9,55,-2.1,1,-0.0609938326610249,0,-3.61841695320825,0,-2.03083171789902,0,0.889130032570096,0.563864879521707
2009-01-01,14372.08,1,46961,100.064,99.8,102.264,689.3,14269.7,99.184,97.59,98.671,-2.87317620530549,2.73940660353214,-4.49462998445288,1,1,0,,-16,0,,,58.3,65.1,54,-1.5,1,-0.0663694389132601,0,-7.93798189442185,0,-4.07990200697257,0,0.664735193263109,0.518385146154966
2009-04-01,14356.903,1,46737,99.897,99.516,100.017,733.6,14243.7,99.627,99.499,100.635,3.31096646562794,6.34840251593368,-6.14008334855268,1,1,0,,-5.9,0,,,68.2,69.8,67.3,-0.2,1,0.000524507486541426,0,-3.69944150422069,0,0.245579567779956,0,1.05796660652043,1.07139959774907
2009-07-01,14402.546,0,46767,99.874,99.726,98.818,801.6,14310.1,100.252,100.919,100.436,4.62572356769162,4.15297107703098,-5.95759268257086,1,1,0,,-6,0,,,68.4,70.2,67.2,0.4,1,0.00541991689633003,0,1.69593372559458,0,0.793728564429202,0,0.669935113786225,0.444378905420848
2009-10-01,14540.242,0,47242,100.164,100.958,98.902,856.9,14559.3,100.938,102.079,100.24,5.53534726977033,1.73313285124745,-5.56137557416775,1,1,0,,-1.9,0,,,70.1,73.5,68,0.4,1,0.0209702227995578,0,4.98149584229075,0,0.913863503791561,0,0.630733073244929,0.77638236985638
2010-01-01,14597.663,0,47499,100.513,101.475,98.946,912.9,14627.4,101.282,102.556,99.39,-0.014548328296292,-5.90708640049646,-5.83898154859894,1,1,0,,9.6,0,,,73.9,81.8,68.8,0.6,1,0.0120073840241568,0,5.58650446492222,0,0.664739884393057,0,0.127911888675928,0.790585216776109
2010-04-01,14738.019,0,48082,100.958,102.651,99.727,914.7,14793.7,101.398,102.932,100.672,2.58957849600104,-3.58755216476061,-5.88139378431559,1,1,0,,14,0,,,73.9,82.5,68.4,0.7,1,0.0270679431040277,0,2.28896416152999,0,2.2107378696526,0,0.395185580324066,0.195781528474111
2010-07-01,14839.32,0,48537,101.418,103.717,100.178,1034.9,15050.5,101.698,103.532,100.901,3.62229672313837,-1.17297873666424,-5.77638158599186,1,1,0,,22.6,0,,,68.3,78.1,62,0.6,0,0.0169231883896706,0,2.46309775897793,0,0.702247191011239,0,0.654364533703555,0.28203086634503
2010-10-01,14942.4,0,49027,101.936,104.783,100.687,1036.8,15189,102.239,104.068,100.641,0.682494614067271,-1.80887888230302,-5.69137387700395,1,1,0,,20,-0.00670962687996121,,,71.2,81.3,64.8,-0.4,0,0.0147087842288136,0,3.08578022351187,0,0.604370060437006,0,0.500442950211633,-0.109341203349979
2011-01-01,14893.954,0,48982,102.343,104.228,100.976,934.2,15326.2,102.996,103.221,101.171,-0.698224950786308,-0.954321515483093,-5.17386437290694,1,1,0,,20.4,0,,,73.1,83.8,66.3,0.5,0,0.034628845137376,0,3.60612655541817,0,1.22920517560074,0,0.497848361382332,-0.020451276422414
2011-04-01,15011.251,0,49602,103.002,105.429,101.67,1057,15513.6,103.938,103.697,99.766,1.08982205665001,2.20352357676562,-5.60177167151779,0,1,0,,28.8,0,,,71.9,82.2,65.3,0.1,0,0.00286131457856786,0,-0.990973047911703,0,0.456495937186148,0,0.131683889636049,-0.126377681849061
2011-07-01,15062.144,0,49987,103.65,105.883,102.108,1092,15694.9,104.529,103.697,99.775,-0.732506807317004,0.59668071573809,-5.0593657276795,0,1,0,,26.9,-0.0259271634929058,,,59.5,73.1,50.9,0.5,0,0.00990428576025293,0,4.47855613475741,0,0.363537217122612,0,0.206865541928341,0.0203346321834033
2011-10-01,15242.142,0,50552,103.783,107.413,102.841,1184.6,15815.3,104.88,104.445,98.265,3.26944049307592,3.93180966643418,-4.86955585722625,0,1,0,,18.8,-0.00320512555236852,,,64.7,77.3,56.7,-0.4,0,0.0010921888602804,0,1.86864397999291,0,-0.144888164448076,0,-0.0340419867599284,-0.353629366587008
2012-01-01,15381.564,0,51182,104.291,108.727,103.705,1126.8,16104.6,105.471,104.842,99.828,2.50191840074242,2.23784193595881,-4.11200750812059,0,1,0,,11.5,0,,,75.5,84.4,69.8,-0.3,0,0.000674558683716242,0,1.81460939910412,0,0.498775732293467,0,0.310048945057285,0.0535251886225862
2012-04-01,15427.67,0,51473,104.75,109.156,103.804,1139.4,16150.3,105.75,105.156,100.064,-2.35927718238452,-3.18424151079712,-4.36886285892864,0,1,0,,23.6,0,,,76.3,83.9,71.5,-0.4,0,-0.00149853057815508,0,1.82352476171084,0,0.270709258256659,0,0.578207222853186,0.52471524902305
2012-07-01,15533.985,0,51996,105.292,110.271,104.216,1160.7,16269.6,106.193,105.81,99.727,1.65864635132393,0.96146952142097,-4.25165742288679,0,1,0,,21.7,0,,,75,85.7,68.1,,,,,,,,,0.650599590200456,0.348919790419954
2012-10-01,15539.628,0,52101,105.667,110.455,104.845,1196,16522,106.622,105.351,101.541,0.818814879026602,0.842135884900919,,0,1,0,,12.7,,,,79.4,88.6,73.5,,,,,,,,,,
2013-01-01,15583.948,0,52382,106.105,110.382,105.233,1213.8,16690.9,106.909,104.893,99.82,0.586121501930267,1.51545732351748,,0,1,0,,11.1,,,,76.7,88.3,69.2,,,,,,,,,,
2013-04-01,15679.677,0,52690,106.259,111.398,105.597,1266.1,16823.5,106.878,105.494,100.4,0.267064495918915,1.82276459668427,,0,1,0,,22.2,,,,81.7,93.9,73.8,,,,,,,,,,
