"date","tothrs","avgwkhrs","avgwkhrs_adj","effhrsvw","effhrstorn","civnipop16","nipop16","nipop16_17","nipop18_21","nipop22_24","nipop25_34","nipop35_44","nipop45_54","nipop55_64","nipop65","gengovhrs","nprofhrs","bushrs","effhrs70","effhrs80","effhrs7080","rgdp","xbus","hrsbusindex","fisherdlp","dlp","ffr"
1948-01-01,121.873,22.3747294447378,21.7347294447378,109.045077596583,109.045077596583,102698,104748.151,4406.904,9095.578,7028.036,23208.708,20506.876,16863.312,12547.271,11091.466,11.638,3.063,105.021,113.442656905263,106.76967573817,110.106166321728,1616.1,33.173999786377,63.6150016784668,,,
1948-04-01,122.135,22.3584638675349,21.7199049971978,109.299022405282,109.29902236971,102923,105049.7035,4386.9145,9066.274,7014.086,23266.704,20604.352,16901.174,12626.355,11183.844,11.88,3.083,105.061,113.725771853554,107.058409978946,110.392090916259,1644.6,33.9059982299805,63.6389999389648,,,
1948-07-01,123.491,22.5419896567434,21.9048636660252,110.532249229331,110.532249150499,103240,105351.256,4366.925,9036.97,7000.136,23324.7,20701.828,16939.036,12705.439,11276.222,12.216,3.129,106.029,115.028105697964,108.306910520044,111.667508109011,1654.1,33.7690010070801,64.2249984741211,,,
1948-10-01,123.027,22.3931944009197,21.7574932585431,110.136606442027,110.136606313919,103424,105652.807,4346.935,9007.665,6986.186,23382.698,20799.302,16976.896,12784.524,11368.601,12.486,3.173,105.351,114.635527388759,107.959709874495,111.297618631631,1658,34.0390014648438,63.814998626709,,,
1949-01-01,121.615,22.0731839374627,21.4388995359,108.891990380962,108.891990198577,103559,105954.3565,4326.945,8978.36,6972.2355,23440.696,20896.776,17014.756,12863.608,11460.98,12.579,3.225,103.877,113.35916932487,106.779871894708,110.069520609791,1633.2,33.8720016479492,62.9220008850098,,,
1949-04-01,120.779,21.8592368065204,21.2263609543005,108.195307538419,108.195299440204,103845,106255.909,4306.9555,8949.056,6958.2855,23498.692,20994.252,17052.618,12942.692,11553.358,12.642,3.28,102.934,112.619274063,106.1049653437,109.36211970335,1628.4,34.0209999084473,62.351001739502,,,
1949-07-01,119.069,21.4751878856377,20.8451354175177,106.714590095755,106.714573512794,104121,106624.8395,4287.675,8927.819,6955.3715,23574.792,21105.532,17100.246,13004.49,11668.914,12.613,3.29,101.257,111.06405938701,104.661436540997,107.862747964002,1646.7,35.0379981994629,61.3349990844727,,,
1949-10-01,117.919,21.1944396645014,20.5671910977255,105.734541833557,105.734516007741,104421,106993.7735,4268.395,8906.582,6952.4575,23650.892,21216.814,17147.874,13066.289,11784.47,12.498,3.301,99.967,110.030910794199,103.709356082483,106.870133438337,1629.9,35.0670013427734,60.5530014038086,,,
1950-01-01,118.274,21.1851956902466,20.5607315226914,106.103641737852,106.103605393794,104737,107362.709,4249.1145,8885.346,6949.5435,23726.994,21328.096,17195.502,13128.088,11900.025,12.429,3.35,100.269,110.402679393795,104.081368324547,107.242023859165,1696.8,36.6780014038086,60.7360000610352,,,
1950-04-01,120.492,21.5085731258536,20.8868694700057,108.261741713546,108.078666199536,105014,107731.6395,4229.834,8864.109,6946.6295,23803.094,21439.376,17243.13,13189.886,12015.581,12.433,3.375,102.494,112.51539919062,106.095257003674,109.30532809714,1747.3,37.0400009155273,62.0849990844727,,,
1950-07-01,123.827,22.04777532965,21.4302984928204,111.425700845805,111.054792075129,105282,108005.8385,4218.027,8839.34,6927.2515,23841.32,21508.004,17298.928,13261.376,12111.592,12.976,3.454,105.132,115.674343341923,109.097024681971,112.385684011938,1815.8,37.6780014038086,63.681999206543,,,
1950-10-01,125.444,22.2791261536515,21.665831376745,113.045045411372,112.489329505067,104979,108280.0375,4206.22,8814.572,6907.8735,23879.546,21576.632,17354.724,13332.866,12207.604,14.016,3.473,105.77,117.231500836025,110.589592840483,113.910546838243,1848.9,37.8600006103516,64.0690002441406,,,
1951-01-01,128.084,22.6905366350179,22.0813792837038,115.586589366013,114.840513641663,104604,108554.235,4194.4125,8789.804,6888.4955,23917.772,21645.258,17410.522,13404.355,12303.616,15.405,3.514,106.855,119.747620462078,112.988476603226,116.36804853264,1871.3,37.8470001220703,64.7259979248047,,,
1951-04-01,129.497,22.883053918399,22.2779896582426,117.140925304651,116.210093305447,104491,108828.434,4182.6055,8765.035,6869.1175,23955.998,21713.886,17466.32,13475.845,12399.627,16.395,3.52,107.406,121.119452074895,114.309603145554,117.714527610213,1903.1,38.0460014343262,65.0589981079102,,,
1951-07-01,128.925,22.7263430973685,22.1266479416321,116.896372397164,115.798561530525,104536,109094.847,4180.2945,8742.452,6838.7645,23984.014,21782.988,17530.61,13541.328,12494.396,17.062,3.53,106.126,120.636175162886,113.88143433499,117.258804748925,1941.1,39.1609992980957,64.2850036621094,,,
1951-10-01,129.239,22.7261948096808,22.1318181127307,117.449683861282,116.182176887444,104740,109361.26375,4177.98375,8719.868,6808.411,24012.032,21852.092,17594.9,13606.812,12589.165,17.18,3.548,106.493,120.982752865329,114.238076649984,117.610414757645,1944.4,38.9949989318848,64.5059967041016,,,
1952-01-01,129.732,22.757447955831,22.1683397676442,118.162584921515,116.726911679619,104868,109627.677,4175.673,8697.285,6778.058,24040.048,21921.194,17659.19,13672.295,12683.934,17.324,3.597,106.978,121.49785395927,114.755577503767,118.126715731507,1964.7,39.1349983215332,64.8000030517578,,,
1952-04-01,129.231,22.6146059215881,22.0307165263869,117.931738247359,116.343202525784,104996,109894.09,4173.362,8674.702,6747.705,24068.064,21990.296,17723.48,13737.778,12778.703,17.649,3.617,105.87,121.082317840914,114.395599441923,117.738958641408,1966,39.4939994812012,64.1289978027344,,,
1952-07-01,129.764,22.6555102465894,22.0803504164109,118.641410825662,116.890674470424,105346,110148.10575,4187.96175,8660.54,6704.607,24077.736,22052.918,17796.252,13791.653,12876.438,17.614,3.656,106.211,121.635474941904,114.952227300122,118.293851121003,1978.8,39.6059989929199,64.3359985351562,,,
1952-10-01,132.172,23.0228291828937,22.4563421656023,121.067352046466,119.128941515953,105706,110402.1235,4202.5615,8646.379,6661.509,24087.408,22115.54,17869.026,13845.528,12974.172,17.597,3.698,108.8,123.946847798595,117.172469317127,120.559658557852,2043.8,40.1619987487793,65.9029998779297,,,
1953-01-01,132.645,23.052181253941,22.494310838756,121.722779447561,119.624935310386,106678,110656.1395,4217.161,8632.218,6618.4105,24097.078,22178.164,17941.8,13899.402,13071.906,17.615,3.722,109.342,124.443840166523,117.679282176577,121.061561171542,2082.3,40.757999420166,66.2320022583008,,,
1953-04-01,132.495,22.9733765834524,22.4240673352,121.787315867568,119.543103124715,106910,110910.1555,4231.761,8618.056,6575.3125,24106.75,22240.786,18014.572,13953.277,13169.641,17.404,3.767,109.19,124.355109853949,117.633061938772,120.994085896354,2098.1,41.1300010681152,66.1399993896484,,,
1953-07-01,131.624,22.764394525983,22.2262265206296,121.184140921791,118.810277086565,107132,111192.5365,4252.475,8615.786,6540.8785,24106.952,22294.172,18097.208,14006.935,13278.13,17.381,3.793,108.231,123.587577145739,116.944976413702,120.266276779715,2085.4,41.1399993896484,65.5589981079102,,,
1953-10-01,130.014,22.4289856100156,21.90189753016,119.893599448894,117.409336803064,107504,111474.9135,4273.189,8613.516,6506.4445,24107.156,22347.556,18179.842,14060.592,13386.618,17.648,3.847,106.445,122.123272560545,115.59717409089,118.860223325713,2052.5,41.0219993591309,64.4769973754883,,,
1954-01-01,128.921,22.1842353387796,21.6681664519597,119.072709710281,116.474134618542,107880,111757.289,4293.9035,8611.245,6472.0105,24107.358,22400.94,18262.476,14114.25,13495.106,17.353,3.899,105.782,121.141453480389,114.705400932012,117.923427206197,2042.4,40.992000579834,64.0759963989258,,,
1954-04-01,127.36,21.8603889964222,21.3552788427951,117.808367337067,115.110839318445,108184,112039.67,4314.6175,8608.975,6437.5765,24107.56,22454.326,18345.112,14167.908,13603.595,17.203,3.966,104.324,119.716666465552,113.393321727357,116.554994096451,2044.3,41.5540008544922,63.193000793457,,,
1954-07-01,126.936,21.7308609966467,21.2354206218325,117.589663418121,114.774185911449,108440,112332.269,4328.858,8611.226,6419.641,24093.446,22516.228,18425.858,14227.292,13709.72,17.118,4.015,103.925,119.357609079568,113.0897794455,116.223694262531,2066.9,42.1910018920898,62.951000213623,,0.0778538269866402,1.02666664123535
1954-10-01,128.134,21.8789637693014,21.3931401617218,118.871347448258,115.904147318324,108798,112624.867,4343.098,8613.476,6401.706,24079.332,22578.13,18506.604,14286.675,13815.846,17.327,4.09,104.656,120.521506664083,114.228874306781,117.375190485429,2107.8,42.8009986877441,63.3940010070801,,0.122396227882774,0.986666679382324
1955-01-01,130.015,22.1426197865174,21.666360414766,120.787604876616,117.652778426734,109078,112917.4635,4357.338,8615.727,6383.7705,24065.216,22640.032,18587.35,14346.058,13921.972,17.165,4.154,106.596,122.326253925359,115.975415631704,119.150834778528,2168.5,43.4749984741211,64.5690002441406,0.01551,0.208688730737691,1.34333336353302
1955-04-01,131.031,22.2579766094284,21.79122916362,121.872048683669,118.591215304504,109544,113210.0625,4371.5785,8617.978,6365.835,24051.102,22701.934,18668.096,14405.442,14028.097,17.035,4.23,107.713,123.315528534097,116.94856593652,120.132047235304,2204,43.8139991760254,65.2460021972656,0.0062898,0.182074814325418,1.5
1955-07-01,132.84,22.5027324202019,22.0465440899705,123.694389829813,120.247715437202,109882,113524.675,4401.284,8637.764,6350.998,24011.556,22787.512,18748.096,14462.434,14125.031,16.978,4.311,109.348,125.049519299389,118.627447192366,121.838483245873,2233.4,43.7490005493164,66.2360000610352,-0.0053352,0.322586424423108,1.94000005722046
1955-10-01,134.337,22.6934294086049,22.247747990666,125.227049790391,121.622215205212,110177,113839.288,4430.99,8657.55,6336.161,23972.008,22873.092,18828.096,14519.426,14221.965,17.038,4.361,110.578,126.488452551724,120.025771776186,123.257112163951,2245.3,43.4389991760254,66.9810028076172,-0.005129,0.437104821069866,2.35666656494141
1956-01-01,134.066,22.5852318352653,22.1500054345286,125.110318424504,121.396176756402,110478,114153.9005,4460.696,8677.335,6321.3235,23932.462,22958.672,18908.096,14576.417,14318.899,17.07,4.399,110.283,126.261050710545,119.841528552305,123.05128963142,2234.8,43.273998260498,66.802001953125,0.0053859,0.437281687489332,2.48333334922791
1956-04-01,134.45,22.5876693539028,22.1628465986222,125.592874644462,121.754002663799,110810,114468.513,4490.4015,8697.121,6306.4865,23892.916,23044.25,18988.096,14633.409,14415.833,17.218,4.396,110.588,126.648895479215,120.239467022154,123.444181250679,2252.5,43.4869995117188,66.9869995117188,0.0067706,0.250809403879998,2.69333338737488
1956-07-01,134.274,22.4911132439793,22.08076372537,125.549689716542,121.604472300538,111099,114809.4485,4535.5805,8740.816,6304.3,23824.28,23128.244,19080.992,14673.457,14521.779,17.451,4.391,110.134,126.507907576745,120.133490680747,123.320699128741,2249.8,43.4710006713867,66.7119979858398,-0.0064229,0.555188135531267,2.80999994277954
1956-10-01,134.218,22.4151688018227,22.0192342946659,125.615761275568,121.563355752699,111432,115150.388,4580.76,8784.512,6302.113,23755.644,23212.24,19173.888,14713.505,14627.726,17.7,4.442,109.837,126.478815454134,120.131781178968,123.305298316546,2286.5,44.3629989624023,66.5319976806641,-0.0046056,0.16651139249916,2.92666673660278
1957-01-01,133.909,22.2975453318726,21.91596767743,125.442084288723,121.292833338877,111711,115491.326,4625.939,8828.208,6299.926,23687.006,23296.236,19266.786,14753.553,14733.672,17.446,4.489,109.78,126.210293822778,119.900612980992,123.05545340188,2300.3,44.6440010070801,66.4970016479492,-0.0019808,0.609507516402005,2.93333339691162
1957-04-01,133.399,22.1472442253524,21.7799660258655,125.117600551762,120.879294316881,112031,115832.2615,4671.118,8871.903,6297.7395,23618.37,23380.23,19359.682,14793.601,14839.618,17.459,4.533,109.178,125.751279382491,119.486329843175,122.618804612829,2294.6,44.6769981384277,66.1330032348633,0.012659,0.296150613787631,3
1957-07-01,133.743,22.1322092223701,21.7844966392362,125.591611667544,121.239379444605,112421,116209.8525,4740.573,8956.27,6320.1395,23542.918,23430.156,19446.198,14835.876,14937.722,17.791,4.592,109.09,126.096235566733,119.833888535634,122.96506205118,2317,45.1629981994629,66.0790023803711,0.0057969,0.257485463133236,3.23333334922791
1957-10-01,131.097,21.624079651924,21.2958653897666,123.253062092351,118.888003917731,112874,116587.443,4810.028,9040.638,6342.539,23467.464,23480.08,19532.716,14878.152,15035.826,17.701,4.639,106.549,123.620536312454,117.498489667939,120.559512990194,2292.5,45.6319999694824,64.5400009155273,-0.001238,0.00431446932506674,3.25333333015442
1958-01-01,128.027,21.0495188870521,20.740735852751,120.507432601569,116.149901028331,113234,116965.034,4879.483,9125.006,6364.939,23392.012,23530.006,19619.232,14920.427,15133.929,17.484,4.712,103.7,120.742702328122,114.778102126257,117.760402227186,2230.2,45.2309989929199,62.814998626709,0.024476,0.476261317946381,1.86333334445953
1958-04-01,127.336,20.8685397209175,20.5791215496114,119.947297424634,115.522737754235,113534,117342.625,4948.938,9209.373,6387.339,23316.56,23579.932,19705.748,14962.702,15232.033,17.498,4.727,102.767,120.10629619207,114.185998628676,117.146147410371,2243.4,45.8580017089844,62.2490005493164,0.0072027,0.136336242057126,0.939999997615814
1958-07-01,128.19,20.9442138282471,20.6720652914754,120.840509403443,116.297052631199,113835,117702.7855,5000.035,9281.338,6418.6855,23225.226,23635.51,19789.064,15017.255,15335.672,17.554,4.807,103.521,120.925319711637,114.975682807656,117.950501259645,2295.2,46.7179985046387,62.7070007324219,0.01903,0.28407531030561,1.32333326339722
1958-10-01,129.999,21.1749823775636,20.9200478491963,122.633717588568,117.93756405916,114283,118062.9445,5051.1325,9353.302,6450.032,23133.892,23691.088,19872.38,15071.808,15439.31,17.746,4.876,105.121,122.643525673521,116.618708676959,119.631117175239,2348,47.2490005493164,63.6749992370605,0.013651,0.217100268329943,2.16333341598511
1959-01-01,131.534,21.3598527537292,21.1220773582674,124.168649845115,119.329288509652,114712,118423.101,5102.23,9425.267,6481.379,23042.556,23746.666,19955.694,15126.36,15542.949,17.648,4.941,106.735,124.101496184516,118.012809185825,121.057152685169,2392.9,47.6199989318848,64.6520004272461,0.019426,0.100803406626113,2.5699999332428
1959-04-01,134.276,21.7390121859111,21.51834086348,126.827386698775,121.800017791482,115144,118783.2615,5153.327,9497.232,6512.7255,22951.222,23802.244,20039.01,15180.913,15646.588,17.692,5.021,109.268,126.69647819919,120.486781513411,123.5916298563,2455.8,47.9269981384277,66.1869964599609,0.010074,0,3.08333349227905
1959-07-01,133.134,21.4916109436889,21.2855958013617,125.816602883442,120.74732108587,115555,119128.7725,5195.0645,9555.078,6536.945,22889.44,23851.39,20117.774,15236.553,15746.528,17.597,5.081,108.249,125.624682784009,119.472304737536,122.548493760772,2453.9,48.2159996032715,65.5699996948242,0.0096609,0.102662708458666,3.57666659355164
1959-10-01,133.348,21.4639039058221,21.2724982598207,126.085057044965,120.924489655691,115916,119474.287,5236.802,9612.924,6561.165,22827.66,23900.536,20196.54,15292.192,15846.468,17.745,5.219,108.15,125.8302157992,119.671213323806,122.750714561503,2462.6,48.3409996032715,65.5100021362305,0.010014,0.181682855429386,3.99000000953674
1960-01-01,133.222,21.3817882513241,21.2049458988727,126.030362780423,120.793234728756,116702,119819.7975,5278.539,9670.771,6585.3845,22765.88,23949.68,20275.304,15347.832,15946.407,17.809,5.399,107.857,125.712740578154,119.561667108646,122.6372038434,2517.4,49.6570014953613,65.3330001831055,0.0045451,0.189226307131918,3.93333339691162
1960-04-01,134.579,21.5374780343338,21.3751614270256,127.316330939584,122.04200352233,117033,120165.3085,5320.2765,9728.617,6609.604,22704.098,23998.826,20354.068,15403.472,16046.347,17.892,5.533,108.933,126.992452429345,120.779763500793,123.886107965069,2504.8,48.6609992980957,65.984001159668,0.006492,0.151203191621335,3.6966667175293
1960-07-01,134.769,21.5025575373508,21.3529939530779,127.498470962851,122.232537329858,117431,120530.385,5351.882,9794.743,6661.683,22648.76,24042.704,20429.36,15459.687,16141.566,18.086,5.607,108.774,127.168675241131,120.947210804795,124.057943022963,2508.7,48.7589988708496,65.8880004882812,0.0064652,0.165099792790045,2.93666672706604
1960-10-01,133.551,21.2438777813737,21.1070390125152,126.348705547193,121.145747280305,117829,120895.464,5383.487,9860.869,6713.762,22593.424,24086.584,20504.652,15515.902,16236.784,18.054,5.64,107.538,126.014027002428,119.847774221792,122.93090061211,2476.2,48.3849983215332,65.1389999389648,0.012585,0.127522032792967,2.29666662216187
1961-01-01,133.253,21.1326588051099,21.0085171715468,126.069447345412,120.893146376307,118250,121260.5435,5415.092,9926.995,6765.8405,22538.086,24130.464,20579.946,15572.117,16332.003,18.403,5.552,106.954,125.725120768266,119.5706072071,122.647863987683,2491.2,48.8969993591309,64.786003112793,0.0055664,0.0943717418325321,2.00333333015442
1961-04-01,131.888,20.8533999029784,20.7419280022239,124.767267505059,119.65913205241,118638,121625.62,5446.6975,9993.121,6817.9195,22482.748,24174.342,20655.238,15628.332,16427.222,18.51,5.543,105.724,124.427035038314,118.332556675372,121.379795856843,2538,50.5909996032715,64.0410003662109,0.0061431,0.0921221759337527,1.73333334922791
1961-07-01,132.848,20.9092986396293,20.8243183516106,125.66481796265,120.534427305636,119006,122183.4015,5564.848,10158.484,6889.0485,22434.7,24207.166,20718.392,15699.768,16510.995,18.683,5.605,106.479,125.319597911602,119.176680127788,122.248139019695,2579.1,51.1100006103516,64.4980010986328,0.0086223,0.134760031989515,1.68333327770233
1961-10-01,134.487,21.0710744822786,21.0124272439814,127.204661471256,122.025769140339,119153,122741.176,5682.999,10323.846,6960.177,22386.65,24239.988,20781.544,15771.204,16594.768,19.132,5.689,107.514,126.849211495389,120.625273638371,123.73724256688,2631.8,51.6689987182617,65.125,0.003057,0.146535603180268,2.39999985694885
1962-01-01,136.176,21.2391846568983,21.2067132952863,128.791742284575,123.562480367706,119360,123298.953,5801.15,10489.208,7031.306,22338.6,24272.812,20844.696,15842.64,16678.541,19.552,5.797,108.621,128.422031626813,122.11345356718,125.267742596996,2679.1,52.1800003051758,65.7949981689453,0.0042136,0.255253578899243,2.45666670799255
1962-04-01,137.035,21.2769089398079,21.2704579431316,129.562500775307,124.316019094768,119813,123856.7345,5919.3005,10654.571,7102.435,22290.552,24305.636,20907.85,15914.076,16762.314,19.815,5.915,109.197,129.207981795771,122.851836616715,126.029909206242,2708.4,52.4770011901855,66.1439971923828,0.0059675,0.0645881209387085,2.60666656494141
1962-07-01,136.698,21.1389091310866,21.1473249658011,129.202330783008,123.984279067827,120323,124358.7205,5974.8725,10784.858,7214.857,22270.55,24323.402,20964.65,15990.747,16834.784,19.941,5.96,108.623,128.862409849034,122.512804679008,125.687607264019,2733.3,53.2169990539551,65.7969970703125,0.0093767,0.104751259369692,2.84666681289673
1962-10-01,135.946,20.9381006400649,20.9613123032338,128.450262234909,123.276164450528,121045,124860.712,6030.445,10915.146,7327.279,22250.548,24341.168,21021.452,16067.418,16907.256,19.945,6,107.859,128.122268229845,121.797133446865,124.959700838352,2740,53.6590003967285,65.3339996337891,0.013726,0.136602290194702,2.92333340644836
1963-01-01,136.6,20.9545828815139,20.992519887151,129.026712694058,123.842855988007,121633,125362.6995,6086.017,11045.434,7439.7015,22230.544,24358.934,21078.252,16144.089,16979.728,19.7,6.036,108.675,128.703882772992,122.336297431555,125.52009010227,2775.9,54.0540008544922,65.8290023803711,0.015308,0.0981683251029892,2.96666669845581
1963-04-01,137.411,20.9949218104488,21.0475139058199,129.72231864481,124.523768416194,122162,125864.6855,6141.589,11175.721,7552.1235,22210.542,24376.7,21135.052,16220.76,17052.198,19.88,6.094,109.359,129.429992471282,123.010912513837,126.220452492556,2810.6,54.4329986572266,66.2419967651367,0.010734,0.0859652856091202,2.96333336830139
1963-07-01,137.761,20.9654246257413,21.0363476634313,129.98263676192,124.786530237868,122667,126362.8115,6215.251,11304.368,7634.9825,22208.004,24372.59,21194.848,16301.562,17131.206,20.133,6.144,109.319,129.718837652432,123.268026278702,126.493431965562,2863.5,55.5820007324219,66.2180023193359,0.0091616,0.0857954599739799,3.32999992370605
1963-10-01,138.438,20.9857280641132,21.0748909073481,130.551460934566,125.34515741103,123192,126860.942,6288.9125,11433.014,7717.8415,22205.468,24368.48,21254.646,16382.364,17210.216,20.233,6.215,109.901,130.312922432083,123.813255565362,127.063088998717,2885.8,55.7220001220703,66.5709991455078,0.010902,0.323694315196093,3.45333337783813
1964-01-01,139.383,21.0463405575132,21.1536529072261,131.372675429715,126.145865882091,123707,127359.0675,6362.574,11561.661,7800.7005,22202.93,24364.368,21314.444,16463.166,17289.224,20.066,5.984,111.235,131.156761559024,124.593741760061,127.875251659536,2950.5,56.4970016479492,67.3789978027344,0.0070283,0.128410680236186,3.46333336830139
1964-04-01,140.92,21.1955223309356,21.320894854168,132.802947453845,127.531286443941,124204,127857.1935,6436.236,11690.308,7883.5595,22200.392,24360.258,21374.24,16543.968,17368.232,20.463,6.065,112.228,132.55519267138,125.89890257481,129.227047623087,2984.8,56.6419982910156,67.9800033569336,0.0025309,0.112294673322111,3.49000000953674
1964-07-01,141.607,21.218619358251,21.361860327871,133.432173615126,128.147367064289,124731,128340.6565,6513.424,11814.844,7954.9925,22218.272,24333.354,21440.224,16624.312,17441.234,20.525,6.12,112.845,133.152024268261,126.440639666736,129.79633196749,3025.5,57.2019996643066,68.3539962768555,0.01071,0.170839276775382,3.45666670799255
1964-10-01,142.592,21.2860288220712,21.4470529919384,134.342257507944,129.033047196149,125291,128824.116,6590.612,11939.38,8026.426,22236.15,24306.45,21506.206,16704.656,17514.236,20.827,6.174,113.559,134.027536924382,127.245117245355,130.636327084859,3033.6,56.8889999389648,68.7870025634766,0.0091805,0.215046097764599,3.57666659355164
1965-01-01,144.324,21.4640284092981,21.642751489281,135.956039794611,130.594569616859,125810,129307.5785,6667.8005,12063.917,8097.859,22254.028,24279.546,21572.188,16785,17587.24,21.146,6.223,114.96,135.6036428153,128.712764528827,132.158203672054,3108.2,57.8359985351562,69.6350021362305,0.012532,0.219807767522269,3.97333335876465
1965-04-01,145.879,21.6144762550148,21.8108138830257,137.287331561417,131.884716903739,126320,129791.0415,6744.9885,12188.453,8169.292,22271.908,24252.642,21638.172,16865.344,17660.242,21.173,6.288,116.458,137.012089680254,130.01933935763,133.515714518932,3150.2,57.9029998779297,70.5419998168945,0.014367,0.187801218776258,4.07666683197021
1965-07-01,146.013,21.5496995740344,21.7640103198893,137.280120829555,131.888858372512,126756,130300.7635,6837.9085,12311.496,8214.913,22337.256,24211.6,21710.86,16948.662,17728.068,21.299,6.349,116.255,137.085572649849,130.057678049854,133.571625349842,3214.1,59.2690010070801,70.4199981689453,0.01022,0.160053650051793,4.07333326339722
1965-10-01,147.692,21.7125616941612,21.9447480680429,138.724188,133.287119689348,127171,130810.487,6930.829,12434.538,8260.534,22402.606,24170.56,21783.548,17031.98,17795.892,21.727,6.396,117.464,138.609658219753,131.471047657683,135.040352938709,3291.8,60.2389984130859,71.1520004272461,0.016807,0.276291655935808,4.16666650772095
1966-01-01,149.685,21.9201415659254,22.1701075977186,140.460176886777,134.965838217808,127514,131320.2145,7023.749,12557.581,8306.1545,22467.956,24129.518,21856.238,17115.3,17863.718,22.492,6.486,118.629,140.428247249968,133.162388450078,136.795317850014,3372.3,61.2900009155273,71.8580017089844,0.016431,0.282146566845,4.5566668510437
1966-04-01,150.835,22.003144004572,22.2707946692075,141.500713426597,135.976164673467,127879,131829.9365,7116.669,12680.624,8351.7755,22533.304,24088.476,21928.926,17198.618,17931.544,22.927,6.55,119.477,141.456279912933,134.10309287212,137.779686392518,3384,60.9500007629395,72.3710021972656,0.010922,0.365201964700702,4.91333341598511
1966-07-01,151.689,22.0303896817599,22.301164871155,142.263705236043,136.719493495255,128240,132412.372,7115.595,12798.186,8530.219,22641.036,24031.078,22008.794,17285.256,18002.208,23.345,6.605,119.707,142.207568941958,134.780987168261,138.494278055102,3406.3,61.0340003967285,72.5110015869141,0.014445,0.455489011327074,5.41000032424927
1966-10-01,152.126,21.9970997288311,22.2709795507536,142.635908976129,137.086936518159,128627,132994.8055,7114.5215,12915.748,8708.662,22748.766,23973.68,22088.66,17371.896,18072.872,24.11,6.676,119.439,142.569025525976,135.089368691747,138.829197108855,3433.7,61.5439987182617,72.3479995727539,0.0054778,0.397212013864419,5.56333351135254
1967-01-01,152.71,21.985263621157,22.262227841941,143.146299449769,137.586856208185,129032,133577.237,7113.448,13033.309,8887.106,22856.496,23916.282,22168.528,17458.534,18143.534,24.469,6.734,119.367,143.069356129745,135.529556217059,139.299456173396,3464.1,62.1129989624023,72.3050003051758,0.0043081,0.197251902488546,4.82333326339722
1967-04-01,151.888,21.7719902961829,22.0520194272793,142.308613497706,136.790746521932,129515,134159.672,7112.374,13150.871,9065.549,22964.228,23858.884,22248.396,17545.172,18214.198,24.782,6.808,118.187,142.253791632494,134.723796490308,138.488794061397,3464.3,62.6119995117188,71.5899963378906,0.0073343,0.236623347022714,3.99000000953674
1967-07-01,152.822,21.8134925592129,22.0984412143207,143.116336852532,137.57605326443,130187,134727.8345,7147.9215,13239.776,9146.073,23171.8,23784.062,22329.188,17629.702,18279.312,24.997,6.871,118.915,143.083909551078,135.477115117609,139.280512334341,3491.8,62.6399993896484,72.0309982299805,0.010049,0.425960782331714,3.89333343505859
1967-10-01,153.588,21.8307666630658,22.1205918016666,143.766188727186,138.209503855323,130754,135295.999,7183.469,13328.682,9226.598,23379.372,23709.24,22409.98,17714.232,18344.426,25.098,6.98,119.459,143.757128527588,136.081923499716,139.91952601365,3518.2,62.8089981079102,72.3600006103516,0.012487,0.479191572101655,4.17333364486694
1968-01-01,153.889,21.7820786907435,22.076737947167,143.980504690479,138.424123677444,131277,135864.161,7219.017,13417.588,9307.122,23586.942,23634.418,22490.772,17798.762,18409.54,25.281,7.083,119.564,143.995449279006,136.275031706407,140.135240492706,3590.7,64.2040023803711,72.4229965209961,0.017488,0.472189761183529,4.78666687011719
1968-04-01,155.167,21.8715088380853,22.1709600782041,145.125424575015,139.533326862892,131712,136432.3235,7254.5645,13506.493,9387.646,23794.514,23559.596,22571.564,17883.292,18474.654,25.424,7.142,120.486,145.147862177214,137.33281611115,141.240339144183,3651.6,64.859001159668,72.9820022583008,0.0075353,0.453082847952828,5.98000001907349
1968-07-01,156.198,21.9251723717572,22.2336609659796,146.038811090401,140.419842084628,132251,137002.6945,7299.7685,13620.446,9491.304,23966.776,23474.752,22645.176,17959.7,18544.772,25.829,7.23,121.153,146.068571423748,138.170475188852,142.119523306302,3676.5,64.8730010986328,73.3870010375977,0.0091607,0.427570302003033,5.94333362579346
1968-10-01,156.811,21.9199594077986,22.2374228778152,146.561076944017,140.930176266853,132903,137573.072,7344.973,13734.4,9594.963,24139.04,23389.908,22718.788,18036.108,18614.892,25.749,7.289,121.864,146.597528853615,138.636425697048,142.616977275335,3692,64.7699966430664,73.8170013427734,0.0028505,0.610453753755081,5.91666650772095
1969-01-01,158.767,22.1017466876753,22.4281229255937,148.337951373867,142.646857526225,133465,138143.45,7390.177,13848.353,9698.622,24311.304,23305.064,22792.4,18112.518,18685.012,25.789,7.414,123.615,148.380475357678,140.286496050789,144.333485704237,3750.2,65.004997253418,74.8769989013672,0.0051854,0.449732359780512,6.56666660308838
1969-04-01,159.22,22.0736697673628,22.4088973860291,148.753745134408,143.054614395678,134027,138713.821,7435.381,13962.306,9802.28,24483.566,23220.22,22866.012,18188.926,18755.13,25.929,7.506,123.872,148.756842604279,140.604531500231,144.680687052259,3760.9,64.9400024414062,75.0329971313477,0.0080646,0.559040628611257,8.32666683197021
1969-07-01,159.807,22.0537100077949,22.4018795933551,149.294889357278,143.582793169559,134597,139351.2265,7492.8925,14091.412,9910.25,24643.962,23163.708,22934.774,18262.746,18851.482,26.1,7.571,124.234,149.256516535465,141.036799575259,145.146658055367,3784.2,65.1019973754883,75.2529983520508,0.0081862,0.621261832346107,8.98333263397217
1969-10-01,159.409,21.898618670758,22.259635520465,148.916023116462,143.225998733264,135239,139988.633,7550.404,14220.517,10018.22,24804.358,23107.194,23003.536,18336.568,18947.836,26.291,7.612,123.63,148.834274196296,140.595395847717,144.714835022012,3766.3,64.9290008544922,74.8870010375977,0.00369,0.562058167646626,8.94000053405762
1970-01-01,158.214,21.6359429389235,22.0097129839426,147.79288427338,142.15312874964,135957,140626.0375,7607.9155,14349.622,10126.19,24964.754,23050.68,23072.3,18410.388,19044.188,25.79,7.618,122.982,147.666289306836,139.447108204391,143.556698755619,3760,65.2070007324219,74.4940032958984,0.005401,0.615916215715885,8.57333278656006
1970-04-01,157.089,21.3851669160599,21.7715736260314,146.267534197278,141.093404159463,136686,141263.443,7665.427,14478.728,10234.16,25125.15,22994.168,23141.062,18484.208,19140.54,25.876,7.6,121.777,146.562141099327,138.356593863558,142.459367481448,3767.1,66.0130004882812,73.7649993896484,0.0043209,0.593055053967078,7.88000011444092
1970-07-01,155.755,21.1033111248666,21.5019037901014,144.577992500688,139.846642748527,137455,141934.526,7710.796,14619.017,10376.245,25282.652,22952.118,23192.506,18554.908,19246.284,25.45,7.585,120.967,145.261543027499,137.077950727999,141.169746877753,3800.5,67.1709976196289,73.2740020751953,0.0051772,0.345387173231074,6.70333337783813
1970-10-01,154.983,20.8998953729254,21.3105155667165,143.437225769334,139.105060291479,138264,142605.609,7756.165,14759.306,10518.33,25440.156,22910.068,23243.95,18625.606,19352.028,25.741,7.619,119.808,144.483582090186,136.289577231651,140.386579660923,3759.8,66.7720031738281,72.5719985961914,0.00335,0.557205645426023,5.56666660308838
1971-01-01,155.361,20.8527388713317,21.2752309100456,143.381338906018,139.395712579874,139021,143276.6965,7801.5345,14899.596,10660.416,25597.658,22868.02,23295.394,18696.304,19457.774,25.528,7.593,120.388,144.775722905349,136.507038257409,140.641380581383,3864.1,68.7040023803711,72.9229965209961,0.0073999,0.648040437986452,3.85666656494141
1971-04-01,155.816,20.8163095594089,21.2505196559316,143.418889081023,139.763446147013,139826,143947.7795,7846.9035,15039.885,10802.501,25755.16,22825.97,23346.838,18767.004,19563.518,25.439,7.614,121.096,145.137362574498,136.786026647174,140.961694610839,3885.9,68.7720031738281,73.3519973754883,0.010845,0.566185401318961,4.56333351135254
1971-07-01,155.642,20.6930030757023,21.1300461326692,142.885680623116,139.562947521585,140596,144643.838,7897.438,15089.94,10801.374,26168.37,22797.092,23389.712,18829.896,19670.016,25.51,7.653,120.768,144.911366773506,136.507597032444,140.709481902978,3916.7,69.5709991455078,73.1529998779297,0.014396,0.436646427812775,5.47333335876465
1971-10-01,156.471,20.7035910850112,21.1433689765501,143.279987877638,140.2578369577,141393,145339.892,7947.973,15139.995,10800.248,26581.58,22768.212,23432.584,18892.788,19776.512,25.057,7.703,121.995,145.617728041538,137.104024150228,141.360876095885,3927.9,69.0120010375977,73.8970031738281,0.015018,0.346479776072556,4.75
1972-01-01,158.846,20.9176622986335,21.3600785975512,145.090274505587,142.333837756439,143017,146035.954,7998.508,15190.05,10799.122,26994.792,22739.334,23475.458,18955.68,19883.01,25.702,7.789,123.625,147.760843214715,139.049065639296,143.404954427007,3997.7,69.6949996948242,74.8840026855469,0.01468,0.674568718736225,3.53999996185303
1972-04-01,159.507,20.9050653325722,21.3500253983303,145.143814799622,142.682054097865,143760,146732.0125,8049.0425,15240.105,10797.995,27408.002,22710.456,23518.332,19018.572,19989.508,25.626,7.885,124.238,148.308367898012,139.489049761036,143.898708829525,4092.1,71.3789978027344,75.254997253418,0.0060878,0.25880363758489,4.30000019073486
1972-07-01,160.506,20.9369570207256,21.387336052108,145.503337208484,143.324878276814,144522,147426.0965,8091.2125,15318.889,10852.521,27734.278,22698.736,23549.636,19073.82,20107.004,25.735,7.924,125.196,149.17051376969,140.222682153044,144.696597961368,4131.1,71.5630035400391,75.8349990844727,0.0095084,0.419806601346096,4.74000024795532
1972-10-01,161.623,20.9838700937618,21.4395490573269,145.96649114157,144.064738012813,145211,148120.18,8133.382,15397.672,10907.046,28060.556,22687.016,23580.94,19129.066,20224.502,25.622,7.987,126.327,150.143590621263,141.058813421168,145.601202021215,4198.7,72.3030014038086,76.5210037231445,0.01154,0.573343789616104,5.14333343505859
1973-01-01,163.46,21.1233886723489,21.5842505600167,147.073557910775,145.436784582778,145943,148814.264,8175.552,15476.456,10961.572,28386.832,22675.296,23612.244,19184.312,20342,25.775,8.011,128.023,151.787602869045,142.523814464622,147.155708666832,4305.3,73.6699981689453,77.5479965209961,0.0079023,0.518297659293751,6.53666687011719
1973-04-01,165.008,21.2244387131531,21.6903680903405,148.089997033397,146.716177626129,146719,149508.348,8217.722,15555.24,11016.098,28713.108,22663.576,23643.548,19239.56,20459.496,25.909,8.011,129.401,153.166240582582,143.73864666093,148.452443621754,4355.1,73.8889999389648,78.3830032348633,0.0098833,0.666876031201411,7.81666660308838
1973-07-01,165.982,21.2503667286052,21.7213283147229,148.591920781445,147.48098113788,147471,150207.3625,8249.9675,15632.6,11083.349,29032.242,22667.968,23645.274,19311.624,20584.338,26.125,8.016,130.14,154.016244702956,144.457418811547,149.236831757249,4331.9,72.8880004882812,78.8300018310547,0.017015,0.8383849246068,10.5599994659424
1973-10-01,166.502,21.2181990060071,21.6940797615851,148.690083370195,147.838849867934,148219,150906.377,8282.213,15709.96,11150.6,29351.376,22672.358,23647,19383.69,20709.18,25.857,8.051,130.909,154.450117258228,144.786915822745,149.618516540483,4373.3,73.2080001831055,79.2959976196289,0.030209,0.851690129213353,9.99666690826416
1974-01-01,166.782,21.1558850693624,21.6365736044017,148.577835388743,147.98058444231,148982,151605.3875,8314.4585,15787.32,11217.851,29670.508,22676.748,23648.726,19455.756,20834.02,26.138,8.131,130.898,154.667073128594,144.914800653717,149.790936891151,4335.4,72.1989974975586,79.2890014648438,0.033668,0.822298241863507,9.32333374023438
1974-04-01,166.099,20.9725490302082,21.4579359878787,147.795506792508,147.445552094556,149750,152304.402,8346.704,15864.68,11285.102,29989.642,22681.14,23650.452,19527.82,20958.862,25.761,8.228,130.641,153.997081127267,144.214170225229,149.105625676244,4347.9,72.4899978637695,79.1340026855469,0.014219,1.01090016036019,11.25
1974-07-01,166.037,20.8665901565315,21.3589429913843,147.576038870234,147.461688225962,150493,153020.652,8371.069,15943.831,11366.828,30298.744,22683.026,23638.806,19611.448,21106.9,26.355,8.315,129.912,153.908839520825,144.061068662717,148.984954091766,4305.8,71.8690032958984,78.6910018920898,-0.0076841,1.25796834152237,12.0900001525879
1974-10-01,164.449,20.5707325034287,21.0699299966457,146.010769574178,146.122055272861,151256,153736.906,8395.434,16022.982,11448.554,30607.848,22684.912,23627.16,19695.076,21254.94,26.846,8.355,127.981,152.411813596936,142.592398953667,147.502106275296,4288.9,72.4739990234375,77.5220031738281,-0.023622,1.28014926295188,9.34666633605957
1975-01-01,160.714,20.0102986961493,20.5162212333692,142.552417817255,142.872606435148,151990,154453.159,8419.8,16102.132,11530.279,30916.952,22686.8,23615.514,19778.704,21402.978,26.989,8.418,123.918,148.930638812913,139.27186552111,144.101252167006,4237.6,73.5080032348633,75.0609970092773,-0.034095,0.986374792056552,6.3033332824707
1975-04-01,159.896,19.8165546723393,20.3290848287606,141.592822645236,142.114696460699,152704,155169.409,8444.165,16181.283,11612.005,31226.054,22688.686,23603.868,19862.332,21551.016,27.075,8.455,122.909,148.157528771109,138.487781332302,143.3226550517,4268.6,74.6829986572266,74.4499969482422,-0.01916,0.65613079072557,5.42000007629395
1975-07-01,160.859,19.8415148617662,20.3567674607617,142.21447585483,142.938198926671,153580,155907.567,8469.14,16251.921,11680.022,31545.514,22754.598,23571.734,19948.314,21686.324,26.818,8.557,124.169,149.038583700297,139.252070669319,144.145327184803,4340.9,75.4089965820312,75.2129974365234,0.00499,0.79966393938588,6.15999984741211
1975-10-01,162.893,19.9977218166313,20.5156036076041,143.782844201656,144.71130680685,154338,156645.728,8494.114,16322.558,11748.04,31864.974,22820.512,23539.6,20034.296,21821.634,27.02,8.602,125.953,150.9152389459,140.947777999775,145.931508472832,4397.8,75.5579986572266,76.2939987182617,0.010407,0.757365844990261,5.41333341598511
1976-01-01,164.851,20.1431767782482,20.6635963208495,145.282473176015,146.414598970038,155066,157383.891,8519.089,16393.196,11816.058,32184.434,22886.424,23507.468,20120.278,21956.944,27.046,8.662,127.777,152.724403032946,142.581437600638,147.652920316788,4496.8,76.6179962158203,77.3990020751953,0.010595,0.477476709779182,4.82666683197021
1976-04-01,165.189,20.0902502753524,20.613117473733,145.313815517956,146.635695230385,155765,158122.049,8544.064,16463.834,11884.075,32503.894,22952.336,23475.334,20206.26,22092.252,27.039,8.668,128.063,153.035393613688,142.818143598065,147.926768605873,4530.3,77.140998840332,77.5719985961914,0.012877,0.462474458750535,5.1966667175293
1976-07-01,165.894,20.0827921027681,20.6048290129991,145.669609756641,147.18048037335,156525,158855.861,8544.924,16515.71,11960.071,32811.396,23069.352,23414.062,20305.35,22234.996,26.856,8.678,128.66,153.68876513234,143.376648018241,148.532706575288,4552,77.1620025634766,77.9329986572266,0.014641,0.590075746568601,5.28333330154419
1976-10-01,167.084,20.133845540369,20.6549906956208,146.45140769602,148.153071026514,157235,159589.674,8545.784,16567.587,12036.067,33118.9,23186.366,23352.792,20404.44,22377.738,27.681,8.706,128.939,154.793583700399,144.358460017893,149.576021859144,4584.6,77.6559982299805,78.1029968261719,0.01464,0.785414152865684,4.87333345413208
1977-01-01,167.938,20.1441286217849,20.6643222233997,146.938491566356,148.825190501767,157913,160323.486,8546.645,16619.464,12112.063,33426.402,23303.38,23291.52,20503.532,22520.48,27.234,8.763,130.231,155.589054111576,145.054025009185,150.321539560379,4640,78.0469970703125,78.8850021362305,0.012439,0.706049175985697,4.65999984741211
1977-04-01,171.236,20.4461396092712,20.9653227191724,149.606348658353,151.705567041527,158657,161057.298,8547.505,16671.34,12188.059,33733.904,23420.396,23230.248,20602.622,22663.224,27.527,8.826,133.154,158.650683050657,147.864137193781,153.257410122219,4731.1,78.2259979248047,80.6559982299805,0.012918,0.62413787604703,5.15666675567627
1977-07-01,172.793,20.5379760519105,21.052961789696,150.751758733164,153.041922144136,159430,161795.023,8543.368,16711.655,12254.182,33973.32,23638.264,23182.616,20686.638,22804.98,27.936,8.903,134.196,160.10110183864,149.174375172798,154.637738505719,4815.8,79.2330017089844,81.2870025634766,0.0065411,0.525325687515988,5.82000017166138
1977-10-01,174.386,20.6332376778047,21.1440032225141,151.929292656887,154.408989861402,160129,162532.753,8539.231,16751.97,12320.306,34212.74,23856.134,23134.984,20770.652,22946.736,28.054,8.992,135.559,161.586651433129,150.519684613735,156.053168023433,4815.3,78.3059997558594,82.1129989624023,0.0060392,0.936004929503156,6.51333332061768
1978-01-01,175.035,20.6164490199092,21.1229725207431,152.286097939008,154.939250715673,160831,163270.488,8535.094,16792.284,12386.43,34452.16,24074.004,23087.354,20854.668,23088.494,28.101,8.972,136.248,162.199321430372,151.054524978722,156.626923204548,4830.8,77.9929962158203,82.5299987792969,0.0076168,0.641939993600062,6.75666666030884
1978-04-01,180.028,21.1091678803168,21.6114281355535,156.32584141189,159.217322513349,161518,164008.214,8530.957,16832.6,12452.553,34691.576,24291.872,23039.722,20938.684,23230.25,29.159,9.03,140.127,166.839782622996,155.342493585314,161.091138104156,5021.2,79.5510025024414,84.879997253418,0.012601,0.789067855693304,7.28333330154419
1978-07-01,180.766,21.1010567998412,21.5981936845281,156.664656202653,159.726947258466,162259,164743.845,8521.856,16858.43,12504.379,34999.128,24476.188,22983.412,21023.502,23376.95,28.664,9.092,141.274,167.539769596189,155.963769287963,161.751769442078,5070.7,79.7160034179688,85.5739974975586,0.012182,0.713758159239376,8.10000038146973
1978-10-01,182.823,21.2463022639105,21.7382934103451,158.145386672415,161.399061239539,163017,165479.474,8512.754,16884.26,12556.204,35306.68,24660.504,22927.102,21108.32,23523.65,29.197,9.104,142.808,169.465411296584,157.728939224807,163.597175260698,5137.4,79.9660034179688,86.5039978027344,0.015542,0.909486989318594,9.58333301544189
1979-01-01,183.289,21.2061870669442,21.6930110473309,158.249000625172,161.663830766488,163726,166215.098,8503.652,16910.092,12608.03,35614.228,24844.818,22870.792,21193.136,23670.35,28.658,9.169,143.802,169.920007225662,158.128008714974,164.024007970321,5147.4,79.4759979248047,87.1050033569336,0.015572,0.758592289211322,10.0733337402344
1979-04-01,183.097,21.0906306006376,21.5722661053861,157.972969002394,161.536906331013,164459,166950.729,8494.551,16935.922,12659.856,35921.78,25029.134,22814.482,21277.954,23817.05,28.022,9.275,144.23,169.768540554453,157.966489058849,163.867514806654,5152.3,79.3219985961914,87.3649978637695,0.018852,1.05919805760811,10.1800003051758
1979-07-01,185.591,21.287411617412,21.7592870742865,160.016840346125,163.780079855704,165198,167660.482,8471.323,16941.968,12703.167,36269.216,25201.586,22767.824,21355.53,23949.868,29.169,9.352,145.425,172.112174639418,160.129808270612,166.120991455018,5189.4,79.302001953125,88.088996887207,0.022795,0.925789581058211,10.9466667175293
1979-10-01,186.112,21.2571827752416,21.7193026208681,160.361548250428,164.282675537622,166051,168370.238,8448.096,16948.012,12746.478,36616.656,25374.036,22721.168,21433.104,24082.688,29.086,9.445,145.921,172.631119479849,160.598557629484,166.61483855467,5204.7,79.1289978027344,88.3889999389648,0.022538,0.859762294328078,13.5766668319702
1980-01-01,185.496,21.0978880820676,21.5502570011275,159.730164976572,163.781457514016,166759,169079.993,8424.868,16954.058,12789.789,36964.092,25546.488,22674.51,21510.68,24215.508,29.15,9.571,145.228,172.099997154368,160.093654754592,166.096825954484,5221.3,79.5820007324219,87.9700012207031,0.018048,0.906354428444331,15.046667098999
1980-04-01,183.232,20.7532692091565,21.1959090837257,157.507002524407,161.832387386183,167407,169789.746,8401.64,16960.104,12833.1,37311.528,25718.94,22627.852,21588.256,24348.326,29.274,9.624,142.775,170.043799381353,158.173234286888,164.108516834124,5115.9,78.6650009155273,86.484001159668,0.01102,0.949738128502162,12.6866664886475
1980-07-01,182.669,20.6194043744136,21.0475404522925,156.761262475718,161.384944790484,168103,170366.967,8344.53,16930.248,12873.149,37670.824,25863.062,22586.574,21628.304,24470.276,29.208,9.713,142.243,169.569920368612,157.727549440502,163.648734904561,5107.4,78.7590026855469,86.161003112793,0.0091868,0.974807844186444,9.83666610717773
1980-10-01,184.628,20.7701616623441,21.1838235301908,158.188391284192,163.166079027674,168695,170944.19,8287.42,16900.392,12913.198,38030.12,26007.184,22545.296,21668.352,24592.228,29.315,9.8,144.045,171.441871913965,159.466343147519,165.454107530746,5202.1,79.5899963378906,87.2519989013672,0.014577,1.18639399576367,15.8533334732056
1981-01-01,185.265,20.7716835533979,21.170900596303,158.489345143377,163.779660308943,169280,171521.4105,8230.3105,16870.534,12953.248,38389.412,26151.306,22504.02,21708.4,24714.18,29.033,9.867,144.825,172.091072799507,160.069962284021,166.080517541768,5307.5,81.1019973754883,87.7249984741211,0.00546,1.10579242141191,16.5699996948242
1981-04-01,184.287,20.5927306820611,20.9775318685673,157.5201127139,163.070070152588,169829,172098.6315,8173.2005,16840.678,12993.297,38748.708,26295.428,22462.742,21748.448,24836.13,28.265,9.935,144.587,171.243754180112,159.283416786622,165.26358548337,5266.1,80.3529968261719,87.5810012817383,-0.0034133,0.808656760769907,17.7800006866455
1981-07-01,183.531,20.4435373527391,20.8130003112841,156.752153421706,162.556352124656,170399,172643.425,8114.973,16785.198,12996.626,38873.088,26701.27,22423.882,21777.66,24970.728,27.477,9.972,144.646,170.605498278732,158.69270759819,164.649102938464,5329.8,81.4130020141602,87.6159973144531,0.0017106,0.766212322499399,17.5766677856445
1981-10-01,184.493,20.4860488688052,20.8401689775096,157.461215539857,163.565334002971,170996,173188.2185,8056.7455,16729.718,12999.955,38997.464,27107.112,22385.024,21806.872,25105.328,28.66,10.164,144.16,171.567240895485,159.591227238193,165.579234066843,5263.4,80.2440032958984,87.322998046875,0.0014918,0.785121317613772,13.5866670608521
1982-01-01,181.6,20.1015778866835,20.4403506978006,154.890516829007,161.155793742046,171489,173733.013,7998.518,16674.239,13003.284,39121.84,27512.954,22346.164,21836.086,25239.928,28.051,10.276,141.806,168.945731407204,157.1570704762,163.051400941706,5177.1,79.7570037841797,85.8970031738281,0.001291,0.586720581711972,14.2266664505005
1982-04-01,182.902,20.182410052574,20.5058309664001,155.960631977488,162.523502057434,172026,174277.8065,7940.2905,16618.759,13006.613,39246.22,27918.796,22307.304,21865.298,25374.526,28.815,10.405,142.159,170.228116547544,158.354441102844,164.291278825198,5204.9,80.0029983520508,86.1110000610352,-0.0058319,0.523865282719896,14.5133333206177
1982-07-01,181.595,19.9804047039946,20.2896035983374,154.815162443552,161.574137883363,172511,174781.822,7881.573,16553.814,12996.501,39438.744,28225.046,22289.404,21886.056,25510.684,28.345,10.516,141.254,169.083452850353,157.293760014886,163.188606432624,5185.2,80.036003112793,85.5619964599609,0.0073721,0.609138072505601,11.006667137146
1982-10-01,180.491,19.8018330941465,20.0967894974389,153.851819498371,160.8037830602,173058,175285.831,7822.855,16488.868,12986.39,39631.264,28531.296,22271.504,21906.814,25646.84,28.522,10.546,139.968,168.127392077286,156.407898067462,162.26764507238,5189.8,80.8130035400391,84.7829971313477,0.0090187,0.465594670944853,9.28666687011719
1983-01-01,181.651,19.8719584813467,20.152652690681,154.826629591958,162.05171142757,173505,175789.843,7764.137,16423.922,12976.278,39823.784,28837.546,22253.606,21927.572,25782.998,28.926,10.622,140.707,169.280283824574,157.483224913975,163.381754369281,5253.8,81.5660018920898,85.2300033569336,0.015605,0.355561947387741,8.65333366394043
1983-04-01,183.405,20.0064781653709,20.2728907707934,155.992440443783,163.496709623484,173953,176293.8585,7705.4195,16358.977,12966.166,40016.308,29143.796,22235.706,21948.33,25919.156,29.074,10.771,142.128,170.987529757155,159.073520709792,165.030525233481,5372.3,83.0130004882812,86.0920028686523,0.019559,0.312513529761105,8.8033332824707
1983-07-01,186.233,20.2564397597301,20.5082740304814,158.06768941502,165.894878985313,174440,176803.2235,7659.4295,16301.968,12948.9,40199.54,29449.504,22242.658,21959.24,26041.984,28.889,10.877,144.975,173.697393328214,161.595964280674,167.646678804453,5478.4,83.3420028686523,87.8160018920898,0.019471,0.442393233930261,9.46000003814697
1983-10-01,188.339,20.4266589027164,20.6638945699252,159.525454762924,167.645416403886,174951,177312.5925,7613.4395,16244.96,12931.633,40382.776,29755.214,22249.612,21970.148,26164.81,28.656,10.929,147.295,175.735347022225,163.492967965708,169.614157493976,5590.5,84.0319976806641,89.2220001220703,0.014662,0.326888797876734,9.43000030517578
1984-01-01,191.708,20.7324923295245,20.955110292396,162.047380761597,170.515320291597,175679,177821.9545,7567.4495,16187.951,12914.366,40566.008,30060.924,22256.564,21981.056,26287.636,29.088,10.95,150.159,178.953573873855,166.488056195188,172.720815034533,5699.8,84.4140014648438,90.9560012817383,0.020529,0.539405721550338,9.68666648864746
1984-04-01,194.38,20.9614157151847,21.1693974146897,164.205033375701,173.003284754769,176123,178331.3195,7521.4595,16130.942,12897.1,40749.24,30366.632,22263.516,21991.966,26410.464,29.688,11.01,152.079,181.523262779322,168.880263143874,175.20176296161,5797.9,85.1289978027344,92.120002746582,0.01407,0.373314849108027,10.5566663742065
1984-07-01,195.074,20.9766917583188,21.1740621082961,164.695441755622,173.732755829942,176583,178837.689,7500.597,16083.942,12857.234,40928.168,30660.222,22281.388,21987.658,26538.48,29.74,11.004,152.813,182.24680198442,169.555828093142,175.901315038795,5854.3,85.5380020141602,92.5640029907227,0.015512,0.345853809059207,11.3900003433228
1984-10-01,195.778,20.9929535300393,21.1796755338867,165.198853726449,174.471985369962,177135,179344.061,7479.735,16036.942,12817.368,41107.1,30953.812,22299.258,21983.35,26666.496,29.447,11.079,153.686,182.979832101162,170.241586328033,176.610709214612,5902.4,85.7580032348633,93.0930023193359,0.014561,0.275221646307699,9.26666641235352
1985-01-01,197.1,21.0752049248513,21.2512420635575,166.227865808316,175.763165276281,177516,179850.4275,7458.8725,15989.942,12777.501,41286.032,31247.4,22317.128,21979.042,26794.51,29.457,11.157,154.868,184.290688887978,171.466771747874,177.87873031794,5956.9,86.052001953125,93.8079986572266,0.016522,0.486273440109784,8.47666645050049
1985-04-01,198.264,21.1401471648958,21.3054638216103,167.132835880264,176.920535317747,177944,180356.797,7438.01,15942.942,12737.635,41464.96,31540.99,22335,21974.734,26922.526,29.858,11.242,155.673,185.454025295412,172.556978892212,179.005502093827,6007.8,86.4039993286133,94.2959976196289,0.015873,0.247354866932369,7.92333364486694
1985-07-01,199.138,21.172325769492,21.3300962393055,167.797639492734,177.820592407314,178405,180876.535,7446.698,15898.027,12656.708,41623.168,31864.94,22383.864,21940.078,27063.052,30.31,11.374,155.876,186.345956803864,173.397324646412,179.871640725153,6101.7,87.8519973754883,94.4189987182617,0.011529,0.179465935053514,7.90000009536743
1985-10-01,200.205,21.2247803333989,21.3749401159479,168.629286476153,178.894396245306,178940,181396.278,7455.386,15853.112,12575.782,41781.38,32188.892,22432.726,21905.422,27203.578,30.713,11.52,156.463,187.418163129773,174.408453833355,180.913308481579,6148.6,88.2080001831055,94.7750015258789,0.016152,0.279557098428711,8.10333347320557
1986-01-01,199.891,21.1309468244471,21.2734324837559,168.302212999853,178.734883364786,179821,181916.0175,7464.0735,15808.196,12494.856,41939.592,32512.842,22481.588,21870.766,27344.104,30.202,11.666,156.517,187.196728495204,174.218999851937,180.707864173585,6207.4,89.109001159668,94.806999206543,0.014688,0.22370956005264,7.82666683197021
1986-04-01,200.567,21.1420052047182,21.2767543292285,168.784768809452,179.430710357709,180311,182435.7555,7472.7615,15763.281,12413.929,42097.8,32836.792,22530.452,21836.11,27484.63,31.078,11.754,156.155,187.901452103394,174.89496675312,181.398209428272,6232,89.6490020751953,94.5879974365234,0.0015633,0.222563112020794,6.92000007629395
1986-07-01,200.916,21.1276233458031,21.253051493643,168.996773361997,179.835018444425,180828,182877.6085,7460.8935,15695.802,12330.013,42207.92,33136.74,22638.486,21776.148,27631.606,30.46,11.885,156.996,188.299232106406,175.288934886282,181.794083496359,6291.7,90.0989990234375,95.0979995727539,0.0057232,0.250623805536208,6.20666646957397
1986-10-01,202.645,21.2580764923744,21.3741025417298,170.373619761605,181.476021206955,181363,183319.466,7449.026,15628.322,12246.096,42318.044,33436.688,22746.52,21716.188,27778.582,30.957,12.021,158.155,189.990365734765,176.890853518891,183.440609626844,6323.4,89.8310012817383,95.8000030517578,0.011237,0.283027708619073,6.26666641235352
1987-01-01,204.937,21.4468203926987,21.5533640700609,172.227058622088,183.623580290016,181998,183761.326,7437.158,15560.842,12162.18,42428.168,33736.636,22854.556,21656.228,27925.558,31.241,12.148,159.981,192.210348850011,178.98949410365,185.599921476847,6365,89.4160003662109,96.9059982299805,0.020223,0.357351956991607,6.21999979019165
1987-04-01,205.468,21.4508116187707,21.5477939225333,172.593911301573,184.183940177392,182533,184203.179,7425.29,15493.363,12078.264,42538.288,34036.584,22962.59,21596.266,28072.534,30.601,12.31,160.976,192.779668487664,179.55522179141,186.167445139554,6435,90.0039978027344,97.5090026855469,0.019618,0.236015577662897,6.65000009536743
1987-07-01,206.145,21.4751233329735,21.5590487664417,173.088146082143,184.876558432408,183002,184600.892,7404.413,15418.631,11997.002,42606.008,34271.992,23174.164,21537.85,28190.832,30.17,12.495,161.986,193.486827577198,180.253257295205,186.87004243622,6493.4,90.1389999389648,98.120002746582,0.019683,0.322367332311842,6.84333324432373
1987-10-01,209.263,21.7530738097563,21.8238578962484,175.635677999347,187.760785355163,183470,184998.612,7383.536,15343.899,11915.741,42673.728,34507.404,23385.736,21479.436,28309.132,31.493,12.562,163.635,196.487305852235,183.092134179312,189.789720015794,6606.8,90.9540023803711,99.120002746582,0.0079918,0.314120309667743,6.91666650772095
1988-01-01,209.722,21.7540190074005,21.8115778904062,175.955227472915,188.261589546748,183969,185396.3345,7362.6595,15269.167,11834.48,42741.452,34742.816,23597.308,21421.02,28427.432,31.738,12.665,163.745,196.993652842137,183.611148530662,190.302400686422,6639.1,91.2149963378906,99.1859970092773,0.0074321,0.367798124213692,6.66333341598511
1988-04-01,212.665,22.0120697809844,22.0563205961073,178.563711358954,191.209825472543,184374,185794.0475,7341.7825,15194.435,11753.218,42809.172,34978.224,23808.882,21362.604,28545.73,32.238,12.841,166.004,199.836041502596,186.311598881629,193.073820192137,6723.5,91.370002746582,100.554000854492,0.013868,0.413183666704839,7.15666675567627
1988-07-01,212.909,21.9916656486302,22.022250796839,178.912541376293,191.73683985141,184830,186179.797,7305.362,15117.591,11692.068,42830.388,35282.48,23978.176,21295.304,28678.428,32.003,13.042,166.325,200.145129057755,186.654029647845,193.399579352827,6759.4,91.6139984130859,100.749000549316,0.014874,0.482360013409618,7.98333311080933
1988-10-01,215.169,22.1791513065976,22.195992792345,180.961524020169,194.083878776074,185244,186565.542,7268.941,15040.746,11630.917,42851.608,35586.736,24147.468,21228.002,28811.124,32.115,13.178,168.253,202.352077698379,188.769833671971,195.560955685204,6848.6,91.8150024414062,101.916999816895,0.0036539,0.324472928489399,8.47000026702881
1989-01-01,217.161,22.3382957718711,22.3413172320549,182.792342419928,196.19621726269,185777,186951.284,7232.52,14963.902,11569.766,42872.824,35890.988,24316.762,21160.7,28943.822,32.349,13.39,169.837,204.310448706475,190.657391719521,197.483920213029,6918.1,91.9690017700195,102.875999450684,0.015225,0.488646964434679,9.44333362579346
1989-04-01,218.4,22.4194860008819,22.4086111955888,183.762218659765,197.383036725381,186181,187337.0335,7196.0995,14887.058,11508.616,42894.04,36195.244,24486.056,21093.4,29076.52,32.91,13.613,170.285,205.563564251221,191.889916799407,198.726740525346,6963.5,92.2760009765625,103.147003173828,0.016865,0.414508347956399,9.72666645050049
1989-07-01,218.647,22.3894098536012,22.3663366687826,183.90081607434,197.674362977125,186598,187800.841,7159.68,14838.432,11489.685,42882.244,36532.696,24627.932,21059.192,29210.98,32.433,13.824,170.89,205.885698536421,192.255680651095,199.070689593791,7013.1,92.609001159668,103.513999938965,0.0087688,0.306653739296593,9.08333301544189
1989-10-01,219.761,22.4480437478365,22.4127293777932,184.771992079948,198.750531181772,187017,188264.649,7123.261,14789.806,11470.754,42870.448,36870.144,24769.808,21024.986,29345.442,33.514,13.892,170.864,207.027144942346,193.388452344477,200.207798643444,7030.9,92.7770004272461,103.498001098633,0.011565,0.299582736261755,8.6133337020874
1990-01-01,219.913,22.4083643655294,22.3607658336195,184.837613728401,198.957627064768,188516,188728.4625,7086.8415,14741.18,11451.823,42858.656,37207.592,24911.686,20990.78,29479.904,32.951,14.419,171.038,207.265391174911,193.679079173879,200.472235174427,7112.1,93.8109970092773,103.603996276855,0.017685,0.516376243309338,8.25
1990-04-01,218.723,22.2324703776827,22.1725929470023,184.130184749673,198.188968597639,188913,189192.27,7050.422,14692.554,11432.892,42846.86,37545.044,25053.562,20956.572,29614.364,32.631,14.568,170.02,206.24089781136,192.79018563492,199.51554172317,7130.3,94.4869995117188,102.986999511719,0.016138,0.502831631795971,8.24333381652832
1990-07-01,218.714,22.1648539600768,22.089246979454,184.414085348774,198.488116576858,189342,189761.614,7000.522,14649.988,11444.518,42843.056,37923.22,25205.048,20942.82,29752.442,33.705,14.784,168.716,206.331779423767,192.943875979403,199.637827701614,7130.8,95.0070037841797,102.196998596191,0.01214,0.382870360567921,8.15999984741211
1990-10-01,218.124,22.0389398138883,21.9476896297187,184.206080272383,198.258550697485,189872,190330.948,6950.622,14607.422,11456.144,42839.248,38301.392,25356.532,20929.068,29890.52,33.436,15.026,168.168,205.876145148412,192.586190486917,199.231167817691,7076.9,94.2239990234375,101.86499786377,0.012333,0.324383305619591,7.74333333969116
1991-01-01,216.471,21.8066927299621,21.6998843150407,183.096226888426,197.05907752209,190271,190900.2845,6900.7215,14564.857,11467.77,42835.44,38679.568,25508.016,20915.314,30028.598,33.391,15.273,166.388,204.41739562742,191.28886064215,197.85312813481,7040.8,94.4219970703125,100.787002563477,0.0048056,0.511948518974833,6.42666673660278
1991-04-01,215.476,21.6419139851688,21.5196315966885,182.509457951829,196.423239825142,190650,191469.6285,6850.8215,14522.291,11479.396,42831.636,39057.744,25659.502,20901.562,30166.676,33.281,15.433,165.371,203.579225526687,190.570439165626,197.074832346179,7086.5,95.7600021362305,100.170997619629,0.014116,0.279020365727689,5.86333322525024
1991-07-01,215.642,21.5918250127578,21.4618901619774,182.904193621435,196.844263674261,191116,192061.65,6847.08,14506.986,11462.802,42758.432,39208.916,26087.464,20889.8,30300.17,33.442,15.496,165.228,203.837120390226,190.876439815923,197.356780103095,7120.7,96.370002746582,100.083999633789,0.016678,0.306966778689002,5.64333343505859
1991-10-01,215.491,21.5104001443611,21.3728290064099,183.029211653138,196.975507176224,191657,192653.6775,6843.3385,14491.682,11446.207,42685.232,39360.088,26515.428,20878.038,30433.664,33.577,15.589,164.939,203.793924522183,190.898854152647,197.346389337434,7154.1,97.072998046875,99.9089965820312,0.015514,0.226898226226041,4.81666660308838
1992-01-01,214.893,21.3849913770538,21.239800307837,182.772859839083,196.696806813435,192067,193245.703,6839.597,14476.378,11429.612,42612.028,39511.264,26943.39,20866.276,30567.158,33.895,15.533,164.035,203.32511935024,190.52050331358,196.922811331927,7228.2,98.8899993896484,99.3610000610352,0.016469,0.261705096314358,4.02333354949951
1992-04-01,215.911,21.4206735355306,21.2678789046788,183.818951329885,197.819906345468,192503,193837.7245,6835.8555,14461.073,11413.018,42538.824,39662.436,27371.352,20854.514,30700.652,33.879,15.565,164.918,204.381843442524,191.569694873038,197.975769157797,7297.9,99.4609985351562,99.8960037231445,0.01817,0.236965194017728,3.76999998092651
1992-07-01,215.868,21.3518997819696,21.1967183481447,183.962911173299,197.97198222335,193018,194423.341,6858.22,14460.701,11379.804,42443.912,39886.912,27696.998,20862.154,30834.64,33.468,15.641,165.158,204.429832897098,191.671541435635,198.050687166381,7369.5,100.449996948242,100.041999816895,0.013349,0.196070076552786,3.25666666030884
1992-10-01,217.113,21.4105545642079,21.2529815223426,185.205861686593,199.306561636904,193621,195008.961,6880.585,14460.328,11346.59,42349,40111.392,28022.644,20869.796,30968.626,33.669,15.717,166.246,205.692170906925,192.910148627334,199.301159767144,7450.7,101.181999206543,100.700996398926,0.015849,0.224641184667092,3.03666663169861
1993-01-01,218.594,21.4920628457264,21.3320942607546,186.652756488516,200.86041912465,194108,195594.569,6902.95,14459.956,11313.375,42254.084,40335.868,28348.288,20877.436,31102.612,33.868,15.841,167.433,207.172337792143,194.351704390812,200.762021091492,7459.7,100.406997680664,101.419998168945,0.0094326,0.337026298470221,3.03999996185303
1993-04-01,221.094,21.6729721274919,21.5106036377488,188.752283149529,203.116724321834,194549,196180.1855,6925.3145,14459.584,11280.161,42159.172,40560.344,28673.934,20885.076,31236.6,34.38,15.974,169.273,209.612228193238,196.692704495214,203.152466344241,7497.5,99.9509963989258,102.533996582031,0.012824,0.238508629455254,3
1993-07-01,221.422,21.6412238846526,21.476378249276,188.996176340521,203.376656990523,195063,196759.4535,6965.1825,14463.767,11227.712,42071.488,40777.952,28992.744,20917.616,31342.992,33.7,16.069,170.061,209.986248286336,197.094277916184,203.540263101275,7536,100.121002197266,103.011001586914,0.012057,0.186730207473488,3.05999994277954
1993-10-01,222.888,21.7205612637468,21.5532283505933,190.210233284025,204.681052819997,195625,197338.717,7005.051,14467.95,11175.262,41983.804,40995.56,29311.552,20950.154,31449.384,33.829,16.12,171.435,211.432616528718,198.501588157966,204.967102343358,7637.4,101.077003479004,103.84400177002,0.014625,0.228875149702304,2.99000000953674
1994-01-01,224.066,21.7714506709372,21.6016206350319,191.177195624859,205.720016638602,196090,197917.98,7044.919,14472.133,11122.812,41896.12,41213.164,29630.362,20982.692,31555.778,33.95,16.151,172.683,212.599521083862,199.64633117017,206.122926127032,7715.1,101.621002197266,104.599998474121,0.0095497,0.262596558800965,3.21333336830139
1994-04-01,227.408,22.0316947126177,21.8593572647053,194.076433002238,208.838397070132,196510,198497.248,7084.787,14476.316,11070.363,41808.436,41430.772,29949.172,21015.232,31662.17,33.997,16.244,175.77,215.814339642592,202.714805695325,209.264572668974,7815.7,101.380996704102,106.470001220703,0.010714,0.181911819559673,3.94000005722046
1994-07-01,229.539,22.1690564497248,21.9950899759829,195.943552159057,210.846004199307,197043,199115.896,7133.853,14487.236,11014.357,41732.208,41644.456,30277.564,21055.282,31770.94,34.048,16.379,177.751,217.875361481959,204.700647521551,211.288004501771,7859.5,100.797996520996,107.669998168945,0.015103,0.277204041206716,4.48666667938232
1994-10-01,230.663,22.2086116614707,22.0330009023025,196.951976214308,211.929474825961,197607,199734.544,7182.919,14498.155,10958.352,41655.976,41858.144,30605.958,21095.332,31879.708,33.858,16.527,178.877,218.976331467898,205.785426622096,212.380879045012,7951.6,101.639999389648,108.351997375488,0.016464,0.201973310502495,5.16666650772095
1995-01-01,232.493,22.3156878207284,22.1384185033479,198.564083818974,213.662407528924,197886,200353.1895,7231.9855,14509.074,10902.346,41579.744,42071.828,30934.352,21135.382,31988.478,34.285,16.69,180.131,220.743977534235,207.497835017824,214.120906276043,7973.7,101.146003723145,109.111999511719,0.014003,0.275120888654982,5.80999994277954
1995-04-01,232.726,22.2692893475684,22.0903469014201,198.939971742139,214.06523875563,198286,200971.8375,7281.0515,14519.994,10846.34,41503.516,42285.512,31262.744,21175.432,32097.248,34.149,16.788,180.405,220.992309268716,207.783208666965,214.387758967853,7988,101.147003173828,109.277000427246,0.009209,0.155825090744855,6.01999998092651
1995-07-01,234.619,22.3810400601369,22.1998919225127,200.735812321588,215.996334800008,198801,201594.914,7335.254,14530.28,10781.838,41438.012,42487.076,31589.14,21242.572,32190.742,34.507,16.774,181.991,222.814410156127,209.549559476051,216.181984816101,8053.1,101.357002258301,110.237998962402,0.013966,0.202822693308804,5.79666662216187
1995-10-01,234.285,22.2803163631044,22.0969452428646,200.626806822229,215.878120319044,199355,202217.989,7389.457,14540.566,10717.336,41372.508,42688.64,31915.536,21309.71,32284.236,34.135,16.788,182.067,222.519315763474,209.326015430764,215.922665597129,8112,102.324996948242,110.285003662109,0.017193,0.20843696436711,5.72000026702881
1996-01-01,233.057,22.0954547464378,21.9098437777372,199.7504411205,214.93456049358,199773,202841.0565,7443.6595,14550.852,10652.833,41307.004,42890.2,32241.93,21376.848,32377.73,33.161,16.753,181.84,221.372813852183,208.302166892176,214.837490372188,8169.2,103.391998291016,110.147003173828,0.022309,0.277764923966288,5.36333322525024
1996-04-01,235.492,22.2579392294774,22.0700713586797,202.014817938396,217.370456639259,200278,203464.133,7497.862,14561.138,10588.331,41241.5,43091.764,32568.326,21443.988,32471.224,34.325,16.726,183.184,223.703726832281,210.551766928566,217.12774688043,8303.1,104.573997497559,110.960998535156,0.020433,0.153755740944433,5.24333333969116
1996-07-01,237.391,22.3634866931236,22.1743721939525,203.823388333984,219.315504115495,200847,204136.8415,7545.3005,14609.391,10590.686,41121.296,43253.096,32909.092,21570.572,32537.408,34.876,16.742,184.453,225.523795131263,212.322753503744,218.923274317509,8372.7,104.876998901367,111.728996276855,0.017159,0.135189052945805,5.3066668510437
1996-10-01,239.834,22.5194204823485,22.3290378507674,206.103026926366,221.767031290805,201463,204809.547,7592.739,14657.644,10593.042,41001.096,43414.424,33249.856,21697.156,32603.59,35.084,16.796,186.648,227.858953218307,214.581005556479,221.219979387398,8470.6,105.111999511719,113.05899810791,0.021203,0.23005552330099,5.27999973297119
1997-01-01,241.359,22.5884193990646,22.3967474919968,207.597487433292,223.373318560571,202389,205482.2495,7640.1775,14705.896,10595.398,40880.892,43575.752,33590.624,21823.738,32669.772,34.48,16.859,188.819,229.320182640023,216.018626678611,222.669404659321,8536.1,104.803001403809,114.374000549316,0.024593,0.276843502331189,5.27666664123535
1997-04-01,242.717,22.6413893022519,22.4484075802397,208.811007342812,224.676961698821,202832,206154.956,7687.616,14754.149,10597.753,40760.688,43737.084,33931.388,21950.322,32735.956,34.645,17.051,189.793,230.620949811175,217.307342008734,223.964145909958,8665.8,106.164001464844,114.963996887207,0.019277,0.0693921741759311,5.52333354949951
1997-07-01,244.131,22.7003595474327,22.5115964485418,210.073835898055,226.033323098211,203364,206817.2935,7731.5035,14821.51,10633.982,40610.028,43859.172,34191.816,22176.81,32792.472,34.845,17.263,190.732,231.973265438765,218.647018122027,225.310141780399,8773.7,107.204002380371,115.532997131348,0.018475,0.149364297447306,5.53333330154419
1997-10-01,245.276,22.7340210097553,22.5494194708025,211.106273724158,227.141461560003,203941,207479.625,7775.391,14888.87,10670.21,40459.368,43981.256,34452.248,22403.296,32848.986,35.077,17.484,191.466,233.06853376324,219.746913389841,226.407723576542,8838.4,107.717002868652,115.976997375488,0.020205,0.141603091646061,5.50666666030884
1998-01-01,246.963,22.8175451774654,22.6370491355701,212.606353147501,228.752435485224,204400,208141.955,7819.278,14956.231,10706.438,40308.704,44103.344,34712.676,22629.784,32905.5,35.379,17.75,192.449,234.677687686973,221.33405247268,228.005870079828,8936.2,108.522003173828,116.572998046875,0.021896,0.109968078244037,5.51999998092651
1998-04-01,247.948,22.8358847997858,22.6594387736003,213.584718346566,229.801983171363,204899,208804.2925,7863.1655,15023.592,10742.667,40158.044,44225.432,34973.104,22856.272,32962.016,35.206,17.907,193.436,235.618979928728,222.294105870372,228.95654289955,8995.3,108.710998535156,117.170997619629,0.020356,0.0722552310339495,5.5
1998-07-01,248.311,22.7987759717655,22.6221054107314,214.027692463511,230.275654435174,205479,209450.347,7887.589,15087.692,10802.986,40009.864,44300.208,35305.82,23046.866,33009.322,35.348,18.044,193.641,235.968799411054,222.698603594915,229.333701502984,9098.9,110.011001586914,117.293998718262,0.018367,0.158090040885611,5.53333330154419
1998-10-01,251.217,22.9946641343981,22.8177388344187,216.663983104984,233.109289628267,206104,210096.4,7912.012,15151.792,10863.304,39861.684,44374.984,35638.536,23237.46,33056.628,35.539,18.258,196.171,238.735297568611,225.386939338347,232.061118453478,9237.1,110.642997741699,118.827003479004,0.017481,0.14990079362218,4.8600001335144
1999-01-01,251.158,22.9187872591878,22.7415774635986,216.744296436847,233.193085768551,206873,210742.457,7936.435,15215.893,10923.623,39713.504,44449.764,35971.248,23428.056,33103.934,35.843,18.242,195.878,238.684633781541,225.418556795028,232.051595288283,9315.5,111.820999145508,118.651000976562,0.015804,0.176166476713291,4.73333358764648
1999-04-01,253.26,23.0399683541204,22.8624446506649,218.677178004814,235.270268776587,207427,211388.5115,7960.8585,15279.993,10983.942,39565.324,44524.54,36303.964,23618.65,33151.24,36.422,18.268,197.298,240.688603984137,227.393286966255,234.040945475194,9392.6,112.06600189209,119.51000213623,0.019966,0.154117443341221,4.746666431427
1999-07-01,254.067,23.0457465947841,22.8696994719717,219.492801243699,236.145647941831,208038,212008.92,7977.349,15339.917,11049.814,39455.828,44532.48,36653.4,23777.3,33222.832,35.925,18.327,198.564,241.463255353989,228.209555815436,234.83640558471,9502.2,112.820999145508,120.277000427246,0.02072,0.150470881196583,5.09333324432373
1999-10-01,255.41,23.0999699751219,22.9253639288968,220.772036604763,237.520047823835,208666,212629.314,7993.839,15399.842,11115.685,39346.328,44540.416,37002.832,23935.95,33294.422,36.316,18.473,199.413,242.749085820846,229.511659975,236.13037289792,9671.1,114.63200378418,120.791000366211,0.017957,0.185262708507338,5.3066668510437
2000-01-01,257.144,23.1891373129241,23.015936640027,222.390254672841,239.259370112607,211576,213249.715,8010.329,15459.766,11181.556,39236.832,44548.352,37352.268,24094.6,33366.012,36.829,18.64,200.352,244.408682361718,231.170193669535,237.789438015623,9695.6,114.224998474121,121.322998046875,0.019497,0.388728319799611,5.67666673660278
2000-04-01,257.539,23.1573863421044,22.9855695440783,222.749775889126,239.646159206178,212242,213870.1235,8026.8195,15519.69,11247.428,39127.336,44556.292,37701.704,24253.25,33437.604,37.498,18.779,200.072,244.797981776763,231.629962772883,238.213972274819,9847.9,116.357002258301,121.263999938965,0.013691,0.186754201891688,6.27333354949951
2000-07-01,257.071,23.041062550154,22.8672255240411,222.362872214256,239.229904197295,212916,214559.249,8032.071,15592.93,11348.93,39090.384,44544.304,38044.04,24408.352,33498.238,37.079,18.881,200.16,244.369435399735,231.317810577303,237.843622988515,9836.6,116.130996704102,121.258003234863,0.0089038,0.22322339067756,6.51999998092651
2000-10-01,256.109,22.8813488464561,22.7055044876548,221.54856000554,238.35382001206,213540,215248.3715,8037.3225,15666.169,11450.432,39053.432,44532.312,38386.38,24563.452,33558.872,37.026,19.03,199.021,243.473718158478,230.564808370657,237.019263264563,9887.7,117.36799621582,120.579002380371,0.010438,0.175944353257961,6.47333335876465
2001-01-01,256.229,22.8190137982045,22.6411745941281,221.670182203642,238.484664074664,214110,215937.499,8042.574,15739.408,11551.935,39016.484,44520.32,38728.72,24718.554,33619.504,37.238,19.157,198.774,243.608969197063,230.789563718138,237.199266457597,9875.6,117.230003356934,120.375999450684,,0.348908714649923,5.59333324432373
2001-04-01,254.354,22.5799716126913,22.4001508055806,220.41736653481,237.136835601484,214732,216626.6265,8047.8255,15812.648,11653.437,38979.532,44508.332,39071.056,24873.656,33680.14,37.48,19.36,196.505,241.849425625724,229.220101188095,235.534763406906,9905.9,118.751998901367,119.083000183105,,0.329991210182754,4.32666683197021
2001-07-01,252.907,22.382023939586,22.2093000528855,219.530628958975,236.182851749168,215420,217299.2115,8054.4045,15871.126,11730.941,38995.704,44425.672,39220.664,25258.22,33742.48,38.138,19.526,194.2,240.498072630406,228.037416793583,234.267744711992,9871.1,119.272003173828,117.649002075195,,0.179290017179568,3.49666666984558
2001-10-01,251.33,22.1738287929866,22.0081576427724,218.526658518843,235.102740760815,216117,217971.7935,8060.9835,15929.604,11808.446,39011.872,44343.012,39370.276,25642.784,33804.816,38.218,19.67,192.164,239.023636145621,226.737586417709,232.880611281663,9910,121.085998535156,116.404998779297,,0.217710959513084,2.13333320617676
2002-01-01,249.732,21.9650670761398,21.806405177763,217.499811457715,233.998016237214,216663,218644.3795,8067.5625,15988.083,11885.95,39028.044,44260.352,39519.888,26027.348,33867.152,38.044,19.843,190.685,237.528986421077,225.417573045962,231.473279733518,9977.3,122.841003417969,115.484001159668,,0.15837685530343,1.73333334922791
2002-04-01,250.728,21.985040321367,21.8333451619658,218.517367303018,235.09276524465,217198,219316.9645,8074.1415,16046.561,11963.454,39044.216,44177.692,39669.496,26411.912,33929.492,38.701,20.063,190.815,238.500875785753,226.437795185856,232.469335485803,10031.6,123.317001342773,115.627998352051,,0.154876609448877,1.75
2002-07-01,250.376,21.8918016310702,21.7478292848006,218.360477880607,234.923981654248,217866,219941.8375,8085.3235,16092.987,12016.141,39059.448,44075.124,39874.824,26721.862,34016.128,38.911,20.175,190.193,238.189316911687,226.238895763045,232.214106337365,10090.7,124.834999084473,115.225997924805,,0.162652613409932,1.74000000953674
2002-10-01,250.781,21.8650918061969,21.7287981697251,218.863824877421,235.465514940373,218548,220566.718,8096.505,16139.413,12068.828,39074.68,43972.56,40080.156,27031.812,34102.764,38.84,20.212,190.569,238.596169990798,226.721025901084,232.658597945941,10095.8,124.747001647949,115.438003540039,,0.240358589021696,1.44333338737488
2003-01-01,249.313,21.6756918631268,21.5470338872364,217.731918414332,234.247753191586,220114,221191.591,8107.687,16185.839,12121.515,39089.908,43869.992,40285.488,27341.762,34189.4,38.527,20.292,189.49,237.218802635302,225.505519362048,231.362160998675,10126,125.828002929688,114.75,,0.336911823213455,1.25
2003-04-01,248.227,21.5204771898544,21.3994118622576,216.924737924866,233.379346654773,220768,221816.464,8118.869,16232.265,12174.202,39105.14,43767.424,40490.816,27651.712,34276.036,38.611,20.176,188.335,236.202275236425,224.62989699184,230.416086114132,10212.7,127.908996582031,114.151000976562,,0.138622628041844,1.24666666984558
2003-07-01,248.897,21.5133575867392,21.3989244339512,217.651883836378,234.161651234433,221507,222488.784,8142.643,16280.371,12210.708,39148.468,43695.848,40691.672,27959.246,34359.828,38.4,20.217,189.035,236.853988867407,225.338177854748,231.096083361077,10398.7,130.675003051758,114.528999328613,,0.224220470088852,1.01666665077209
2003-10-01,249.959,21.5400612865039,21.4322198034644,218.722800576473,235.313802977007,222279,223161.1035,8166.4165,16328.477,12247.214,39191.8,43624.272,40892.528,28266.78,34443.616,38.368,20.335,190.085,237.87602440503,226.39676390032,232.136394152674,10467,130.348999023438,115.138000488281,,0.235225391600068,0.996666669845581
2004-01-01,251.077,21.57141603154,21.4701271000235,219.843964428977,236.520013220802,222357,223833.421,8190.19,16376.583,12283.72,39235.128,43552.7,41093.38,28574.312,34527.408,38.768,20.342,190.675,238.948612293211,227.501500165952,233.22505622958,10543.6,131.13200378418,115.485000610352,,0.40047496797888,1.00333333015442
2004-04-01,251.192,21.5166675163794,21.4218919525628,219.936582352141,236.619657334007,222967,224505.741,8213.964,16424.689,12320.226,39278.456,43481.124,41294.236,28881.846,34611.2,38.724,20.443,190.876,239.063967788284,227.692560986009,233.378264387145,10634.2,132.320999145508,115.680999755859,,0.391246334912694,1.00999999046326
2004-07-01,252.549,21.5645477034419,21.478921793218,221.116616861362,237.889202923534,223677,225217.408,8246.283,16466.248,12334.279,39312.404,43424.22,41509.7,29199.258,34725.016,38.612,20.542,192.256,240.358925591066,229.004937758314,234.681931674689,10728.7,132.729995727539,116.462997436523,,0.224597948383177,1.43333327770233
2004-10-01,253.027,21.5373070849387,21.4607731437185,221.526986646567,238.33070158584,224422,225929.074,8278.602,16507.806,12348.332,39346.352,43367.32,41725.16,29516.67,34838.832,38.592,20.543,192.717,240.815229052174,229.516323393487,235.165776222829,10796.4,133.416000366211,116.732002258301,,0.344159022929574,1.95000004768372
2005-01-01,254.205,21.5696329991666,21.50213432561,222.550160865815,239.431488334258,225041,226640.745,8310.921,16549.365,12362.385,39380.3,43310.416,41940.624,29834.082,34952.652,39.171,20.639,193.147,241.936029072045,230.65916704278,236.297598057411,10878.4,134.345001220703,116.99299621582,,0.366769285298204,2.47333333333333
2005-04-01,255.532,21.614360190192,21.5558398652073,223.846182118621,240.825818762381,225670,227352.412,8343.24,16590.924,12376.438,39414.248,43253.512,42156.088,30151.494,35066.468,38.874,20.731,194.723,243.197245410156,231.934454500663,237.565849955408,10954.1,134.272003173828,118.009002685547,,0.263964780560428,2.94
2005-07-01,256.39,21.6205229276639,21.5691970718876,224.732498220309,241.779366173502,226421,228050.771,8369.092,16622.383,12385.016,39480.844,43204.448,42352.256,30457.46,35179.272,39.099,20.867,195.137,244.010935513412,232.781631707534,238.396283610472,11074.3,135.856002807617,118.205001831055,,0.347684135005579,3.46
2005-10-01,256.865,21.5944500773762,21.5502744023783,225.283803174235,242.372490409812,227204,228749.124,8394.944,16653.842,12393.594,39547.44,43155.384,42548.424,30763.424,35292.072,38.73,20.883,196.044,244.45911724045,233.278808357488,238.868962798969,11107.2,135.526000976562,118.782997131348,,0.349112277660737,3.97333333333333
2006-01-01,258.928,21.7016302670514,21.6645608843222,227.229210282524,244.465465009796,227763,229447.491,8420.797,16685.3,12402.172,39614.04,43106.324,42744.596,31069.39,35404.872,39.233,20.903,197.568,246.417693973356,235.216555461252,240.817124717303,11238.7,136.339004516602,119.668998718262,,0.347839525588398,4.45666666666667
2006-04-01,259.598,21.6917629875543,21.6617574897108,227.87966755384,245.165275904969,228428,230145.85,8446.649,16716.759,12410.75,39680.636,43057.26,42940.764,31375.356,35517.676,39.088,20.963,198.284,247.049760644572,235.887637765331,241.468699204951,11306.7,136.692993164062,120.108001708984,,0.352196659893423,4.9
2006-07-01,260.967,21.7583666106018,21.7421203933421,229.144211677601,246.525754026549,229167,230651.328,8461.454,16723.718,12399.162,39723.576,42932.608,43088.748,31654.822,35667.24,39.303,20.994,199.411,248.346357391128,237.192825920851,242.769591655989,11336.7,136.121002197266,120.806999206543,,0.187348507463014,5.25
2006-10-01,262.083,21.8036305843972,21.8010828006375,230.187200975446,247.647870899786,229905,231156.81,8476.259,16730.676,12387.575,39766.52,42807.96,43236.732,31934.288,35816.8,39.775,21.125,200.002,249.401627419089,238.267466305573,243.834546862331,11395.5,136.514999389648,121.22200012207,,,
2007-01-01,261.564,21.7129721800557,21.7240635642237,229.794317851415,247.225197760411,230834,231662.293,8491.064,16737.635,12375.988,39809.46,42683.312,43384.716,32213.754,35966.364,39.206,21.296,199.791,248.900630552745,237.854983971946,243.377807262346,11412.6,136.835998535156,120.99299621582,,,
2007-04-01,262.508,21.7438912708981,21.7685625880417,230.686840373652,248.185433193787,231480,232167.771,8505.869,16744.594,12364.4,39852.4,42558.66,43532.7,32493.22,36115.928,39.725,21.509,200.046,249.791555530316,238.77245657386,244.282006052088,11520.1,138.117004394531,121.157997131348,,,
2007-07-01,262.276,21.6774779758597,21.715670221711,230.546086752937,248.034013501847,232211,232673.249,8520.674,16751.553,12352.812,39895.34,42434.008,43680.684,32772.686,36265.492,39.784,21.688,199.607,249.563301318599,238.620141969497,244.091721644048,11658.9,140.289993286133,120.944000244141,,,
2007-10-01,262.45,21.6448358790088,21.6964902768215,230.762204712708,248.266535134845,232939,233178.732,8535.479,16758.512,12341.225,39938.28,42309.36,43828.668,33052.152,36415.056,40.18,21.737,199.251,249.721324329055,238.837097452875,244.279210890965,11675.7,140.591003417969,120.727996826172,,,
