"date","rgdp","pgdp","cons","inv","hours","rcomp","ff"
1959-01-01,24.375,20.68,22.641,14.865,60.12,61.686,2.57
1959-04-01,25.016,20.711,23.025,16.121,61.27,62.205,3.08333333333333
1959-07-01,24.997,20.77,23.284,14.989,61.09,62.302,3.57666666666667
1959-10-01,25.085,20.853,23.317,15.491,61.099,62.528,3.99
1960-01-01,25.643,20.903,23.527,17.198,61.476,63.789,3.93333333333333
1960-04-01,25.515,20.995,23.817,15.443,61.585,63.781,3.69666666666667
1960-07-01,25.555,21.093,23.719,15.348,61.236,64.108,2.93666666666667
1960-10-01,25.224,21.186,23.746,13.458,60.667,63.974,2.29666666666667
1961-01-01,25.376,21.21,23.744,13.792,60.327,64.416,2.00333333333333
1961-04-01,25.853,21.249,24.1,14.828,60.186,65.347,1.73333333333333
1961-07-01,26.272,21.305,24.217,16.075,60.54,65.577,1.68333333333333
1961-10-01,26.809,21.36,24.704,16.349,61.309,65.95,2.4
1962-01-01,27.291,21.482,24.968,17.322,61.534,66.76,2.45666666666667
1962-04-01,27.589,21.538,25.271,17.152,62.268,66.945,2.60666666666667
1962-07-01,27.843,21.596,25.477,17.454,62.138,67.217,2.84666666666667
1962-10-01,27.911,21.671,25.84,16.861,61.742,67.686,2.92333333333333
1963-01-01,28.277,21.732,26.013,17.802,62.118,68.124,2.96666666666667
1963-04-01,28.63,21.754,26.263,18.059,62.511,68.351,2.96333333333333
1963-07-01,29.169,21.794,26.62,18.652,62.68,68.631,3.33
1963-10-01,29.396,21.923,26.846,18.889,63.167,69.233,3.45333333333333
1964-01-01,30.055,22.001,27.379,19.659,64.34,68.902,3.46333333333333
1964-04-01,30.404,22.073,27.864,19.573,64.62,69.548,3.49
1964-07-01,30.819,22.18,28.38,20.034,65.034,70.304,3.45666666666667
1964-10-01,30.902,22.282,28.459,20.187,65.665,70.501,3.57666666666667
1965-01-01,31.661,22.38,29.087,22.229,66.691,70.563,3.97333333333333
1965-04-01,32.089,22.479,29.409,22.222,67.352,70.583,4.07666666666667
1965-07-01,32.74,22.578,29.914,23.017,67.511,71.108,4.07333333333333
1965-10-01,33.532,22.717,30.755,23.131,68.15,71.782,4.16666666666667
1966-01-01,34.352,22.857,31.208,25.075,69.134,72.361,4.55666666666667
1966-04-01,34.471,23.071,31.294,24.622,69.812,72.844,4.91333333333333
1966-07-01,34.698,23.293,31.652,24.381,70.139,73.249,5.41
1966-10-01,34.977,23.498,31.783,24.501,69.95,73.642,5.56333333333333
1967-01-01,35.287,23.611,31.97,23.822,69.872,74.404,4.82333333333333
1967-04-01,35.289,23.759,32.398,22.808,69.444,75.18,3.99
1967-07-01,35.569,23.977,32.563,23.465,69.672,75.479,3.89333333333333
1967-10-01,35.838,24.242,32.759,23.971,69.989,75.731,4.17333333333333
1968-01-01,36.576,24.503,33.539,24.498,70.113,77.109,4.78666666666667
1968-04-01,37.197,24.777,34.055,25.486,70.786,77.646,5.98
1968-07-01,37.45,25.017,34.695,24.656,71.281,77.888,5.94333333333333
1968-10-01,37.608,25.367,34.849,24.909,71.721,78.469,5.91666666666667
1969-01-01,38.201,25.622,35.24,26.55,72.393,78.533,6.56666666666667
1969-04-01,38.31,25.966,35.463,26.34,73.063,78.556,8.32666666666667
1969-07-01,38.548,26.345,35.626,26.953,73.413,78.883,8.98333333333333
1969-10-01,38.365,26.678,35.906,25.509,73.19,79.21,8.94
1970-01-01,38.301,27.051,36.122,24.704,72.902,79.41,8.57333333333333
1970-04-01,38.373,27.437,36.29,24.787,71.941,79.625,7.88
1970-07-01,38.714,27.655,36.607,25.207,71.576,80.163,6.70333333333333
1970-10-01,38.299,28.009,36.503,23.735,71.029,79.87,5.56666666666667
1971-01-01,39.361,28.429,37.205,26.827,71.364,80.812,3.85666666666667
1971-04-01,39.583,28.809,37.548,27.65,71.594,81.332,4.56333333333333
1971-07-01,39.897,29.097,37.847,28.02,71.595,81.688,5.47333333333333
1971-10-01,40.011,29.329,38.479,27.156,72.361,81.724,4.75
1972-01-01,40.722,29.814,38.989,29.065,73.243,83.038,3.54
1972-04-01,41.684,29.989,39.726,30.85,73.768,83.587,4.3
1972-07-01,42.081,30.264,40.336,31.282,74.183,84.089,4.74
1972-10-01,42.77,30.62,41.276,31.434,74.958,84.945,5.14333333333333
1973-01-01,43.856,31.025,42.021,33.441,76.09,85.846,6.53666666666667
1973-04-01,44.363,31.542,41.999,34.997,76.886,85.4,7.81666666666667
1973-07-01,44.127,32.147,42.149,33.628,77.405,85.37,10.56
1973-10-01,44.548,32.703,42.024,34.931,77.79,85.08,9.99666666666667
1974-01-01,44.162,33.371,41.662,32.668,77.458,84.595,9.32333333333333
1974-04-01,44.29,34.11,41.829,32.538,77.661,84.562,11.25
1974-07-01,43.861,35.164,42.016,30.715,77.391,84.604,12.09
1974-10-01,43.689,36.24,41.41,30.994,76.112,84.19,9.34666666666667
1975-01-01,43.166,37.077,41.764,25.571,73.724,84.741,6.30333333333333
1975-04-01,43.482,37.622,42.445,24.645,73.044,85.417,5.42
1975-07-01,44.218,38.324,43.048,26.73,73.712,85.247,6.16
1975-10-01,44.798,39.005,43.496,27.499,74.977,85.239,5.41333333333333
1976-01-01,45.806,39.443,44.362,30.334,76.218,86.13,4.82666666666667
1976-04-01,46.148,39.866,44.757,31.65,76.244,87.151,5.19666666666667
1976-07-01,46.369,40.405,45.225,31.694,76.548,87.667,5.28333333333333
1976-10-01,46.701,41.096,45.82,31.871,76.958,88.246,4.87333333333333
1977-01-01,47.265,41.781,46.363,33.474,77.777,88.169,4.66
1977-04-01,48.193,42.452,46.614,36.04,79.261,88.376,5.15666666666667
1977-07-01,49.056,43.036,47.058,38.019,80.109,88.888,5.82
1977-10-01,49.051,43.762,47.765,36.988,80.892,89.198,6.51333333333333
1978-01-01,49.209,44.493,48.036,37.687,81.265,90.372,6.75666666666667
1978-04-01,51.148,45.35,49.061,40.293,83.642,89.955,7.28333333333333
1978-07-01,51.652,46.133,49.275,41.524,84.346,90.058,8.1
1978-10-01,52.332,47.074,49.675,42.442,85.369,90.417,9.58333333333333
1979-01-01,52.434,47.929,49.935,42.474,85.975,90.836,10.0733333333333
1979-04-01,52.484,49.092,49.916,42.356,86.324,90.364,10.18
1979-07-01,52.862,50.102,50.41,41.521,87.047,89.964,10.9466666666667
1979-10-01,53.017,51.088,50.555,40.752,87.217,89.969,13.5766666666667
1980-01-01,53.186,52.209,50.475,40.43,87.01,89.763,15.0466666666667
1980-04-01,52.113,53.362,49.349,36.8,85.492,89.91,12.6866666666667
1980-07-01,52.026,54.572,49.886,34.011,85.1,90.111,9.83666666666667
1980-10-01,52.991,56.105,50.55,37.487,86.15,90.362,15.8533333333333
1981-01-01,54.065,57.566,50.766,41.259,86.625,90.245,16.57
1981-04-01,53.643,58.582,50.778,39.312,86.656,90.193,17.78
1981-07-01,54.292,59.661,50.979,41.759,86.626,90.386,17.5766666666667
1981-10-01,53.615,60.704,50.594,40.13,86.292,90.117,13.5866666666667
1982-01-01,52.736,61.563,50.927,35.936,84.903,91.275,14.2266666666667
1982-04-01,53.019,62.33,51.107,35.895,85.232,91.072,14.5133333333333
1982-07-01,52.819,63.193,51.501,35.484,84.628,90.938,11.0066666666667
1982-10-01,52.866,63.866,52.436,32.357,83.863,91.128,9.28666666666667
1983-01-01,53.518,64.413,52.95,33.497,84.354,91.444,8.65333333333333
1983-04-01,54.725,64.881,54.003,36.746,85.296,91.164,8.80333333333333
1983-07-01,55.805,65.542,54.962,39.191,86.974,90.786,9.46
1983-10-01,56.947,66.02,55.829,43.254,88.601,90.919,9.43
1984-01-01,58.061,66.838,56.31,47.832,90.301,90.801,9.68666666666667
1984-04-01,59.06,67.439,57.117,49.437,91.5,90.871,10.5566666666667
1984-07-01,59.634,67.989,57.558,50.607,91.919,91.417,11.39
1984-10-01,60.124,68.392,58.317,49.805,92.526,91.321,9.26666666666667
1985-01-01,60.68,69.18,59.297,48.123,93.283,91.651,8.47666666666667
1985-04-01,61.198,69.542,59.836,48.966,93.887,91.574,7.92333333333333
1985-07-01,62.155,69.876,60.971,48.431,94.142,92.262,7.9
1985-10-01,62.632,70.299,61.109,50.332,94.587,92.983,8.10333333333333
1986-01-01,63.231,70.66,61.619,50.221,94.452,93.758,7.82666666666667
1986-04-01,63.482,71.001,62.272,49.104,94.23,95.058,6.92
1986-07-01,64.09,71.455,63.352,47.562,94.706,95.436,6.20666666666667
1986-10-01,64.413,71.96,63.755,47.631,95.425,96.394,6.26666666666667
1987-01-01,64.837,72.514,63.783,49.096,96.568,95.437,6.22
1987-04-01,65.55,72.904,64.655,49.164,97.119,95.356,6.65
1987-07-01,66.145,73.45,65.381,49.212,97.797,95.433,6.84333333333333
1987-10-01,67.3,73.948,65.541,53.049,98.806,95.815,6.91666666666667
1988-01-01,67.629,74.564,66.632,50.059,98.894,96.66,6.66333333333333
1988-04-01,68.489,75.296,67.109,51.277,100.308,96.72,7.15666666666667
1988-07-01,68.854,76.178,67.669,51.607,100.582,96.78,7.98333333333333
1988-10-01,69.763,76.786,68.463,52.293,101.698,96.467,8.47
1989-01-01,70.471,77.588,68.718,54.295,102.698,95.841,9.44333333333333
1989-04-01,70.933,78.342,69.042,53.664,103.108,94.645,9.72666666666667
1989-07-01,71.439,78.913,69.699,53.034,103.34,94.711,9.08333333333333
1989-10-01,71.62,79.433,70.018,52.484,103.354,95.129,8.61333333333333
1990-01-01,72.447,80.389,70.587,53.009,103.599,95.429,8.25
1990-04-01,72.632,81.326,70.822,53.015,103.061,96.59,8.24333333333333
1990-07-01,72.637,82.053,71.113,51.766,102.371,96.475,8.16
1990-10-01,72.088,82.689,70.604,48.505,101.866,95.812,7.74333333333333
1991-01-01,71.721,83.662,70.304,46.516,100.793,96.085,6.42666666666667
1991-04-01,72.186,84.194,70.918,46.298,100.169,97.434,5.86333333333333
1991-07-01,72.535,84.772,71.225,47.45,100.048,97.897,5.64333333333333
1991-10-01,72.875,85.2,71.163,49.248,99.924,98.254,4.81666666666667
1992-01-01,73.63,85.766,72.336,48.161,99.439,99.568,4.02333333333333
1992-04-01,74.34,86.212,72.752,51.324,99.838,99.695,3.77
1992-07-01,75.069,86.587,73.476,51.869,100.024,100.566,3.25666666666667
1992-10-01,75.896,87.042,74.33,53.538,100.7,100.164,3.03666666666667
1993-01-01,75.988,87.729,74.596,54.76,101.571,99.837,3.04
1993-04-01,76.373,88.204,75.257,55.189,102.771,99.502,3
1993-07-01,76.765,88.599,76.079,55.19,103.249,99.489,3.06
1993-10-01,77.798,89.03,76.757,58.042,104.095,99.194,2.99
1994-01-01,78.589,89.598,77.608,60.538,104.51,100.043,3.21333333333333
1994-04-01,79.614,89.98,78.167,64.074,106.28,99.298,3.94
1994-07-01,80.06,90.525,78.727,62.946,107.549,98.461,4.48666666666667
1994-10-01,80.999,90.958,79.514,65.873,108.196,98.572,5.16666666666667
1995-01-01,81.224,91.554,79.64,66.528,108.932,98.744,5.81
1995-04-01,81.369,91.891,80.299,64.752,108.994,98.542,6.02
1995-07-01,82.032,92.281,80.999,64.137,110.122,98.682,5.79666666666667
1995-10-01,82.632,92.734,81.552,65.944,110.23,99.147,5.72
1996-01-01,83.215,93.302,82.271,66.855,110.055,99.356,5.36333333333333
1996-04-01,84.579,93.615,83.167,70.298,110.966,99.449,5.24333333333333
1996-07-01,85.288,94.064,83.697,73.804,111.833,99.657,5.30666666666667
1996-10-01,86.285,94.455,84.394,73.533,113.213,99.288,5.28
1997-01-01,86.952,94.963,85.306,75.077,114.487,99.354,5.27666666666667
1997-04-01,88.274,95.291,85.703,80.073,115.121,99.906,5.52333333333333
1997-07-01,89.373,95.541,87.11,81.679,115.767,100.421,5.53333333333333
1997-10-01,90.032,95.864,88.011,83.017,116.34,101.644,5.50666666666667
1998-01-01,91.028,96.096,88.982,87.345,117.008,103.418,5.52
1998-04-01,91.63,96.284,90.395,85.955,117.509,104.533,5.5
1998-07-01,92.685,96.62,91.487,87.919,117.696,105.772,5.53333333333333
1998-10-01,94.093,96.901,92.721,90.065,119.326,105.874,4.86
1999-01-01,94.892,97.274,93.648,92.577,119.361,107.433,4.73333333333333
1999-04-01,95.677,97.701,95.108,92.646,120.187,107.082,4.74666666666667
1999-07-01,96.794,98.022,96.103,94.923,120.997,107.175,5.09333333333333
1999-10-01,98.514,98.475,97.291,98.442,121.382,108.561,5.30666666666667
2000-01-01,98.764,99.292,98.841,96.691,121.879,111.345,5.67666666666667
2000-04-01,100.315,99.78,99.465,103.06,121.931,110.783,6.27333333333333
2000-07-01,100.2,100.241,100.424,100.411,121.907,111.938,6.52
2000-10-01,100.721,100.687,101.27,99.838,121.412,111.8,6.47333333333333
2001-01-01,100.597,101.507,101.687,96.245,121.205,112.565,5.59333333333333
2001-04-01,100.906,102.29,101.942,94.35,119.927,112.442,4.32666666666667
2001-07-01,100.551,102.69,102.391,91.768,118.516,112.737,3.49666666666667
2001-10-01,100.948,103.122,104.128,86.051,117.142,113.691,2.13333333333333
2002-01-01,101.633,103.553,104.494,88.835,116.126,115.079,1.73333333333333
2002-04-01,102.186,103.944,105.106,89.255,116.34,115.38,1.75
2002-07-01,102.788,104.347,105.695,90.517,115.988,115.357,1.74
2002-10-01,102.84,104.926,106.066,90.29,116.133,114.626,1.44333333333333
2003-01-01,103.148,105.742,106.611,89.993,115.465,115.065,1.25
2003-04-01,104.031,106.076,107.566,90.718,115.13,117.107,1.24666666666667
2003-07-01,105.926,106.616,109.103,94.483,115.304,117.762,1.01666666666667
2003-10-01,106.621,107.204,109.718,96.604,115.863,118.333,0.996666666666667
2004-01-01,107.402,108.18,110.917,97.109,116.373,117.286,1.00333333333333
2004-04-01,108.325,109.185,111.59,101.776,116.452,117.886,1.01
2004-07-01,109.287,109.807,112.555,103.748,117.102,118.728,1.43333333333333
2004-10-01,109.977,110.677,113.724,105.377,117.865,118.909,1.95
2005-01-01,110.786,111.778,114.217,107.702,118.12,119.073,2.47
2005-04-01,111.502,112.357,115.239,106.298,118.775,118.921,2.94333333333333
2005-07-01,112.56,113.487,116.303,107.337,119.014,118.851,3.46
2005-10-01,112.928,114.536,116.701,110.477,119.841,118.775,3.98
2006-01-01,114.264,115.536,117.925,112.15,121.011,119.55,4.45666666666667
2006-04-01,115.022,116.317,118.737,112.032,121.145,118.869,4.90666666666667
2006-07-01,115.25,117.109,119.393,110.504,121.726,118.359,5.24666666666667
2006-10-01,115.681,117.742,120.485,106.115,122.292,121.42,5.24666666666667
2007-01-01,115.696,118.935,121.631,103.483,122.218,121.572,5.25666666666667
2007-04-01,117.056,119.531,122.226,105.04,122.5,120.602,5.25
2007-07-01,118.425,119.984,122.838,105.95,122.043,121.074,5.07333333333333
2007-10-01,118.374,120.826,123.13,102.639,121.979,120.918,4.49666666666667
2008-01-01,118.631,121.613,123.395,101.11,121.465,120.75,3.17666666666667
2008-04-01,119.46,121.951,123.77,98.071,120.931,119.778,2.08666666666667
2008-07-01,119.308,123.134,122.572,98.169,119.719,119.5,1.94
2008-10-01,117.369,123.302,121.235,91.961,117.146,123.993,0.506666666666667
