"date","target","path"
1994-02-04,0.0696208,0.3532481
1994-03-22,-0.0314349,-0.0864722
1994-04-18,0.0942402,0.1394461
1994-05-17,0.0567439,-0.2823678
1994-07-06,0.0155297,0.0516473
1994-08-16,0.0941661,-0.0818876
1994-09-27,-0.0452184,0.0839572
1994-11-15,0.0911463,-0.0128622
1994-12-20,-0.1441265,0.3080669
1995-02-01,0.0705904,0.1043223
1995-03-28,0.0483641,0.0400833
1995-05-23,0.015352,-0.0056843
1995-07-06,-0.096697,-0.6088464
1995-08-22,0.0403645,0.143562
1995-09-26,0.0482363,0.157487
1995-11-15,0.0318553,0.0613981
1995-12-19,-0.0676993,0.0330885
1996-01-31,-0.0072106,-0.0465359
1996-03-26,0.0090018,0.0575181
1996-05-21,0.0221071,0.0553671
1996-07-03,-0.0327924,0.0523636
1996-08-20,0.0027403,0.0693153
1996-09-24,-0.1103861,-0.0465934
1996-11-13,0.0105752,-0.0401891
1996-12-17,0.0234623,-0.0115544
1997-02-05,-0.0099201,0.1176086
1997-03-25,0.0583072,0.1591804
1997-05-20,-0.087018,-0.0127704
1997-07-02,0.0085429,0.0276496
1997-08-19,0.0204204,0.0487136
1997-09-30,0.0150078,0.0098496
1997-11-12,-0.0033123,-0.0490918
1997-12-16,0.0112756,-0.0088665
1998-02-04,0.0133789,0.0775548
1998-03-31,0.0045304,0.0336047
1998-05-19,-0.0032044,-0.0032167
1998-07-01,0.0302271,0.0092257
1998-08-18,0.0235965,-0.0101242
1998-09-29,0.0858769,-0.0502272
1998-10-15,-0.2425016,-0.4399287
1998-11-17,0.0102958,0.0113958
1998-12-22,0.0224122,-0.0042517
1999-02-03,0.0208948,0.033278
1999-03-30,0.0083347,-0.0633833
1999-05-18,0.0033158,0.4730575
1999-06-30,-0.0301823,-0.2540266
1999-08-24,0.0484488,-0.0702707
1999-10-05,-0.0287495,0.3589997
1999-11-16,0.1116737,0.0941299
1999-12-21,0.0184591,0.1358195
2000-02-02,-0.0231486,0.1101576
2000-03-21,0.0217626,0.0285205
2000-05-16,0.0670911,0.0923531
2000-06-28,-0.0080694,-0.0414025
2000-08-22,0.0028315,0.1115295
2000-10-03,0.0086647,0.1814125
2000-11-15,0.0217848,0.0316566
2000-12-19,0.0658492,-0.0331161
2001-01-03,-0.3135501,0.1837585
2001-01-31,0.0740406,-0.1619834
2001-03-20,-0.0372195,-0.2048902
2001-04-18,-0.4802505,-0.2594393
2001-05-15,-0.092893,-0.2729073
2001-06-27,0.1082667,0.0759044
2001-08-21,0.0201756,-0.1406047
2001-09-17,-0.2702657,1.180247
2001-10-02,-0.0250509,-0.1113346
2001-11-06,-0.1313213,-0.2964334
2001-12-11,0.0105249,-0.2693001
2002-01-30,0.0347719,0.0605005
2002-03-19,-0.0108245,-0.1823561
2002-05-07,0.0274999,-0.1632996
2002-06-26,0.0178692,0.033222
2002-08-13,0.0698767,-0.5241402
2002-09-24,0.030286,-0.0747582
2002-11-06,-0.1610076,0.0249261
2002-12-10,0.0132527,0.1005672
2003-01-29,0.0293922,0.15786
2003-03-18,0.0202391,-0.0300652
2003-05-06,0.0402987,-0.3829556
2003-06-25,0.133025,0.2107086
2003-08-12,0.0296441,-0.1696834
2003-09-16,0.0264197,-0.0134166
2003-10-28,0.0304443,-0.3541003
2003-12-09,-0.0041436,0.1964831
2004-01-28,-0.0139521,0.6147554
2004-03-16,0.0323145,-0.2558162
2004-05-04,0.0034751,0.067993
2004-06-30,-0.0031635,-0.0328184
2004-08-10,0.0377198,0.1159893
2004-09-21,0.0184314,-0.0418269
2004-11-10,0.0236046,-0.1107119
2004-12-14,0.0103376,-0.0297538
2005-02-02,0.0087367,-0.0363341
2005-03-22,0.0103895,0.2979955
2005-05-03,0.0109082,0.099175
2005-06-30,0.0172058,0.1621176
2005-08-09,0.0231204,-0.0749794
2005-09-20,0.0662824,-0.0246122
2005-11-01,0.0140217,0.0522695
2005-12-13,0.0131177,-0.0606435
2006-01-31,0.0289422,0.1000024
2006-03-28,0.0277809,0.1826968
2006-05-10,0.0277773,0.1880029
2006-06-29,-0.0030901,-0.0867029
2006-08-08,-0.0163074,-0.0309034
2006-09-20,0.0044793,0.1023347
2006-10-25,0.0178294,-0.0203446
2006-12-12,0.0250671,-0.1384857
2007-01-31,0.014871,-0.0189184
2007-03-21,0.0195312,-0.3241869
2007-05-09,0.0071975,0.1808632
2007-06-28,0.0119482,0.0658686
2007-08-07,0.0234936,-0.1112795
2007-08-10,0.0404994,0.0596728
2007-08-17,0.0556043,-0.1440346
2007-09-18,-0.1879085,-0.2031292
2007-10-31,0.0118708,0.2935646
2007-12-11,0.0836556,-0.028209
2008-01-22,-0.4169348,0.4997706
2008-01-30,-0.1047583,-0.0951331
2008-03-11,0.0658261,0.2329341
2008-03-18,0.1218839,-0.1012957
2008-04-30,-0.0652896,-0.0925784
2008-06-25,0.0104487,-0.0409972
2008-08-05,0.007827,-0.0651712
2008-09-16,0.1556708,0.0043298
2008-10-08,-0.0711639,0.1121812
2008-10-29,-0.0350755,-0.1552112
2008-11-25,0.0158909,-0.3609096
2008-12-01,-0.0010784,0.1349641
2008-12-16,-0.1569706,-0.6575348
2009-01-28,0.0173077,-0.0324066
2009-03-18,0.0167477,-0.1645647
2009-04-29,0.0165387,0.0800849
2009-06-24,0.0095102,0.1993545
2009-08-12,0.0187073,-0.0474362
2009-09-23,0.0193786,-0.3563714
2009-11-04,0.0096406,-0.052976
2009-12-16,-0.006905,0.0879628
2010-01-27,0.0054343,0.1409913
2010-03-16,0.0151009,-0.1211601
2010-04-28,0.0108066,-0.0216235
2010-06-23,0.0185848,0.0267605
2010-08-10,0.0195258,-0.092906
2010-09-21,0.0203986,-0.0230135
2010-11-03,0.0274782,-0.0225302
2010-12-14,0.0176925,-0.0008643
2011-01-26,0.0149333,-0.028833
2011-03-15,0.0122865,0.0503446
2011-04-27,0.0087036,-0.0323087
2011-06-22,0.0143313,0.0408975
2011-08-09,0.0393044,-0.1382424
2011-09-21,0.0304809,0.1821966
2011-11-02,0.0149087,0.0495453
2011-12-13,0.0183653,0.038395
2012-01-25,0.01588,-0.0654838
2012-03-13,0.0128639,0.0589924
2012-04-25,0.0078165,0.0212912
2012-06-20,0.0224199,0.0631021
2012-08-01,0.0168825,0.0676199
2012-09-13,0.0287422,0.041027
2012-10-24,0.0106623,0.0197986
2012-12-12,0.0195204,-0.0135582
2013-01-30,0.0150923,0.005657
2013-03-20,0.0170783,0.020269
2013-05-01,0.0258511,0.0121241
2013-06-19,0.0143937,0.0309829
2013-07-31,0.0156752,0.0201553
2013-09-18,0.0144693,-0.0491283
2013-10-30,0.0084036,0.0317963
2013-12-18,0.0174166,0.004745
2014-01-29,0.024896,-0.0035832
2014-03-19,0.0106943,0.0882687
2014-04-30,0.0162251,0.0172305
2014-06-18,0.0137796,0.0521162
2014-07-30,0.018872,-0.0156489
2014-09-17,0.0106943,0.0882687
2014-10-29,0.0112009,0.1213728
2014-12-17,0.0254485,-0.2441932
2015-01-28,0.0180307,-0.0163883
2015-03-18,0.0144329,-0.2413266
2015-04-29,0.0185279,-0.0001184
2015-06-17,0.0104082,-0.1290129
2015-07-29,0.0130962,-0.0150742
2015-09-17,-0.0464028,-0.0881175
2015-10-28,0.0226055,0.1558525
2015-12-16,0.031422,0.0375081
2016-01-27,0.0036149,-0.0664197
2016-03-16,-0.0083405,-0.275231
2016-04-27,0.0154975,0.0500114
2016-06-15,0.0030806,-0.1156178
2016-07-27,0.015053,0.0258765
2016-09-21,-0.0257295,-0.017346
2016-11-02,0.014986,0.0209614
2016-12-14,0.0055055,0.1865458
2017-02-01,0.0133067,-0.0556984
2017-03-15,0.0229333,-0.1882152
2017-05-03,0.0217679,0.055187
2017-06-14,0.0311419,0.0456337
2017-07-26,0.0122603,-0.018132
2017-09-20,0.0093045,0.1801457
2017-11-01,0.0157815,0.0185926
2017-12-13,0.0209275,-0.0196138
2018-01-31,0.0193039,0.0253236
2018-03-21,0.0110609,0.010256
2018-05-02,0.0171775,-0.0194268
2018-06-13,0.0057576,0.1045381
2018-08-01,0.0201937,-0.0095454
2018-09-26,0.0294437,-0.0271467
2018-11-08,0.0147063,0.042771
2018-12-19,0.0475341,0.024966
