"date","gz_spread","ebp","est_prob"
1973-01-01,1.13077140534291,-0.046854494,0.184969120884747
1973-02-01,1.07549327612544,-0.057080565,0.181574636840908
1973-03-01,1.02996784168364,-0.1490742,0.152810691368643
1973-04-01,0.982745810360477,-0.209660234,0.135614131616332
1973-05-01,1.04649351175184,-0.083057876,0.173128347045118
1973-06-01,1.18592577596418,0.036388482,0.214045483890631
1973-07-01,0.981054973957719,-0.347911383,0.10147831758187
1973-08-01,0.977760505084072,-0.214222233,0.134375187936058
1973-09-01,0.818823678116965,-0.353277526,0.100292715688681
1973-10-01,1.2732502541717,0.118911034992847,0.245336947
1973-11-01,1.35374495582243,0.052347039,0.219909023302972
1973-12-01,1.29596941684796,-0.007461433,0.198410250597546
1974-01-01,1.17842102325423,-0.037605212,0.188073091361963
1974-02-01,1.3067144792396,0.164428230779356,0.263595059364511
1974-03-01,1.220038714401,-0.100170344,0.167703407295678
1974-04-01,1.25396985761138,0.093221472,0.23534040484335
1974-05-01,1.30123859776171,0.100500130413154,0.238149698921906
1974-06-01,1.90178772058352,0.757835466978346,0.543785839189543
1974-07-01,2.56869691554714,1.26187915197932,0.77049283853322
1974-08-01,2.12642437220765,0.944914151795466,0.634572283
1974-09-01,2.3819024911508,0.99718630188054,0.658867270838399
1974-10-01,2.55247951034978,1.10801066806492,0.708154360501402
1974-11-01,2.35685381155615,1.090203367,0.700460782569625
1974-12-01,2.66121247797988,1.21982766792695,0.754232613527027
1975-01-01,1.73377133338065,0.389191021777804,0.362737394433275
1975-02-01,1.64952636835829,0.413641354130112,0.374269234450067
1975-03-01,1.89612504160291,0.601840021931278,0.466069312180156
1975-04-01,1.55671233082184,0.234277560338318,0.292901353577053
1975-05-01,1.60692125445359,0.361022528091623,0.349605190576494
1975-06-01,1.46192220747054,0.25581401337153,0.30223293460339
1975-07-01,1.48848245801779,0.386809473831865,0.361620584949651
1975-08-01,1.30084792881323,0.128087902402285,0.248962481982169
1975-09-01,1.41866853113428,0.304557051830606,0.323829146036282
1975-10-01,1.3607284327062,0.112058744530191,0.242648409201966
1975-11-01,1.32982315403985,0.183892803579068,0.271609181868863
1975-12-01,1.25417863356351,-0.040613875,0.187059902721242
1976-01-01,0.99799088781319,-0.16433289,0.148349216
1976-02-01,1.06173398915985,-0.082967037,0.173157439600558
1976-03-01,1.0111205812711,-0.124098529,0.160303435088776
1976-04-01,1.05210765185058,-0.066338803,0.178535276067351
1976-05-01,1.02373514200873,-0.126947028,0.159436949706332
1976-06-01,1.01977888323028,-0.05104563,0.183573156774821
1976-07-01,0.983709991289718,-0.089370767,0.171114179581183
1976-08-01,0.912064855164886,-0.169860206,0.146754804458224
1976-09-01,0.855053264003293,-0.20648211,0.136481854545655
1976-10-01,0.92191189416999,-0.144363589,0.154205815045139
1976-11-01,0.855586724999326,-0.374387137,0.095726828
1976-12-01,1.10833371273702,-0.046175538,0.185195883563378
1977-01-01,0.987719859464867,-0.340722709,0.103082543706641
1977-02-01,0.937901626161683,-0.208552448,0.13591616
1977-03-01,0.923195767870169,-0.175896298,0.145026810314361
1977-04-01,0.86336162146229,-0.245367478,0.126124538267195
1977-05-01,0.809984973927647,-0.24724882,0.125637718469363
1977-06-01,0.851287190563721,-0.260433453,0.122262819406233
1977-07-01,0.876782219111748,-0.177067999,0.144692973032658
1977-08-01,0.925136135088826,-0.187165264,0.141837549502943
1977-09-01,0.944981160550596,-0.135143815,0.156960706424852
1977-10-01,0.931009584198633,-0.150406837,0.152417533174691
1977-11-01,0.933980170974139,-0.133794654,0.15736653810445
1977-12-01,0.785304947087584,-0.336935578,0.103935051967408
1978-01-01,0.75870303752515,-0.333686624,0.10467047802954
1978-02-01,0.71413172717664,-0.338066111,0.103680027799262
1978-03-01,0.719863738601585,-0.336031382,0.10413934646733
1978-04-01,0.7353117681645,-0.283920176,0.116409589
1978-05-01,0.777671426905293,-0.244718844,0.126292684667193
1978-06-01,0.622200718280737,-0.457354145,0.079259198
1978-07-01,0.618708569017085,-0.370108195,0.096639759
1978-08-01,0.598137377749066,-0.393902485,0.091643524453272
1978-09-01,0.638101509906519,-0.316729293,0.108570112510149
1978-10-01,0.564149798735933,-0.491814999,0.073087134
1978-11-01,0.675944897042394,-0.232285976,0.12954589584605
1978-12-01,0.653254110410558,-0.374785704,0.095642117
1979-01-01,0.702604369,-0.247505626,0.125571368776205
1979-02-01,0.667188711538674,-0.308965802,0.11038992360548
1979-03-01,0.658788911,-0.1655013,0.148011214124003
1979-04-01,0.668796687818722,-0.202185523,0.137660977302497
1979-05-01,0.721791394055855,-0.236033124,0.128559354952882
1979-06-01,0.766056184848749,-0.143755828,0.154386424909785
1979-07-01,0.671190713725795,-0.234271673,0.129022454432754
1979-08-01,0.60169686297277,-0.316260087,0.108679480881839
1979-09-01,0.758959270591718,-0.076660946,0.175184665954345
1979-10-01,0.809701621092025,-0.634044535,0.051435731
1979-11-01,0.92683551304979,0.014599273,0.206188392117152
1979-12-01,0.938654319485464,0.22788783643088,0.290158679606416
1980-01-01,0.876308983301758,-0.006440319,0.198766319363667
1980-02-01,1.01606790622412,-0.308342767,0.110536909432285
1980-03-01,1.0779462855935,0.36388084140615,0.350929877943192
1980-04-01,1.3063213721386,-0.325356733,0.106573216142889
1980-05-01,1.19795300406505,0.144207514082632,0.255399302446352
1980-06-01,1.20419209175286,0.0172548,0.20713671282832
1980-07-01,1.21448448537605,0.234345867814934,0.292930738225391
1980-08-01,1.07314754219089,0.095149232,0.236082663616684
1980-09-01,1.07903685150859,0.06451232,0.224440082245626
1980-10-01,0.9475109,-0.09639973,0.16888925216243
1980-11-01,1.04842994357975,0.375884758947674,0.356512742547406
1980-12-01,1.2014379643835,0.166866430195458,0.264592286886478
1981-01-01,1.14893163956026,0.450356158242757,0.391795824930919
1981-02-01,0.998255808897985,0.210552320793069,0.28277898160266
1981-03-01,0.999196963373285,0.073809696,0.227938394994033
1981-04-01,1.18861842224665,0.57839213546741,0.454426764523001
1981-05-01,1.25147097154434,0.411612432924164,0.373307850916773
1981-06-01,1.17959675208293,0.501026690667871,0.416342538700492
1981-07-01,1.17394569955861,0.483039194481982,0.40758596203473
1981-08-01,1.082594681,0.326990755252485,0.333977614194766
1981-09-01,1.23156453396426,0.456728217841317,0.394861280785975
1981-10-01,1.33232189539555,0.574228472433996,0.452363183987805
1981-11-01,1.49752393599452,0.254724716935277,0.301757761
1981-12-01,1.47935581746274,0.579844485427205,0.455146865638224
1982-01-01,1.48522020765804,0.772545752445002,0.551074609929235
1982-02-01,1.48461508337831,0.554224125915031,0.442467603
1982-03-01,1.66441668996559,0.98138254156136,0.651585735677785
1982-04-01,1.67583937234139,0.871897399,0.599731865626788
1982-05-01,1.54960455168764,0.796882422749249,0.563094222300243
1982-06-01,1.59437580814937,0.779002725818984,0.554268675285024
1982-07-01,1.66823573092601,0.710324488662062,0.520156312180962
1982-08-01,1.74389442727514,-0.008538103,0.198035226276999
1982-09-01,1.6815517600909,0.509811265058148,0.420634424609086
1982-10-01,1.81460403245357,0.243196486041513,0.296749631920048
1982-11-01,1.60231453847238,0.532081608858391,0.431556286060741
1982-12-01,1.62050100212477,0.684242767104854,0.507149049426203
1983-01-01,1.29426690104334,0.299720274162983,0.321657834873719
1983-02-01,1.36658502738685,0.25337918109642,0.301171273613975
1983-03-01,1.05401974268261,0.1776152400187,0.269011328776688
1983-04-01,0.997854657533045,0.091242636,0.234579822013554
1983-05-01,0.926888746254032,-0.099762022,0.167831563356647
1983-06-01,0.912963699637857,0.06244506,0.223666397997199
1983-07-01,0.920340144251432,-0.100370179,0.167640709827488
1983-08-01,0.854996527681998,-0.166837756,0.147625231572619
1983-09-01,0.943199646087572,-0.068752038,0.177748337056132
1983-10-01,0.872957164526413,-0.091191111,0.170536182272249
1983-11-01,0.946467429435038,0.032037437,0.212462739629596
1983-12-01,0.966272853190734,0.086189222,0.232643681286583
1984-01-01,0.924585853147485,0.005421356,0.202930725757159
1984-02-01,0.910303309822236,-0.071687066,0.17679419912976
1984-03-01,0.951469691,0.004696522,0.202674764992947
1984-04-01,0.964053855511387,0.072467928,0.227431643397629
1984-05-01,0.759956876523122,-0.359177412,0.099000892
1984-06-01,0.783419592042917,-0.063999636,0.179300152610765
1984-07-01,0.915302549,-0.159516826,0.149747872272863
1984-08-01,0.915728771233039,0.155889474243285,0.26011787608933
1984-09-01,0.906143100525927,-0.056925363,0.181625862064164
1984-10-01,0.931165566,-0.256295285,0.123315152111925
1984-11-01,0.951269660023686,-0.127319022,0.159324019516686
1984-12-01,0.956582434868957,-0.009970309,0.197537025937717
1985-01-01,1.05193811897685,-0.14772636,0.153209018
1985-02-01,0.940587617099701,-0.175057455,0.14526612898339
1985-03-01,0.970689472825053,0.060926018,0.223098855753071
1985-04-01,1.06106873381943,-0.071350325,0.176903504384115
1985-05-01,1.19910827056317,-0.288845879,0.115207677226756
1985-06-01,1.16979716110507,0.039090472,0.215031809353448
1985-07-01,1.1333078735847,-0.004834881,0.199326923642517
1985-08-01,1.16113286567958,0.020362418,0.20824975084945
1985-09-01,1.13562480459261,0.101938567578963,0.238707049255403
1985-10-01,1.2284311223784,0.162645307368401,0.262867056591307
1985-11-01,1.28958704318778,0.182640800530164,0.271090067997374
1985-12-01,1.37487893704172,-0.046519229,0.185081073627164
1986-01-01,1.32833466356351,0.193676250143227,0.275682625971611
1986-02-01,1.54972370456033,-0.218195029,0.133302609439497
1986-03-01,1.99914875194503,0.559205912909857,0.444928842368623
1986-04-01,1.91846410596496,0.51082810845962,0.421131844593947
1986-05-01,1.58669623573522,0.003779106,0.202351075
1986-06-01,1.9003727235974,0.067627602,0.22560885865946
1986-07-01,2.06922448128585,0.692719432298795,0.511377967478784
1986-08-01,2.23142446036783,0.652200513298752,0.491160230304306
1986-09-01,1.90223602366317,0.300291205148979,0.321913820434921
1986-10-01,1.91379120976271,0.48431859448223,0.408207324650681
1986-11-01,2.02866737539526,0.593807465545054,0.46207713800493
1986-12-01,1.93024658977866,0.621006967052773,0.475608325654875
1987-01-01,1.80126224107583,0.479847392054204,0.406036824691885
1987-02-01,1.90244886481899,0.54698521968463,0.438895217854488
1987-03-01,1.82398140187258,0.434871013717383,0.384374560999975
1987-04-01,1.71032166586326,-0.285851139,0.11593736237436
1987-05-01,1.683887217,0.168529876572933,0.265273738797546
1987-06-01,1.63905045781781,0.154591275748504,0.259591297394461
1987-07-01,1.59412717712713,0.230897919024228,0.291449204109787
1987-08-01,1.51600155990259,0.229309860766935,0.290768015979576
1987-09-01,1.49938815755311,0.223232745443706,0.288168173589583
1987-10-01,1.62412490606669,-0.705656641,0.04265563
1987-11-01,1.6043764806399,0.220190233326449,0.286870693551189
1987-12-01,1.57393945529172,-0.034462376,0.189135073068513
1988-01-01,1.64229272046851,-0.183197481,0.142955021623575
1988-02-01,1.5964031008325,0.168819853247991,0.26539262255474
1988-03-01,1.4943899163806,-0.09873747,0.168153407875701
1988-04-01,1.39448934609711,-0.02686048,0.191719024990384
1988-05-01,1.40059983685469,0.055738715,0.221166975563624
1988-06-01,1.46147928917508,0.153570295138225,0.259177551519782
1988-07-01,1.35265834416286,-0.133613525,0.157421074579568
1988-08-01,1.33589340150498,0.042393057,0.216240950861492
1988-09-01,1.43142661152003,0.228031115941951,0.290220047656548
1988-10-01,1.55677325136401,0.333454949765794,0.336924956962219
1988-11-01,1.47857301246293,0.233121184989501,0.292404109442661
1988-12-01,1.49130531074909,0.370050100963767,0.353795190694309
1989-01-01,1.55477482100637,0.365666335715926,0.351758288150985
1989-02-01,1.44574514339675,0.252730501236865,0.300888713140195
1989-03-01,1.5217964179692,0.487768298237992,0.409883879032314
1989-04-01,1.57624632230278,0.571663763242092,0.451092708057096
1989-05-01,1.62753385908657,0.390418363931367,0.363313404523337
1989-06-01,1.82894116085361,0.651081184840014,0.490601802013103
1989-07-01,1.9578735178785,0.878940940852403,0.603132534
1989-08-01,1.77280315165709,0.590561574082503,0.460464993
1989-09-01,1.60984942987806,0.637408127976812,0.483782187952069
1989-10-01,1.54796553989846,0.523725585636314,0.42745170490583
1989-11-01,1.544374982,0.644073153462352,0.487105986747715
1989-12-01,1.45839791795452,0.535943395214671,0.433455770762199
1990-01-01,1.3530003761203,0.269336349747926,0.308159389031373
1990-02-01,1.34814551587816,0.407174627424835,0.371207796706865
1990-03-01,1.34269343955025,0.430438118,0.382257741255283
1990-04-01,1.27687049628139,0.186592147334459,0.272730083129494
1990-05-01,1.14388344000606,0.102151194,0.238789495985676
1990-06-01,1.163966361,0.156205174480166,0.260246014436346
1990-07-01,1.1153271973471,0.086237327,0.232662070085894
1990-08-01,1.0449809382742,-0.223937697,0.131762634705414
1990-09-01,1.06629995336308,-0.001389126,0.200533360584653
1990-10-01,1.32373204399058,0.17472064739907,0.267817670802247
1990-11-01,1.465901376269,0.275845152341311,0.311030073693093
1990-12-01,1.46814189163242,0.352600101143084,0.345712498538619
1991-01-01,1.48119335335714,0.374338528676913,0.355791853394352
1991-02-01,1.32946814494689,0.306781691225149,0.324829846552808
1991-03-01,1.28811255645596,0.241247348752736,0.29590665665671
1991-04-01,1.28957497140375,0.204638563636061,0.280282293176378
1991-05-01,1.242549034,0.189310876995083,0.273861349608628
1991-06-01,1.21905364563493,0.100999189182432,0.238342988082811
1991-07-01,1.30490490732628,0.198239578335415,0.277592834385636
1991-08-01,1.2288004143189,0.141086056924582,0.254146100465922
1991-09-01,1.33136488286347,0.172139169179472,0.26675538900201
1991-10-01,1.30869182309701,0.157505514,0.26077414679146
1991-11-01,1.30100466089737,0.17031962217369,0.26600792451782
1991-12-01,1.46600346044112,0.178230762131168,0.269265498642901
1992-01-01,1.27945362112547,0.053343417,0.220278147255659
1992-02-01,1.24289986244098,0.104645219120694,0.239757725988878
1992-03-01,1.16990831039096,0.048359051,0.218435168266224
1992-04-01,1.17550978422313,0.04013395,0.215413422419503
1992-05-01,1.18438206791408,0.006556419,0.203331938151745
1992-06-01,1.17271697862683,0.006442241,0.203291558122165
1992-07-01,1.23504083692939,-0.06420538,0.179232794611014
1992-08-01,1.37994843016658,0.082407002,0.231200411560948
1992-09-01,1.50022509739488,0.180759457700374,0.27031094462766
1992-10-01,1.39390245839646,0.110085187081211,0.241877041125384
1992-11-01,1.26452661617008,0.073269978,0.227734480904762
1992-12-01,1.32950451156373,0.107006226,0.240676285780673
1993-01-01,1.35595164187479,0.069568605,0.226338812688045
1993-02-01,1.39654322853689,0.061775311,0.223416066165829
1993-03-01,1.34546212833007,0.035053277,0.213559059067387
1993-04-01,1.39358570241072,0.067235642,0.225461615972464
1993-05-01,1.30546619549468,0.037720105,0.214531245735203
1993-06-01,1.2981601902813,-0.030770279,0.190387360295081
1993-07-01,1.27218594372502,-0.03727519,0.18818443426726
1993-08-01,1.36252850719777,-0.039421967,0.18746088181009
1993-09-01,1.3998979187339,0.053078834,0.220180093743679
1993-10-01,1.33674484883588,-0.022318349,0.193273202156314
1993-11-01,1.25448809009966,-0.116728062,0.162559715494982
1993-12-01,1.22507513991345,-0.153778299,0.151425875060183
1994-01-01,1.186843139,-0.231009492,0.129883160178524
1994-02-01,1.09688007136287,-0.425498311,0.085308419
1994-03-01,1.17559185132968,-0.308645151,0.110465553685236
1994-04-01,1.18798498296689,-0.266017858,0.120852727170997
1994-05-01,1.21136745608721,-0.272334451,0.11927159416839
1994-06-01,1.17484657686521,-0.31688613,0.108533572579541
1994-07-01,1.16968390160101,-0.290384909,0.114833956715828
1994-08-01,1.14772567129567,-0.258988637,0.122629516201756
1994-09-01,1.13279079195447,-0.383882791,0.093723584
1994-10-01,1.15002978737294,-0.299416512,0.112658200943076
1994-11-01,1.2195514050219,-0.224351022,0.13165227148787
1994-12-01,1.24558866791471,-0.17276887,0.145920403809161
1995-01-01,1.23762040919012,-0.217494035,0.133491435144046
1995-02-01,1.2088059775582,-0.249637915,0.12502140309602
1995-03-01,1.20786505076051,-0.258963335,0.122635944743799
1995-04-01,1.18347700031348,-0.197644122,0.13891482214643
1995-05-01,1.28130104545867,-0.290514662,0.114802488449843
1995-06-01,1.30723083269197,-0.102608218,0.16693956556639
1995-07-01,1.22470005784504,-0.27541969,0.118504645098494
1995-08-01,1.24379972074846,-0.166024673,0.147859978075087
1995-09-01,1.23997939887506,-0.123162861,0.160588726167662
1995-10-01,1.31357412963649,-0.086753989,0.171947253528654
1995-11-01,1.35851293155479,-0.003524051,0.199785359233577
1995-12-01,1.37210911750829,-0.01674602,0.195190349963203
1996-01-01,1.35358917108961,-0.064363118,0.179181163950898
1996-02-01,1.26601266646665,-0.278753903,0.117679730054124
1996-03-01,1.22486245974985,-0.302486016,0.111925489285558
1996-04-01,1.2275426310801,-0.251367359,0.124576577863284
1996-05-01,1.17395139270914,-0.284261104,0.116326114210919
1996-06-01,1.23786417458445,-0.236969594,0.128313619698256
1996-07-01,1.25043248483798,-0.285389756,0.116050072098164
1996-08-01,1.22028905899575,-0.357028233,0.099470054
1996-09-01,1.20412829722106,-0.350605633,0.100881777152404
1996-10-01,1.24582450765637,-0.292881056,0.114229655772572
1996-11-01,1.29365340084677,-0.245008429,0.126217595686054
1996-12-01,1.21579144650167,-0.36808925,0.097072723
1997-01-01,1.24925956727418,-0.31427595,0.109142844116875
1997-02-01,1.18374916444951,-0.431852573,0.084074963
1997-03-01,1.18724829123056,-0.462322536,0.078345758
1997-04-01,1.19215534805457,-0.409892786,0.088395144
1997-05-01,1.15031184430165,-0.408800185,0.088614334
1997-06-01,1.12534287017564,-0.509823551,0.070011596
1997-07-01,1.18279116889626,-0.487370501,0.073861852
1997-08-01,1.12378804346573,-0.487911246,0.073767261
1997-09-01,1.13484609624592,-0.54155138,0.06483656
1997-10-01,1.26754297509861,-0.414424732,0.087490285
1997-11-01,1.29148335668729,-0.30675091,0.110913095539748
1997-12-01,1.28489913156558,-0.37222883,0.096186516
1998-01-01,1.33247649489633,-0.327374193,0.106110106441724
1998-02-01,1.30050716983532,-0.30134206,0.112198160088963
1998-03-01,1.28071108163057,-0.353850261,0.100166774631315
1998-04-01,1.19318788211977,-0.387331965,0.093003647
1998-05-01,1.20496496210356,-0.339876575,0.103272572071199
1998-06-01,1.30447739205337,-0.302069574,0.112024696535075
1998-07-01,1.35153158816212,-0.261560646,0.1219772706994
1998-08-01,1.9823382484717,0.136473069915705,0.252300001203576
1998-09-01,2.09399710591214,0.118117444290207,0.245024759692046
1998-10-01,2.23152906726186,0.2321394441945,0.29198226687034
1998-11-01,1.97047815146934,0.220433893910889,0.286974500622856
1998-12-01,1.93156085965376,0.083044469,0.231443314220424
1999-01-01,1.89102405187191,0.075583208,0.22860917924705
1999-02-01,1.76478741109368,-0.150702852,0.152330293119421
1999-03-01,1.66277084677089,-0.136455398,0.156566838887891
1999-04-01,1.610813964,-0.177407477,0.144596347048418
1999-05-01,1.64580826565538,-0.175660656,0.145094011260874
1999-06-01,1.68587681968521,-0.111863361,0.164060184373107
1999-07-01,1.74237845485013,-0.063405418,0.179494782050282
1999-08-01,1.95864119464803,-0.002051299,0.200301179102313
1999-09-01,2.02062043227031,0.132441979493392,0.250692581967691
1999-10-01,2.08667893059959,0.145483893067703,0.255912671507618
1999-11-01,2.03754617374806,0.110524789634286,0.242048745233493
1999-12-01,1.86269762905436,-0.120017849,0.161550090045131
2000-01-01,1.95174667415466,0.06690184,0.225336263358373
2000-02-01,2.12206374970532,0.155657791462118,0.26002385995893
2000-03-01,2.47247973362042,0.419296063047892,0.376952772250129
2000-04-01,2.63260459662693,0.577478005909263,0.453973599363946
2000-05-01,2.80278629282038,0.760149339784264,0.544933376446678
2000-06-01,2.81222467652529,0.808964322682433,0.569040480899837
2000-07-01,2.92905279584326,0.888792898961317,0.607875943
2000-08-01,3.05113831162987,1.04263108248267,0.679470743659972
2000-09-01,3.19995622789784,1.14918805961468,0.725583113859281
2000-10-01,3.63550103068777,1.53952162517479,0.86165088363152
2000-11-01,3.73674774735291,1.62150738074156,0.883039721887471
2000-12-01,3.75710325367195,1.620437898,0.882776710065907
2001-01-01,3.37064244730092,1.16626872963979,0.732658853948032
2001-02-01,3.29295719062082,1.19921137693569,0.746040484258698
2001-03-01,3.24929042747802,1.12763559317888,0.716525018888459
2001-04-01,3.17255420229816,0.935348679148186,0.630063918925997
2001-05-01,2.96872380597694,0.790765505,0.560078172768213
2001-06-01,3.07642907366969,1.034452049,0.675800839565722
2001-07-01,3.01170055564632,0.80010155162514,0.564680008026446
2001-08-01,3.00351688100813,0.781555591250032,0.555530539866976
2001-09-01,3.51721051226129,1.24642342897811,0.764587610759415
2001-10-01,3.41734578531174,1.06210040638577,0.688135752849498
2001-11-01,2.96979166517734,-0.099373565,0.167953543479657
2001-12-01,2.88436987504082,0.416135451481832,0.375452108494411
2002-01-01,2.92052777677277,0.579846319420834,0.455147775058787
2002-02-01,2.95809058528969,0.800353020398297,0.564803841441106
2002-03-01,2.61661885637097,0.292811965625102,0.318567128369307
2002-04-01,2.6584594431495,0.431883335282501,0.382947485869724
2002-05-01,2.734637283,0.531724722456165,0.431380824635428
2002-06-01,3.27748889679343,0.984279454939413,0.652924765191838
2002-07-01,4.09192300903127,1.61156903299098,0.880579491171601
2002-08-01,3.96818421176714,1.50912217176491,0.853081296421631
2002-09-01,4.29662701187206,1.69362301931969,0.899820203335585
2002-10-01,4.34700439024689,1.48018905997575,0.844600976808729
2002-11-01,3.77424017286557,1.067007754,0.690303729857366
2002-12-01,3.67817098340856,0.93243856648991,0.628688748278866
2003-01-01,3.56298451345886,0.884663248,0.605889552291998
2003-02-01,3.4491588116233,0.682389335,0.506224268
2003-03-01,3.20691384025865,0.161932138404466,0.262576143783249
2003-04-01,2.72867792736998,0.081787837,0.230964619022849
2003-05-01,2.80468450289142,-0.475401138,0.075979429
2003-06-01,2.54071743765112,-0.362604645,0.098256085
2003-07-01,2.4420962025252,-1.079924082,0.014304665
2003-08-01,2.39667102551959,-0.188766161,0.141388357725262
2003-09-01,2.42296880883297,-0.539352917,0.065185289
2003-10-01,2.10274386222368,-0.514538643,0.069223026
2003-11-01,2.008410678,-0.54169105,0.064814454
2003-12-01,1.91784182919293,-0.504837504,0.07085298
2004-01-01,1.78938274128996,-0.703435023,0.042908515
2004-02-01,1.90309630388247,-0.332165773,0.105016026535557
2004-03-01,1.91723899862332,-0.520535672,0.068229969
2004-04-01,1.74692348403256,-0.761418033,0.036693411
2004-05-01,1.89235349460153,-0.375845977,0.095417034
2004-06-01,1.80310430834706,-0.379566538,0.094630289
2004-07-01,1.72978803,-0.315922023,0.108758330066973
2004-08-01,1.85478562526361,-0.42020181,0.086346867
2004-09-01,1.74337388155478,-0.542132066,0.064744692
2004-10-01,1.73486722317471,-0.525304104,0.067448233
2004-11-01,1.52780817208681,-0.663009575,0.047725299
2004-12-01,1.4593200821488,-0.710801303,0.04207464
2005-01-01,1.69415741856137,-0.693556289,0.044047714
2005-02-01,1.548787346,-0.924644142,0.023043662
2005-03-01,1.840298845,-0.636246409,0.051145843
2005-04-01,2.12384980455,-0.382010077,0.09411619
2005-05-01,2.09557354808099,-0.299820082,0.112561670892537
2005-06-01,1.95170641419767,-0.44593861,0.081388464
2005-07-01,1.71126557552498,-0.548412957,0.063757462
2005-08-01,1.79903634416057,-0.54725995,0.063937809
2005-09-01,1.81922942218029,-0.454514281,0.079784917
2005-10-01,1.868970152018,-0.336620093,0.104006299689776
2005-11-01,1.87664004610106,-0.306642496,0.110938749196873
2005-12-01,1.93826024488091,-0.278057618,0.117851660809739
2006-01-01,1.78098567275472,-0.347048358,0.101669944219578
2006-02-01,1.73255641826495,-0.301725344,0.112106748427753
2006-03-01,1.70369294049361,-0.388903541,0.092676975
2006-04-01,1.62745866633815,-0.425954873,0.085219344
2006-05-01,1.64073489396851,-0.327542185,0.106071609607173
2006-06-01,1.74987255948046,-0.337316299,0.103849118744192
2006-07-01,1.79560682576856,-0.236205315,0.128514146455977
2006-08-01,1.80440512651094,-0.261278123,0.122048797349288
2006-09-01,1.81655574207031,-0.322647068,0.10719751514219
2006-10-01,1.71223965860371,-0.352717256,0.100416027817484
2006-11-01,1.70086957851195,-0.3215146,0.10745921238179
2006-12-01,1.58909782844894,-0.456903718,0.079342406
2007-01-01,1.49518651754409,-0.517365387,0.068753563
2007-02-01,1.53230295794483,-0.512690501,0.069531297
2007-03-01,1.59172972878649,-0.323044878,0.107105696139639
2007-04-01,1.56212908140234,-0.325733497,0.106486618976466
2007-05-01,1.47119459363738,-0.558807696,0.062149394
2007-06-01,1.63324975224237,-0.348393412,0.10137140208175
2007-07-01,2.13651670257467,0.060983955,0.22312048700726
2007-08-01,2.28503407520487,0.167461112187717,0.264835803597548
2007-09-01,2.2533671596214,0.100141464577213,0.238010838049531
2007-10-01,2.18814372184231,0.018161616,0.207461137885066
2007-11-01,2.761341971,0.364613409509227,0.351269679826617
2007-12-01,2.84796174349416,0.524399051898083,0.427782235184344
2008-01-01,3.26581497152915,0.741880388416696,0.535863675026157
2008-02-01,3.53659475917141,0.952809493169618,0.638279561579556
2008-03-01,3.77115901576164,1.17506491135359,0.736266461141525
2008-04-01,3.26714302604885,0.683154846016593,0.506606228982687
2008-05-01,3.11044097312588,0.695744194429118,0.51288670418362
2008-06-01,3.43596538244438,0.834746943871705,0.581675868428806
2008-07-01,3.6694905803403,1.08943797113722,0.70012804480051
2008-08-01,3.77602712455163,1.23918009627279,0.76179152638536
2008-09-01,4.776131754,1.784480940629,0.918368295122257
2008-10-01,7.13802977041256,3.39830867899887,0.999678591098408
2008-11-01,7.84439534597149,3.11116734844128,0.998869795157715
2008-12-01,7.66028507998012,3.31537843840485,0.999532081926786
2009-01-01,6.38829156905976,2.80655150113595,0.996237379
2009-02-01,6.19865205965729,3.19747330439518,0.99921562
2009-03-01,6.31633177379922,2.76512069190734,0.995614271787169
2009-04-01,5.422936693,2.26863333962396,0.977238677978102
2009-05-01,4.81110062348252,1.37216236652438,0.81014241013636
2009-06-01,4.17117230729949,0.938560468,0.631579717570658
2009-07-01,3.55752333405984,0.334089461864896,0.33721480617476
2009-08-01,3.33796484222871,0.067151635,0.225430065251074
2009-09-01,2.97780436030278,0.072318327,0.22737518233332
2009-10-01,2.86157186012433,-0.131844665,0.157954318320529
2009-11-01,2.85596886951809,0.007396902,0.20362933
2009-12-01,2.42194627538071,-0.476466519,0.075789092
2010-01-01,2.4103601762564,-0.181661927,0.143389082247898
2010-02-01,2.44552553837428,0.018033531,0.207415295834592
2010-03-01,2.23641019389035,-0.141237573,0.155136270971633
2010-04-01,2.12752413614686,-0.257657877,0.122967947557696
2010-05-01,2.58677684701849,-0.117689887,0.162264110581132
2010-06-01,2.71886467530611,0.064172742,0.224312889163985
2010-07-01,2.55884525811883,0.20121619867081,0.278842322359709
2010-08-01,2.70690794835621,-0.268385905,0.1202582516798
2010-09-01,2.54610717492437,0.024816242,0.209851089185841
2010-10-01,2.41815061718113,0.027921408,0.210971797614655
2010-11-01,2.42166724436424,-0.105878179,0.165918541111283
2010-12-01,2.23190216639235,-0.392207718,0.091992929
2011-01-01,2.12096919,0.014298983,0.206081317200068
2011-02-01,2.0111195577086,-0.242590374,0.12684554797309
2011-03-01,1.97792733163035,-0.28464757,0.116231541060246
2011-04-01,1.99004032066588,-0.231961063,0.129631684465838
2011-05-01,2.07553191961625,-0.102936128,0.166836995295511
2011-06-01,2.162967037,0.013235217,0.205702273617583
2011-07-01,2.23004756052879,-0.029957105,0.190663855762849
2011-08-01,2.83372816582518,-0.077294817,0.174980216839019
2011-09-01,3.11960470523282,0.466137471052035,0.399399737070697
2011-10-01,2.81155580541242,-0.06881183,0.177728867013069
2011-11-01,2.99697374281046,0.535275721069989,0.433127252788168
2011-12-01,2.88784624820931,0.31359447155229,0.327902258694076
2012-01-01,2.76768812419766,0.220712313893659,0.287093138069343
2012-02-01,2.52018696446011,0.096939601,0.236773175037979
2012-03-01,2.44745922796307,-0.31444302,0.109103773099821
2012-04-01,2.53813791578806,-0.127930573,0.159138478575924
2012-05-01,2.80882971179306,-0.04606573,0.185232574185534
2012-06-01,2.76033544169666,0.204415410402671,0.280188291086013
2012-07-01,2.61230065655147,0.036221115,0.213984475696268
2012-08-01,2.53890200694308,-0.170083205,0.146690720269559
2012-09-01,2.41617292856785,-0.117445678,0.162339132034535
2012-10-01,2.25582291781738,-0.148993582,0.152834497108111
2012-11-01,2.35073143922993,-0.017482851,0.194936183609525
2012-12-01,2.24729530025786,-0.135859201,0.156745795624812
2013-01-01,2.127419432,-0.063779191,0.179372341576909
2013-02-01,2.17429053251812,0.00150747,0.201550909203014
2013-03-01,2.1507764110088,-0.065844858,0.178696618037618
2013-04-01,2.09091626097313,-0.091586912,0.170410672601675
2013-05-01,2.00122924703056,-0.477593276,0.075588185
2013-06-01,2.17649125151285,-0.34645013,0.101802929748267
2013-07-01,2.05147876452438,0.008480553,0.204013145133059
2013-08-01,2.02370701718141,-0.109454356,0.16480653363044
2013-09-01,2.09442969469217,-0.118565645,0.161995261925189
2013-10-01,1.99857580444479,-0.017868531,0.194803225496854
2013-11-01,1.95209092859893,0.023392909,0.209338555208012
2013-12-01,1.79754902779203,-0.134867425,0.15704378926527
2014-01-01,1.85488035626315,-0.292866512,0.114233170147245
2014-02-01,1.75558577070194,-0.188420308,0.141485318050198
2014-03-01,1.70561086038966,-0.259681576,0.122453550942761
2014-04-01,1.64968642612088,-0.3425608,0.102670613
2014-05-01,1.6479140874895,-0.358928476,0.099055151
2014-06-01,1.617008461,-0.29462793,0.11380809827695
2014-07-01,1.67498380286295,-0.310221219,0.110094172816855
2014-08-01,1.67166609139027,-0.304324379,0.111488294119203
2014-09-01,1.82171337108193,-0.209250657,0.135725745651322
2014-10-01,1.92383797078901,-0.208946809,0.135808588154754
2014-11-01,2.08730712835249,0.068194089,0.225821759953008
2014-12-01,2.17894626238089,0.086554843,0.232783464988878
2015-01-01,2.25736501968587,-0.040918854,0.18695738787089
2015-02-01,2.01298413594022,-0.293370049,0.114111539597233
2015-03-01,2.12348520773354,-0.130191709,0.158453692398035
2015-04-01,2.09387539508264,0.010819788,0.20484314030181
2015-05-01,2.10006592832443,0.057198008,0.221709482683978
2015-06-01,2.21867230277222,0.154680157325372,0.259627332215053
2015-07-01,2.35259155552461,0.215763839038522,0.284988015209469
2015-08-01,2.465288084,0.4058259474625,0.370570331400757
2015-09-01,2.67908002704338,0.544938242633714,0.43788592817098
2015-10-01,2.45336927963145,0.431547616014621,0.382787227
2015-11-01,2.50984784721255,0.518579152945269,0.424927586627598
2015-12-01,2.72124737828241,0.687981169114706,0.509014226
2016-01-01,3.11287517504696,0.924144258525373,0.624760312228126
2016-02-01,3.12888955781783,0.956905822682019,0.64019792810338
2016-03-01,2.712765385,0.591017356975935,0.460691329095578
2016-04-01,2.43636123349693,0.245191512749759,0.297613590537033
2016-05-01,2.40536252268195,0.259048247220333,0.303645749855847
2016-06-01,2.50561815583157,0.06615263,0.225055057150548
2016-07-01,2.31135346752335,0.015588451,0.206541338560684
2016-08-01,2.11621784101853,-0.010384168,0.197393204191209
2016-09-01,2.10712583923461,-0.065607405,0.178774212435872
2016-10-01,1.91259568653934,-0.064113857,0.179262756050796
2016-11-01,1.82312316884201,-0.752725351,0.037575306
2016-12-01,1.68689464201688,-0.235344144,0.128740355689319
2017-01-01,1.64418876965125,-0.187126776,0.141848360477723
2017-02-01,1.59665057799918,-0.173516699,0.145706392
2017-03-01,1.6319573920094,-0.161834774,0.149073611626211
2017-04-01,1.6198128427609,-0.108480725,0.165108803565253
2017-05-01,1.58491613107043,-0.156220275,0.150710294756066
2017-06-01,1.56396241053686,-0.113845574,0.163447709063987
2017-07-01,1.50885017091606,-0.137932537,0.156124034698424
2017-08-01,1.62392896293091,-0.068943009,0.17768615629156
2017-09-01,1.50868778448658,-0.249547708,0.125044635336005
2017-10-01,1.43744445543011,-0.204151295,0.137120645606299
2017-11-01,1.45225574395245,-0.121285792,0.161162056099551
2017-12-01,1.41181480618855,-0.187660282,0.141698550575484
2018-01-01,1.27695635885985,-0.394355351,0.091550325
2018-02-01,1.37506189353544,-0.236287531,0.128492564894296
2018-03-01,1.53669112087723,-0.095634063,0.16913070808045
2018-04-01,1.44979969209502,-0.278184622,0.117820287070489
2018-05-01,1.53548255625571,-0.18982525,0.141091721174826
2018-06-01,1.62211940249807,0.034354969,0.213304916763675
2018-07-01,1.48778756811776,-0.119296776,0.161771034564992
2018-08-01,1.52309400610344,-0.088291546,0.171457445493234
2018-09-01,1.4314808674624,-0.169707869,0.146798592993339
2018-10-01,1.58347554920652,0.011548366,0.205102060004416
2018-11-01,1.78929434504162,0.155918610852252,0.260129700872258
2018-12-01,2.0769838753615,0.357229048273672,0.347849926172426
2019-01-01,1.82969795010716,0.196750194497017,0.27696866819753
2019-02-01,1.6480235672739,0.088029079,0.233347565072742
2019-03-01,1.67876783167508,-0.106053292,0.165863977485709
2019-04-01,1.57872285329213,0.017149981,0.207099231948239
2019-05-01,1.81636627536357,-0.000771,0.200750253866741
2019-06-01,1.68968101476848,0.028797512,0.211288632444488
2019-07-01,1.63070979813487,-0.025257189,0.192266745656046
2019-08-01,1.80824176183891,-0.144735059,0.154095493113568
2019-09-01,1.7276841028589,-0.222855569,0.132051879675468
2019-10-01,1.705508487,-0.217656809,0.133447572460981
2019-11-01,1.6393877480466,-0.160330256,0.149511024727794
2019-12-01,1.487700805,-0.270694614,0.119680658554443
2020-01-01,1.66492389065994,-0.235989012,0.128570938344496
2020-02-01,1.98519789393256,-0.149597594,0.152656198033151
2020-03-01,3.82160155947607,1.18908320957002,0.741964069106484
2020-04-01,2.88522026898632,0.655548037948772,0.492830395425486
2020-05-01,2.52324865913545,0.414472667276405,0.374663369969454
2020-06-01,2.32720257,0.057092457,0.221670217718884
2020-07-01,2.03465709328194,-0.155139972,0.151026581453867
2020-08-01,1.938950496784,-0.280433934,0.117265618433962
2020-09-01,2.05478791038247,0.008452656,0.204003259008883
2020-10-01,1.9313057458512,-0.202160999,0.137667727243196
2020-11-01,1.67326746216158,-0.459277995,0.078904546
2020-12-01,1.48938779337129,-0.488933418,0.073588709
2021-01-01,1.44835164003053,-0.645160715,0.049985492
2021-02-01,1.39286764930835,-0.946902057,0.021565742
2021-03-01,1.33092499876973,-0.738394606,0.039066922
2021-04-01,1.26920045172158,-0.478563192,0.075415568
2021-05-01,1.26145181479825,-0.413890168,0.087596657
2021-06-01,1.18349144795486,-0.579422711,0.05905401
2021-07-01,1.24992862762061,-0.551676986,0.063249067
2021-08-01,1.24487058208994,-0.47390932,0.076246564
2021-09-01,1.19133046562183,-0.644406048,0.050082904
2021-10-01,1.18481985798607,-0.523396255,0.067760171
2021-11-01,1.33429387335095,-0.449534067,0.080713222
2021-12-01,1.24806791953212,-0.44312942,0.081918999
2022-01-01,1.36292955630736,-0.348436832,0.10136177543284
2022-02-01,1.52587908200142,-0.214296132,0.134355182709401
2022-03-01,1.41926232724815,-0.867984595,0.027194923
2022-04-01,1.59373492111987,-0.322768438,0.107169495708082
2022-05-01,1.58589616682557,-0.122691995,0.160732421750373
2022-06-01,1.94364561348546,0.069645873,0.22636789841909
2022-07-01,1.7260152437975,0.012688492,0.20550762442357
2022-08-01,1.72022596382407,-0.031072599,0.190284628410809
2022-09-01,1.88021580972432,0.023376246,0.209332559354241
2022-10-01,1.68443872641831,0.105626871408799,0.24013941
2022-11-01,1.57921351394947,-0.222350227,0.13218710366207
2022-12-01,1.52535277264123,-0.000515,0.200840241608812
2023-01-01,1.4233180578984,-0.010451689,0.197369745799495
2023-02-01,1.49143505335115,-0.141215537,0.155142843140252
2023-03-01,1.53721027044028,-0.174891206,0.14531359061775
2023-04-01,1.5448943777363,0.215958587372517,0.285070723463128
2023-05-01,1.57756783568262,0.162934742266958,0.262985168625178
2023-06-01,1.42158107190012,0.204626505130893,0.280277213206029
2023-07-01,1.31445644452443,0.042364092,0.216230329146255
2023-08-01,1.349577878497,0.098565093,0.237401057593567
2023-09-01,1.33807927248805,0.01343593,0.205773760629929
2023-10-01,1.43378456400537,0.251422294868969,0.300319231485391
2023-11-01,1.19918367851001,-0.056560712,0.181746252487587
2023-12-01,1.1490523567127,-0.206077633,0.136592560688328
2024-01-01,1.10970733049657,-0.040666761,0.187042123377291
2024-02-01,1.11033297852235,-0.107260094,0.165488262937079
2024-03-01,1.05971494315846,-0.063786111,0.179370075087175
2024-04-01,1.0224966063565,-0.178409692,0.14431133844503
2024-05-01,0.990365747975277,-0.104570002,0.16632652587195
2024-06-01,1.10098254285854,0.001455876,0.201532757507311
2024-07-01,1.07770881698892,-0.061001547,0.18028349638629
2024-08-01,1.10110207517594,-0.008495966,0.19804989537187
2024-09-01,1.05668997903924,-0.066409247,0.178512273547616
2024-10-01,0.989050950385399,-0.339019034,0.10346542160885
2024-11-01,0.953976176435223,-0.198655883,0.138634811936481
2024-12-01,0.939752081701102,-0.43939292,0.082628698
2025-01-01,0.90106906514995,-0.272400271,0.11925519582373
2025-02-01,0.999667543,-0.227568702,0.130795289505286
2025-03-01,1.12380901107014,-0.00611337,0.198880409660136
2025-04-01,1.26762496667181,-0.061913004,0.179984190167164
2025-05-01,1.02512453982158,-0.173428658,0.145731576601997
2025-06-01,0.991623898,-0.188359312,0.141502423143032
2025-07-01,0.925508512,-0.208270975,0.135992974791002
2025-08-01,0.94069085396599,-0.155649663,0.15087730112409
2025-09-01,0.892674225948762,-0.289955753,0.114938081324911
2025-10-01,0.937941870377004,-0.257347188,0.123047054481406
2025-11-01,0.943873667310423,-0.201551391,0.137835590663043
2025-12-01,0.908047792857448,-0.21049914,0.135385717070368
2026-01-01,0.85432222820751,-0.261892514,0.121893288737489
2026-02-01,0.972454714634585,-0.259817995,0.122418929438071
2026-03-01,1.0308360288147,-0.267309249,0.120528279899083
2026-04-01,0.919141466388374,-0.20399087,0.137164687304798
2026-05-01,0.833479110646944,-0.378712568,0.094810444
2026-06-01,0.86080030351771,-0.288627763,0.115260711889273
2026-07-01,0.842286053473983,-0.319112793,0.108015759044221
