"date","intermediary_capital_ratio","intermediary_capital_risk_factor","intermediary_value_weighted_investment_return","intermediary_leverage_ratio_squared"
1970-01-01,0.0691,-0.0727,-0.096,209.179
1970-02-01,0.0788,0.1416,0.1486,161.1352
1970-03-01,0.0756,-0.036,-0.0088,174.8429
1970-04-01,0.0688,-0.087,-0.105,211.3283
1970-05-01,0.0656,-0.044,-0.0469,232.2706
1970-06-01,0.0662,0.0105,-0.003,228.1091
1970-07-01,0.0715,0.0808,0.093,195.833
1970-08-01,0.0738,0.0358,0.0428,183.4763
1970-09-01,0.07,-0.0481,-0.0185,203.8182
1970-10-01,0.0658,-0.0588,-0.0677,231.2686
1970-11-01,0.0684,0.042,0.0461,213.6244
1970-12-01,0.0725,0.0621,0.0882,190.1067
1971-01-01,0.0706,-0.0233,-0.0147,200.4905
1971-02-01,0.0716,0.0163,0.0236,195.0951
1971-03-01,0.0761,0.0662,0.0996,172.5107
1971-04-01,0.0728,-0.0405,-0.0394,188.7554
1971-05-01,0.0681,-0.0617,-0.0694,215.7244
1971-06-01,0.0632,-0.0698,-0.0303,250.3768
1971-07-01,0.0613,-0.0292,-0.0371,266.1159
1971-08-01,0.0623,0.0169,0.0296,257.5166
1971-09-01,0.0615,-0.013,0.0091,264.677
1971-10-01,0.0605,-0.0148,-0.0218,272.9222
1971-11-01,0.0631,0.043,0.039,250.9673
1971-12-01,0.0786,0.2461,0.0554,161.8508
1972-01-01,0.0782,-0.0014,-0.0026,163.5819
1972-02-01,0.0764,-0.0184,-0.0193,171.1153
1972-03-01,0.0896,0.1757,0.1154,124.5437
1972-04-01,0.0891,3e-04,-0.005,125.8452
1972-05-01,0.0866,-0.0229,-0.0308,133.304
1972-06-01,0.0774,-0.1009,-0.0225,166.7841
1972-07-01,0.08,0.0373,0.0378,156.1207
1972-08-01,0.0859,0.0777,0.0771,135.4632
1972-09-01,0.0819,-0.0416,-0.0033,149.0376
1972-10-01,0.0812,-0.0043,-0.0066,151.673
1972-11-01,0.0813,0.0056,0.0049,151.3121
1972-12-01,0.0791,-0.0223,0.0031,159.7084
1973-01-01,0.0745,-0.0539,-0.0605,179.9621
1973-02-01,0.0706,-0.0493,-0.0563,200.5033
1973-03-01,0.0673,-0.0442,-0.0047,220.6194
1973-04-01,0.0637,-0.0522,-0.0556,246.5429
1973-05-01,0.0627,-0.0151,-0.0168,254.665
1973-06-01,0.0627,0.0013,0.0501,254.3526
1973-07-01,0.0678,0.0817,0.0901,217.692
1973-08-01,0.0668,-0.0123,-0.0133,224.0092
1973-09-01,0.0676,0.0131,0.09,218.9789
1973-10-01,0.0675,8e-04,0.0017,219.4536
1973-11-01,0.0624,-0.0743,-0.082,257.125
1973-12-01,0.0608,-0.025,0.028,270.8155
1974-01-01,0.0608,2e-04,0.0037,270.8054
1974-02-01,0.061,0.0049,0.0059,268.313
1974-03-01,0.0616,0.0096,-0.0297,263.3733
1974-04-01,0.0592,-0.0392,-0.04,285.5915
1974-05-01,0.0532,-0.1015,-0.1063,353.6263
1974-06-01,0.0421,-0.2102,-0.1369,563.8577
1974-07-01,0.0394,-0.0724,-0.064,645.4005
1974-08-01,0.0354,-0.1101,-0.1031,799.2393
1974-09-01,0.0321,-0.1035,-0.0723,969.2521
1974-10-01,0.0405,0.2453,0.275,610.7572
1974-11-01,0.0404,-0.0107,-0.0029,614.0525
1974-12-01,0.0372,-0.0874,-0.0651,724.3574
1975-01-01,0.0453,0.2101,0.2351,486.4194
1975-02-01,0.0436,-0.0428,-0.0445,525.0408
1975-03-01,0.0455,0.0374,0.0039,482.0331
1975-04-01,0.0487,0.0644,0.0762,421.2562
1975-05-01,0.0496,0.0139,0.0191,406.7325
1975-06-01,0.0516,0.037,0.0964,375.6953
1975-07-01,0.0479,-0.0743,-0.0734,435.9156
1975-08-01,0.0449,-0.0667,-0.0646,496.0415
1975-09-01,0.0391,-0.1342,-0.1373,653.2799
1975-10-01,0.0398,0.0092,0.0227,630.3657
1975-11-01,0.042,0.0468,0.0567,566.0923
1975-12-01,0.0412,-0.0276,0.0175,590.0998
1976-01-01,0.0465,0.1227,0.1378,461.8577
1976-02-01,0.0473,0.0118,0.0218,446.9185
1976-03-01,0.0504,0.0606,0.0663,393.9931
1976-04-01,0.0493,-0.0236,-0.0202,410.6307
1976-05-01,0.0485,-0.0217,-0.0166,425.937
1976-06-01,0.0512,0.0524,0.086,381.6905
1976-07-01,0.0497,-0.0314,-0.0287,404.481
1976-08-01,0.0474,-0.0509,-0.0477,445.7974
1976-09-01,0.0459,-0.0356,-0.0131,474.93
1976-10-01,0.0466,0.0107,0.0124,460.2507
1976-11-01,0.0457,-0.0247,-0.0184,479.1506
1976-12-01,0.048,0.0461,0.1324,433.557
1977-01-01,0.0454,-0.0596,-0.0565,486.0237
1977-02-01,0.0436,-0.0444,-0.0386,526.3447
1977-03-01,0.0423,-0.0365,-0.0216,559.683
1977-04-01,0.0418,-0.0174,-0.0091,571.5284
1977-05-01,0.0458,0.0882,-0.0191,476.2704
1977-06-01,0.0468,0.0165,0.0677,456.2955
1977-07-01,0.047,-3e-04,0.0078,452.3309
1977-08-01,0.0463,-0.0199,-0.0177,466.5097
1977-09-01,0.0434,-0.0682,-0.0225,531.7023
1977-10-01,0.0403,-0.0762,-0.0684,614.568
1977-11-01,0.0423,0.0414,0.0517,558.0029
1977-12-01,0.0389,-0.0891,-0.0242,662.3317
1978-01-01,0.0362,-0.0763,-0.067,761.3728
1978-02-01,0.0354,-0.0329,-0.0208,796.0843
1978-03-01,0.0368,0.0279,0.057,736.8426
1978-04-01,0.041,0.1021,0.1199,595.3001
1978-05-01,0.0412,-0.0013,0.0074,587.7173
1978-06-01,0.0379,-0.0889,-0.0326,696.4982
1978-07-01,0.0404,0.0567,0.0673,612.4851
1978-08-01,0.0427,0.0477,0.06,549.5043
1978-09-01,0.0408,-0.051,-0.0097,601.545
1978-10-01,0.0366,-0.1098,-0.1016,745.9725
1978-11-01,0.0367,-0.0072,0.0038,740.944
1978-12-01,0.0346,-0.0677,-9e-04,833.5422
1979-01-01,0.0354,0.0103,0.027,797.2628
1979-02-01,0.0337,-0.0604,-0.0494,881.3632
1979-03-01,0.0351,0.0288,0.0633,812.1388
1979-04-01,0.0355,-5e-04,0.016,794.1715
1979-05-01,0.0355,-0.0099,0.0048,791.7421
1979-06-01,0.0361,0.0038,0.0846,768.1275
1979-07-01,0.0369,0.0112,0.025,735.0927
1979-08-01,0.0382,0.0242,0.0396,686.7798
1979-09-01,0.0349,-0.0944,-0.0321,820.1747
1979-10-01,0.0311,-0.1203,-0.1098,1031.6186
1979-11-01,0.0326,0.0318,0.0522,940.7413
1979-12-01,0.0323,-0.0241,0.0248,960.1299
1980-01-01,0.032,-0.024,-0.0047,979.1447
1980-02-01,0.029,-0.108,-0.0953,1191.222
1980-03-01,0.0281,-0.0469,-0.0066,1263.7981
1980-04-01,0.0303,0.0569,0.083,1092.1214
1980-05-01,0.032,0.0421,0.0633,974.9123
1980-06-01,0.0319,-0.0193,0.0455,984.4025
1980-07-01,0.0324,4e-04,0.0157,955.4375
1980-08-01,0.0323,-0.0155,0.0022,957.9942
1980-09-01,0.0313,-0.0456,-0.0138,1020.9511
1980-10-01,0.031,-0.0254,-0.009,1041.9428
1980-11-01,0.0323,0.0264,0.0457,959.7003
1980-12-01,0.0351,0.0722,0.1275,813.0171
1981-01-01,0.034,-0.0411,-0.0265,862.8248
1981-02-01,0.0353,0.0254,0.0382,800.7625
1981-03-01,0.0352,-0.0148,0.0206,805.8998
1981-04-01,0.0357,0.0031,0.0197,782.5371
1981-05-01,0.0409,0.133,0.0755,597.6764
1981-06-01,0.0393,-0.0464,0.004,646.6597
1981-07-01,0.0388,-0.0212,-0.0427,663.0614
1981-08-01,0.0372,-0.0524,-0.042,724.4613
1981-09-01,0.0354,-0.0573,-0.0159,797.8891
1981-10-01,0.0377,0.054,0.0739,702.7311
1981-11-01,0.0389,0.0221,0.0331,659.9442
1981-12-01,0.0359,-0.0864,-0.0516,775.3599
1982-01-01,0.0356,-0.0207,-0.005,790.4363
1982-02-01,0.0352,-0.0229,-0.0115,808.9679
1982-03-01,0.0338,-0.0512,-0.0335,876.8739
1982-04-01,0.0348,0.017,0.0333,826.636
1982-05-01,0.0315,-0.1052,-0.097,1005.1544
1982-06-01,0.0301,-0.0618,-0.0278,1106.3726
1982-07-01,0.0291,-0.0486,-0.0289,1180.9064
1982-08-01,0.0327,0.1067,0.1332,934.1313
1982-09-01,0.0333,0.0043,0.067,901.0387
1982-10-01,0.0416,0.2364,0.2651,576.915
1982-11-01,0.0449,0.0702,0.0801,496.8488
1982-12-01,0.0406,-0.0997,-0.0683,605.3885
1983-01-01,0.042,0.0249,0.0393,567.5442
1983-02-01,0.0452,0.0694,0.0802,489.7659
1983-03-01,0.0494,0.0881,0.0873,409.6031
1983-04-01,0.0551,0.1125,0.1258,328.828
1983-05-01,0.0538,-0.0259,-0.0314,345.5346
1983-06-01,0.0539,-6e-04,0.0083,344.6621
1983-07-01,0.0498,-0.0778,-0.0786,403.652
1983-08-01,0.0494,-0.0115,-0.006,410.2902
1983-09-01,0.0466,-0.0605,-0.0536,461.3618
1983-10-01,0.043,-0.0809,-0.0761,540.5632
1983-11-01,0.0467,0.0797,0.0926,458.1133
1983-12-01,0.0453,-0.0351,-0.0071,487.3053
1984-01-01,0.0458,0.0046,0.0122,477.7099
1984-02-01,0.0433,-0.0595,-0.0594,534.2129
1984-03-01,0.0424,-0.0259,0.0104,555.7084
1984-04-01,0.0411,-0.0376,-0.0284,591.4542
1984-05-01,0.0361,-0.1297,-0.127,767.336
1984-06-01,0.0361,-0.0101,0.0523,765.9731
1984-07-01,0.0347,-0.0512,-0.0402,831.4985
1984-08-01,0.0404,0.1527,0.1744,612.8347
1984-09-01,0.0418,0.0262,0.0475,572.8842
1984-10-01,0.0419,-0.0032,0.0082,568.2536
1984-11-01,0.0412,-0.0251,-0.019,589.2602
1984-12-01,0.0435,0.0475,0.0683,529.3503
1985-01-01,0.0489,0.1192,0.1376,417.9065
1985-02-01,0.0486,-0.0096,-0.0047,422.8742
1985-03-01,0.0479,-0.0179,-0.0068,434.9743
1985-04-01,0.0491,0.02,0.0258,414.6909
1985-05-01,0.0521,0.0569,0.0644,368.6577
1985-06-01,0.0509,-0.0246,0.0272,385.5332
1985-07-01,0.0488,-0.0451,-0.0392,420.2072
1985-08-01,0.0468,-0.0442,-0.0411,456.3186
1985-09-01,0.0419,-0.1097,-0.0753,569.6769
1985-10-01,0.0463,0.098,0.1089,466.3908
1985-11-01,0.0497,0.0678,0.0745,405.2807
1985-12-01,0.0502,0.0066,0.0791,397.2365
1986-01-01,0.0514,0.0206,0.0322,378.9376
1986-02-01,0.0572,0.1103,0.1203,305.8404
1986-03-01,0.0612,0.0697,0.0855,266.8955
1986-04-01,0.0583,-0.0467,-0.0509,293.9121
1986-05-01,0.0604,0.0359,0.0372,273.6597
1986-06-01,0.0582,-0.0366,-0.0388,294.9045
1986-07-01,0.0539,-0.0741,-0.0785,343.6493
1986-08-01,0.0589,0.0904,0.0987,288.0739
1986-09-01,0.0504,-0.1447,-0.1205,393.5155
1986-10-01,0.0535,0.058,0.0713,349.4522
1986-11-01,0.0529,-0.0123,-0.0109,356.7448
1986-12-01,0.0503,-0.0515,-0.0235,394.6643
1987-01-01,0.055,0.0901,0.1149,330.195
1987-02-01,0.055,-0.0018,0.0022,330.4355
1987-03-01,0.053,-0.0382,-0.016,356.074
1987-04-01,0.0529,-0.0037,-0.0295,357.1851
1987-05-01,0.0528,-0.004,-0.0035,358.483
1987-06-01,0.0544,0.0281,0.0487,337.6768
1987-07-01,0.0554,0.0155,0.0228,326.38
1987-08-01,0.0567,0.0233,0.03,310.8489
1987-09-01,0.0554,-0.024,-0.0351,325.6977
1987-10-01,0.04,-0.2795,-0.2811,625.0567
1987-11-01,0.0359,-0.1107,-0.0991,775.8266
1987-12-01,0.0388,0.07,0.0386,663.6841
1988-01-01,0.042,0.0717,0.1021,568.2032
1988-02-01,0.043,0.0181,0.0286,540.5882
1988-03-01,0.0398,-0.0812,-0.0413,631.2809
1988-04-01,0.0408,0.0166,0.0035,600.8617
1988-05-01,0.0431,0.0489,0.0664,538.1016
1988-06-01,0.0463,0.0682,0.0817,465.8767
1988-07-01,0.0466,0.002,0.0102,459.5515
1988-08-01,0.0462,-0.0154,-0.0119,469.4861
1988-09-01,0.0471,0.0161,0.0436,450.2776
1988-10-01,0.0468,-0.0121,0.0017,457.1993
1988-11-01,0.0463,-0.0152,-0.0052,466.9383
1988-12-01,0.0454,-0.023,-0.0165,484.2536
1989-01-01,0.0494,0.0808,0.1111,410.519
1989-02-01,0.0479,-0.0326,-0.03,435.42
1989-03-01,0.0507,0.0541,0.0799,388.7629
1989-04-01,0.0512,0.0074,0.0154,380.8152
1989-05-01,0.0533,0.0374,0.0343,351.9159
1989-06-01,0.0508,-0.0484,-0.0013,386.9154
1989-07-01,0.0568,0.1142,0.1378,309.981
1989-08-01,0.0567,-0.002,-0.0047,310.6322
1989-09-01,0.0574,0.0112,0.0043,303.2216
1989-10-01,0.0534,-0.0712,-0.0832,350.9059
1989-11-01,0.0527,-0.0149,-0.0138,360.1252
1989-12-01,0.0526,-0.0035,-0.0075,361.0093
1990-01-01,0.047,-0.1097,-0.0974,453.057
1990-02-01,0.0484,0.0256,0.0337,426.931
1990-03-01,0.0469,-0.0349,-0.0418,454.5833
1990-04-01,0.0451,-0.0426,-0.0346,491.1869
1990-05-01,0.0498,0.0986,0.1139,402.9372
1990-06-01,0.0484,-0.0325,-0.0117,427.432
1990-07-01,0.0451,-0.0723,-0.0585,492.4183
1990-08-01,0.0403,-0.1113,-0.1021,615.8827
1990-09-01,0.035,-0.1389,-0.1384,815.1838
1990-10-01,0.0328,-0.0768,-0.0548,932.3367
1990-11-01,0.0371,0.1185,0.1379,727.1375
1990-12-01,0.0394,0.0515,0.0403,645.0307
1991-01-01,0.0417,0.0506,0.0732,574.8352
1991-02-01,0.0464,0.106,0.1154,463.7682
1991-03-01,0.0472,0.0109,0.0612,449.5197
1991-04-01,0.0483,0.0198,0.0286,428.4165
1991-05-01,0.0503,0.0379,0.043,394.6492
1991-06-01,0.0457,-0.0955,-0.0941,479.0571
1991-07-01,0.0495,0.0782,0.0964,408.148
1991-08-01,0.052,0.0464,0.0574,370.2521
1991-09-01,0.0509,-0.0225,0.0025,385.4507
1991-10-01,0.05,-0.0208,-0.0194,399.6016
1991-11-01,0.0451,-0.1008,-0.0994,490.5703
1991-12-01,0.0494,0.0895,0.1258,409.1582
1992-01-01,0.0508,0.0237,0.0259,387.7445
1992-02-01,0.0532,0.0442,0.0485,353.5732
1992-03-01,0.0564,0.0588,-0.0241,314.121
1992-04-01,0.0572,0.0133,0.0318,305.2952
1992-05-01,0.0584,0.0194,0.0275,293.3508
1992-06-01,0.0585,0.001,0.0117,292.5247
1992-07-01,0.0584,-0.0017,0.0029,293.2727
1992-08-01,0.0547,-0.0633,-0.0564,333.9249
1992-09-01,0.0551,0.005,0.0271,329.5886
1992-10-01,0.0563,0.0203,0.007,315.6702
1992-11-01,0.0608,0.0799,0.0851,270.1434
1992-12-01,0.0668,0.099,0.0405,223.7764
1993-01-01,0.0686,0.0286,0.0448,212.2276
1993-02-01,0.0705,0.0292,0.025,201.1924
1993-03-01,0.0703,-3e-04,0.0581,202.3029
1993-04-01,0.0672,-0.0415,-0.0369,221.3121
1993-05-01,0.0679,0.0114,0.0123,217.1061
1993-06-01,0.072,0.0635,0.0565,192.6416
1993-07-01,0.0736,0.025,0.0246,184.3702
1993-08-01,0.0764,0.0406,0.0439,171.2688
1993-09-01,0.0776,0.019,0.052,166.1187
1993-10-01,0.0728,-0.0575,-0.0618,188.5044
1993-11-01,0.0716,-0.0139,-0.016,195.0265
1993-12-01,0.0729,0.0211,0.0177,188.0467
1994-01-01,0.0781,0.0745,0.0583,163.769
1994-02-01,0.073,-0.0613,-0.0685,187.4145
1994-03-01,0.0645,-0.1147,-0.0556,240.728
1994-04-01,0.0662,0.0277,0.0349,228.4272
1994-05-01,0.0686,0.0376,0.0523,212.795
1994-06-01,0.0658,-0.0383,-0.0388,231.0952
1994-07-01,0.0678,0.0329,0.0329,217.2405
1994-08-01,0.0683,0.0079,0.056,214.6694
1994-09-01,0.0639,-0.0621,-0.0666,245.0811
1994-10-01,0.0653,0.0229,0.0449,234.7036
1994-11-01,0.0614,-0.0579,-0.0616,265.2132
1994-12-01,0.0608,-0.0088,-0.0091,270.1508
1995-01-01,0.0632,0.0388,0.0487,250.4551
1995-02-01,0.067,0.0619,0.0735,222.4796
1995-03-01,0.0637,-0.0487,-0.0046,246.7595
1995-04-01,0.0666,0.0476,0.0521,225.2476
1995-05-01,0.0713,0.0721,0.0835,196.601
1995-06-01,0.0699,-0.0167,0.0174,204.4391
1995-07-01,0.0739,0.0585,0.0633,183.2953
1995-08-01,0.0769,0.0441,0.0481,169.1491
1995-09-01,0.081,0.0574,0.07,152.3474
1995-10-01,0.0743,-0.0786,-0.042,181.1505
1995-11-01,0.0781,0.055,0.0642,163.756
1995-12-01,0.0764,-0.0188,-0.0136,171.436
1996-01-01,0.0811,0.0656,0.0708,151.9917
1996-02-01,0.0833,0.0313,0.0299,144.1188
1996-03-01,0.0836,0.0077,0.0333,143.2435
1996-04-01,0.0827,-0.0058,-0.0128,146.2974
1996-05-01,0.084,0.0203,0.0253,141.8021
1996-06-01,0.0813,-0.0272,0.0036,151.3293
1996-07-01,0.0813,0.0041,-0.0021,151.4089
1996-08-01,0.0836,0.0329,0.0354,143.1313
1996-09-01,0.087,0.0457,0.0664,132.0889
1996-10-01,0.0922,0.0646,0.0813,117.6941
1996-11-01,0.0982,0.0716,0.1048,103.6208
1996-12-01,0.0945,-0.0316,-0.0217,111.9967
1997-01-01,0.1027,0.0932,0.0921,94.7637
1997-02-01,0.1052,0.0306,0.0452,90.4309
1997-03-01,0.0938,-0.1006,-0.0776,113.5918
1997-04-01,0.0999,0.0705,0.0771,100.2448
1997-05-01,0.1004,0.0121,0.0368,99.1635
1997-06-01,0.1032,0.0343,0.0641,93.9116
1997-07-01,0.1164,0.1349,0.1296,73.8119
1997-08-01,0.1086,-0.0588,-0.0698,84.7696
1997-09-01,0.1153,0.0689,0.0934,75.2379
1997-10-01,0.112,-0.0204,-0.0268,79.6981
1997-11-01,0.1186,0.0663,0.0172,71.1206
1997-12-01,0.1176,1e-04,0.0477,72.2971
1998-01-01,0.1174,0.0065,-0.0313,72.5347
1998-02-01,0.1272,0.0918,0.1082,61.7634
1998-03-01,0.128,0.0149,0.0619,61.0175
1998-04-01,0.1292,0.0179,0.0352,59.9232
1998-05-01,0.1294,0.0109,-0.0162,59.6837
1998-06-01,0.1315,0.0249,0.0302,57.8209
1998-07-01,0.134,0.0278,0.0244,55.7145
1998-08-01,0.0997,-0.2467,-0.2806,100.6267
1998-09-01,0.0859,-0.1315,-0.1046,135.4547
1998-10-01,0.1196,0.3965,0.1521,69.9564
1998-11-01,0.118,-0.0048,0.1098,71.8283
1998-12-01,0.116,-0.0089,6e-04,74.3491
1999-01-01,0.1195,0.0388,0.0492,69.9833
1999-02-01,0.1219,0.0281,0.0272,67.2941
1999-03-01,0.1274,0.0535,0.0651,61.6188
1999-04-01,0.1322,0.0466,0.0456,57.2166
1999-05-01,0.1241,-0.0524,-0.0638,64.9599
1999-06-01,0.1297,0.0541,0.0538,59.4353
1999-07-01,0.1256,-0.023,-0.0678,63.4216
1999-08-01,0.1182,-0.0504,-0.0207,71.6358
1999-09-01,0.1115,-0.0479,-0.0524,80.3993
1999-10-01,0.1222,0.1038,0.1116,66.9172
1999-11-01,0.1205,-0.0055,-0.0154,68.8346
1999-12-01,0.1183,-0.0101,0.0048,71.4534
2000-01-01,0.1078,-0.0809,-0.0574,86.1274
2000-02-01,0.1024,-0.0421,-0.0433,95.3388
2000-03-01,0.1107,0.0882,0.1179,81.5462
2000-04-01,0.1052,-0.0426,-0.0566,90.4045
2000-05-01,0.1086,0.0401,0.0403,84.7372
2000-06-01,0.1059,-0.018,-0.0222,89.2214
2000-07-01,0.1162,0.105,0.0927,74.0341
2000-08-01,0.1294,0.1216,0.1214,59.703
2000-09-01,0.1206,-0.0596,-0.0177,68.807
2000-10-01,0.1204,0.0075,-0.0142,68.9326
2000-11-01,0.1091,-0.086,-0.0922,84.0432
2000-12-01,0.114,0.0528,0.1185,76.9123
2001-01-01,0.1164,0.029,0.0564,73.7655
2001-02-01,0.1089,-0.0567,-0.1093,84.3417
2001-03-01,0.1067,-0.0122,-0.039,87.7712
2001-04-01,0.1109,0.0459,0.0492,81.3728
2001-05-01,0.114,0.0361,0.0241,76.9326
2001-06-01,0.11,-0.0271,-0.0406,82.6215
2001-07-01,0.1085,-0.0065,-0.0042,85.0066
2001-08-01,0.1041,-0.0327,-0.0335,92.265
2001-09-01,0.0898,-0.1302,-0.1053,123.9622
2001-10-01,0.0865,-0.0313,0.0253,133.6225
2001-11-01,0.0929,0.079,0.0871,115.8738
2001-12-01,0.0901,-0.0239,0.031,123.0958
2002-01-01,0.0899,0.0029,-0.0343,123.7577
2002-02-01,0.0869,-0.0276,-0.0307,132.3758
2002-03-01,0.0939,0.0851,0.0974,113.5129
2002-04-01,0.0922,-0.0114,-0.0023,117.5619
2002-05-01,0.0977,0.065,0.0313,104.7842
2002-06-01,0.0894,-0.0788,-0.0593,125.2185
2002-07-01,0.0816,-0.0809,-0.0905,150.0237
2002-08-01,0.0837,0.0301,0.0367,142.5957
2002-09-01,0.0723,-0.1323,-0.1447,191.4924
2002-10-01,0.076,0.0548,0.073,173.0516
2002-11-01,0.0819,0.0809,0.0849,149.0821
2002-12-01,0.0757,-0.0717,-0.0609,174.6694
2003-01-01,0.0711,-0.0575,-0.0139,198.0635
2003-02-01,0.0705,-0.0046,-0.0012,200.9588
2003-03-01,0.0685,-0.0271,-0.0172,213.4175
2003-04-01,0.0766,0.1216,0.132,170.2742
2003-05-01,0.0798,0.045,0.0756,157.0143
2003-06-01,0.0802,0.0095,0.0384,155.3576
2003-07-01,0.0837,0.0476,0.0393,142.708
2003-08-01,0.0838,0.0061,-0.0043,142.3152
2003-09-01,0.0835,9e-04,0.0197,143.4128
2003-10-01,0.0893,0.0743,0.0797,125.3574
2003-11-01,0.0888,2e-04,0.0088,126.6926
2003-12-01,0.0915,0.0354,0.0571,119.4128
2004-01-01,0.0878,-0.0344,0.015,129.6048
2004-02-01,0.0899,0.0284,0.0309,123.8278
2004-03-01,0.0872,-0.0241,-0.016,131.5198
2004-04-01,0.0871,0.0037,-0.0461,131.9295
2004-05-01,0.0863,-0.0031,0.0067,134.1576
2004-06-01,0.086,0.0017,0.0179,135.0635
2004-07-01,0.0857,9e-04,-0.0266,136.1904
2004-08-01,0.0876,0.0274,0.0331,130.2841
2004-09-01,0.0861,-0.0116,0.0228,134.7965
2004-10-01,0.088,0.0262,0.0373,129.2672
2004-11-01,0.0883,0.0096,0.0385,128.1735
2004-12-01,0.0895,0.0192,0.0375,124.7077
2005-01-01,0.0768,-0.1367,-0.0287,169.4744
2005-02-01,0.0772,0.0087,0.0211,167.7927
2005-03-01,0.0748,-0.027,-0.0311,178.6069
2005-04-01,0.0743,-0.0039,-0.0071,181.2229
2005-05-01,0.0749,0.0112,6e-04,178.3744
2005-06-01,0.0761,0.0193,0.0144,172.8033
2005-07-01,0.0775,0.0221,0.0228,166.5701
2005-08-01,0.0765,-0.0094,0.003,171.0542
2005-09-01,0.0793,0.0407,0.0357,159.0216
2005-10-01,0.0792,0.0027,0.0063,159.4729
2005-11-01,0.0823,0.0428,0.0509,147.8071
2005-12-01,0.0833,0.017,0.019,144.185
2006-01-01,0.0809,-0.0244,0.0419,152.9592
2006-02-01,0.0849,0.0538,0.0348,138.867
2006-03-01,0.0846,0.0013,0.0107,139.8673
2006-04-01,0.0861,0.0233,0.0477,134.8395
2006-05-01,0.0817,-0.0467,-0.0346,149.9549
2006-06-01,0.0797,-0.0194,-0.0092,157.3678
2006-07-01,0.0777,-0.0209,0.0319,165.5438
2006-08-01,0.079,0.0204,0.0265,160.1966
2006-09-01,0.0814,0.0346,0.0355,150.8428
2006-10-01,0.0829,0.0224,0.0305,145.5485
2006-11-01,0.0807,-0.022,0.0087,153.627
2006-12-01,0.0818,0.0182,0.0223,149.4307
2007-01-01,0.076,-0.0671,0.0148,173.336
2007-02-01,0.0728,-0.0383,-0.0296,188.7908
2007-03-01,0.0703,-0.031,0.0105,202.2787
2007-04-01,0.0734,0.0463,0.069,185.6453
2007-05-01,0.0746,0.0196,0.0239,179.6493
2007-06-01,0.0704,-0.0535,-0.0433,201.9464
2007-07-01,0.0673,-0.0412,-0.0428,220.8107
2007-08-01,0.0641,-0.0454,-0.0268,243.2232
2007-09-01,0.0644,0.0057,0.037,240.9789
2007-10-01,0.0653,0.0146,0.0292,234.6269
2007-11-01,0.0605,-0.0712,-0.0615,272.7561
2007-12-01,0.0568,-0.0617,-0.0563,309.9218
2008-01-01,0.0516,-0.0931,-0.0386,376.0284
2008-02-01,0.0477,-0.0787,-0.0676,440.3996
2008-03-01,0.0446,-0.069,-0.0239,503.4633
2008-04-01,0.047,0.0488,0.0854,452.7729
2008-05-01,0.0447,-0.0538,-0.0579,500.8182
2008-06-01,0.0397,-0.117,-0.1524,634.0744
2008-07-01,0.0435,0.0868,0.0857,528.5845
2008-08-01,0.0438,0.001,-0.0333,520.9536
2008-09-01,0.0447,0.013,-0.0253,501.5538
2008-10-01,0.0357,-0.2066,-0.2343,785.4799
2008-11-01,0.0277,-0.2342,-0.1799,1300.6904
2008-12-01,0.026,-0.0829,-0.0543,1483.2013
2009-01-01,0.0249,-0.0627,-0.184,1612.4413
2009-02-01,0.0223,-0.1284,-0.1144,2012.9658
2009-03-01,0.0265,0.1607,0.1457,1424.1933
2009-04-01,0.034,0.2632,0.3055,863.6089
2009-05-01,0.0385,0.1178,0.1684,675.7354
2009-06-01,0.0401,0.0342,-0.0171,620.5691
2009-07-01,0.046,0.1377,0.1352,472.5785
2009-08-01,0.0504,0.0911,0.1013,393.3297
2009-09-01,0.052,0.028,0.025,369.8997
2009-10-01,0.0488,-0.0638,-0.0633,419.7777
2009-11-01,0.0495,0.0101,0.0278,408.3581
2009-12-01,0.0505,0.0165,-0.0175,392.4792
2010-01-01,0.0467,-0.0789,-0.0699,459.4708
2010-02-01,0.0507,0.0817,0.0586,389.2605
2010-03-01,0.0544,0.0696,0.0809,338.3008
2010-04-01,0.0535,-0.0171,-0.0145,348.9782
2010-05-01,0.049,-0.0868,-0.1097,416.6298
2010-06-01,0.046,-0.0649,-0.0519,472.6668
2010-07-01,0.0508,0.0986,0.1305,388.0431
2010-08-01,0.0475,-0.0679,-0.0719,443.7669
2010-09-01,0.048,0.0075,0.0484,433.4138
2010-10-01,0.0482,-0.0014,0.0022,431.0283
2010-11-01,0.0466,-0.0367,-0.0491,460.646
2010-12-01,0.0495,0.058,0.0724,407.8335
2011-01-01,0.0504,0.0142,0.0512,393.7598
2011-02-01,0.0534,0.0572,0.0658,350.2038
2011-03-01,0.0507,-0.0538,-0.0447,389.4913
2011-04-01,0.0506,-0.0053,0.0256,391.2422
2011-05-01,0.0499,-0.0151,-0.0316,400.827
2011-06-01,0.048,-0.0432,-0.036,434.7743
2011-07-01,0.0451,-0.0642,-0.0525,492.0906
2011-08-01,0.0402,-0.1143,-0.1168,619.6157
2011-09-01,0.0354,-0.1274,-0.138,798.6187
2011-10-01,0.0387,0.0829,0.1214,666.7383
2011-11-01,0.0352,-0.1006,-0.0977,807.8346
2011-12-01,0.0363,0.0202,0.0086,758.6883
2012-01-01,0.0408,0.1127,0.1149,601.0285
2012-02-01,0.0436,0.0614,0.0722,525.7329
2012-03-01,0.0456,0.0392,0.0502,481.061
2012-04-01,0.043,-0.0631,-0.051,541.9344
2012-05-01,0.0379,-0.1241,-0.1401,695.8674
2012-06-01,0.0398,0.0399,0.0586,631.7171
2012-07-01,0.039,-0.0289,-0.0205,658.415
2012-08-01,0.0408,0.0384,0.0591,600.2032
2012-09-01,0.0433,0.0521,0.0686,534.2535
2012-10-01,0.0455,0.0454,0.054,482.9266
2012-11-01,0.0463,0.0113,0.0207,467.2598
2012-12-01,0.049,0.0533,0.0565,417.2462
2013-01-01,0.0492666417118018,0.0684237914843743,0.0853954725858541,411.997026184729
2013-02-01,0.0484507080083212,-0.0201667188732414,0.00333364272737024,425.990333694769
2013-03-01,0.0472325568852327,-0.0248930896603605,-0.016422600822286,448.246686018038
2013-04-01,0.0503816750546628,0.0621951261126964,0.0440183061396262,393.962418570618
2013-05-01,0.0528457770004925,0.0457518748950219,0.0753754925099137,358.07947196131
2013-06-01,0.0497175471649125,-0.0614286499606081,-0.0610579487638877,404.557830056858
2013-07-01,0.0554791347079986,0.112464980602947,0.069484959367027,324.893215370519
2013-08-01,0.0531871986258663,-0.042648496356161,-0.0402917907170747,353.497027964755
2013-09-01,0.0552094260389565,0.0359089731537188,0.0165434676643637,328.075300720711
2013-10-01,0.0562287082855921,0.0170374095996996,0.0259803227715238,316.288780257113
2013-11-01,0.0583852656556914,0.0372562940330789,0.0406331440308663,293.354989169886
2013-12-01,0.060246395748545,0.0314352579902664,0.00358539623480558,275.510312546562
2014-01-01,0.0581949594300803,-0.0339641886007372,-0.0196704572976213,295.276755696807
2014-02-01,0.0606544117886965,0.0218818861148855,0.0124611011155236,271.816120176828
2014-03-01,0.0596350436560242,-0.0166081519930674,-0.00070898959270171,281.18808689367
2014-04-01,0.0584133014398068,-0.0205702165847638,-0.0224951297394146,293.07346207722
2014-05-01,0.058658889904406,0.00377107768945126,0.00959198466394717,290.624565036742
2014-06-01,0.0584507798672761,-0.00390951810192183,-0.00989208483540393,292.697747293335
2014-07-01,0.0588478634143444,0.00637117678352332,0.0266843726822836,288.761042378155
2014-08-01,0.0599678946352596,0.0187255728798644,0.0290374865902194,278.075288444432
2014-09-01,0.0604781937100997,0.00851919168286322,0.00875831686166916,273.402433990623
2014-10-01,0.0605829163394374,0.00188164977767219,0.0117239527915214,272.458053046893
2014-11-01,0.0606760551772906,0.00171597508933313,0.01135951265291,271.622238994231
2014-12-01,0.0615596781258572,0.0147668430831102,-0.00300629276879593,263.880512704875
2015-01-01,0.0547969172590151,-0.109417017808392,-0.0959606806586766,333.033365619324
2015-02-01,0.0591651607929922,0.0781561851302965,0.0777326401339085,285.672148936777
2015-03-01,0.0581198133435903,-0.0178844311288351,0.00172237969866362,296.040806230462
2015-04-01,0.0615196771875863,0.0579779815439224,0.0430683292415013,264.223781728297
2015-05-01,0.0618157854365831,0.00524265825001517,0.0222119441345696,261.698489780836
2015-06-01,0.0643869655661718,0.0421013685523428,-0.00493346026186414,241.214873801574
2015-07-01,0.0659604927231452,0.02559043027495,0.0409048406656898,229.843495411984
2015-08-01,0.0610262007287653,-0.0732851929871433,-0.0742524823403005,268.514246938587
2015-09-01,0.058012376886892,-0.0490874825319761,-0.0540999343209862,297.138331560564
2015-10-01,0.0609604289773865,0.0502663206041886,0.0561856746669482,269.093973159361
2015-11-01,0.0611906743420718,0.0040575739259869,0.0115741670365275,267.072715017779
2015-12-01,0.0624195508078405,0.0204249501788021,-0.0262376402713798,256.660314430784
2016-01-01,0.0548013502252888,-0.121385012558446,-0.11011785618192,332.979488626855
2016-02-01,0.0509905417775877,-0.0710978860983512,-0.0840990686522277,384.610155282355
2016-03-01,0.0510108683787443,-0.00252165818602421,0.0420365930458078,384.303700604371
2016-04-01,0.0596249352317485,0.0615831517717246,0.0639524950199555,281.283436579533
2016-05-01,0.0591131155565832,-0.00867005626476852,0.0187771971326902,286.175401708448
2016-06-01,0.0532210515946517,-0.0999053819222341,-0.0805779533426095,353.047464586326
2016-07-01,0.0559502517768572,0.0491804291794218,0.0613492734409447,319.444863717801
2016-08-01,0.0593776607457649,0.0600727980199687,0.0771122223292899,283.631088655214
2016-09-01,0.0580643698313719,-0.0222733643022854,-0.0320193482873854,296.606432911547
2016-10-01,0.0604888429658239,0.0412190048064374,0.0626238976693099,273.30617570562
2016-11-01,0.0672675005631414,0.112217571717437,0.13450943628343,220.998546785446
2016-12-01,0.0706022062082182,0.0513893602370687,0.0581160875343176,200.615024619625
2017-01-01,0.0749955670725329,0.0647432576911106,0.0078949939890871,177.79879500096
2017-02-01,0.076642627994843,0.0253064672092852,0.0350652539493299,170.239064605333
2017-03-01,0.0742041795941909,-0.0281854956523099,-0.0135988212647133,181.611466058935
2017-04-01,0.0738766941363226,-0.00121086569962432,-0.00678026692369759,183.225153228014
2017-05-01,0.0721421241519751,-0.0203364397690314,-0.0208169140438573,192.141930091564
2017-06-01,0.0759287006460123,0.0553057512954621,0.0605188860971957,173.455495579751
2017-07-01,0.0765699802327376,0.0119537088463277,0.011551265658239,170.562255339261
2017-08-01,0.0752556514000512,-0.0135470922147271,-0.0175987594422554,176.571969597769
2017-09-01,0.0790614356014479,0.0539617537299611,0.0544355583403901,159.981810724381
2017-10-01,0.0791920986952136,0.00568137632498193,0.0342992113159302,159.454321906112
2017-11-01,0.0801802708271051,0.01652769104917,0.0168247992910286,155.548190143583
2017-12-01,0.082577061151116,0.0340973563134096,0.0283781972609281,146.649691843788
2018-01-01,0.0876987485957585,0.0665892248942051,0.0534613323325208,130.02091182441
2018-02-01,0.0839135135925087,-0.0378898937207551,-0.0282885916302262,142.015644101309
2018-03-01,0.0790761319809887,-0.0528886523258582,-0.0588129589569467,159.922350685834
2018-04-01,0.0767356271510725,-0.0255670755268914,0.00838402317599906,169.826674789461
2018-05-01,0.0742941760768299,-0.0281702859306398,-0.0173502571169731,181.171741316058
2018-06-01,0.0731760788436387,-0.0118308667345806,-0.0115602217383285,186.750482252632
2018-07-01,0.0785016696797833,0.0757912378514782,0.0637577746197038,162.271485536105
2018-08-01,0.0768498341677885,-0.0171033530261737,-0.0140346681028894,169.32228889753
2018-09-01,0.0754740817030023,-0.0142363902821827,-0.0204468360322286,175.551411097268
2018-10-01,0.0709548670462757,-0.0564489775300354,-0.0447611912138132,198.625781409854
2018-11-01,0.0706759357815599,-0.00134455855085895,0.00345872898348198,200.196677275777
2018-12-01,0.0642006258390064,-0.0890886862756275,-0.105687940593885,242.617138746428
2019-01-01,0.0694615480912265,0.0830518759875817,0.0922698097730423,207.25789529172
2019-02-01,0.0697504367147696,0.00644314664918389,0.0148059527465805,205.54463130336
2019-03-01,0.0672560801794374,-0.0334174795745184,-0.0300581739625043,221.073606244141
2019-04-01,0.0705737434850076,0.0511418641063463,0.0912039506170463,200.776875219597
2019-05-01,0.0637870946484888,-0.0936533403342986,-0.0914571656328647,245.773105427491
2019-06-01,0.0677005814298254,0.0623583980305799,0.0582743391365714,218.180133389921
2019-07-01,0.0667252948329758,-0.0124954168334738,0.0251125092964322,224.604781300116
2019-08-01,0.0623020386808234,-0.0645955408436161,-0.0586870691064319,257.629436603531
2019-09-01,0.0656919409718732,0.0550439156792213,0.0699233587683932,231.726558673382
2019-10-01,0.0671619931825656,0.023837703048766,0.03416005536435,221.693442557567
2019-11-01,0.0694721316118076,0.0361887673875317,0.0487321116755546,207.194751954468
2019-12-01,0.0735037873510763,0.0603190688214119,0.0276756776586902,185.088981589688
2020-01-01,0.0691415687984738,-0.0562725691927738,-0.0437361648344328,209.180665993063
2020-02-01,0.0609870321409596,-0.115722026688334,-0.109893463949056,268.85926130757
2020-03-01,0.0427326936217489,-0.299027331130019,-0.224026074040807,547.620202890155
2020-04-01,0.0446687417964499,0.0386035913927545,0.0623002342680412,501.178648470789
2020-05-01,0.0449011095875254,-0.00048819078090167,0.00800089495441969,496.004770312626
2020-06-01,0.0455281195857749,0.00838965029741323,0.0191347587189632,482.436961298368
2020-07-01,0.0455262846102959,-0.00530880085991467,0.00011616218071264,482.475852143175
2020-08-01,0.0477415346404607,0.0433893243668757,0.0444271798849403,438.740018900922
2020-09-01,0.0437825094562108,-0.0871784562188214,-0.0641549298534594,521.673408399377
2020-10-01,0.043875685655249,-0.0040142866255691,0.00158917470891384,519.46006713193
2020-11-01,0.053523225142907,0.213789462847677,0.223914060097684,349.072350562872
2020-12-01,0.0557026860355913,0.0387257401110193,0.0623401693491206,322.290663452797
2021-01-01,0.0550778685411494,-0.0124816355411965,-0.00558729517309886,329.64443595106
2021-02-01,0.0620958095099672,0.125950656475337,0.137863943487804,259.343527551041
2021-03-01,0.0640800669032608,0.0325347114496173,0.0575270009877262,243.530907421073
2021-04-01,0.0663144823625553,0.0359467186741247,0.0390588323921512,227.396215251842
2021-05-01,0.070318078873168,0.0619752333436221,0.0624542981397633,202.239510692146
2021-06-01,0.0670882436997803,-0.0434726090059982,-0.0317852868924607,222.181121542801
2021-07-01,0.0656002918816644,-0.0204031058426124,-0.0208829627184108,232.374493704491
2021-08-01,0.0675956387105966,0.0318552470831444,0.0474628981585334,218.858111743052
2021-09-01,0.066871340743206,-0.0088275785034964,0.00066034423196903,223.624786307274
2021-10-01,0.0706154739567171,0.0577177711105714,0.0678949034327554,200.539645683765
2021-11-01,0.0659110419892427,-0.0641014613423696,-0.0563546411206748,230.188511752677
2021-12-01,0.0687309798104652,0.0385697463953241,0.0240735573148603,211.687361440194
2022-01-01,0.0701630662354233,0.0229182175853043,0.0360848323308043,203.134121273576
2022-02-01,0.0670789834976242,-0.0385694069653575,-0.0411157561233462,222.242469643431
2022-03-01,0.0630990449718986,-0.0505760845495021,-0.0317298734902247,251.162286359426
2022-04-01,0.0567079419639019,-0.0994386442533782,-0.0834875242003965,310.96551329208
2022-05-01,0.0599879731747028,0.0546711175635376,0.0631595120169994,277.88917076275
2022-06-01,0.0540551042430785,-0.0985723069660824,-0.124617649719718,342.23670158139
2022-07-01,0.0564893023366159,0.0428353367131561,0.0529005895781252,313.377331325869
2022-08-01,0.0550643836127936,-0.0301388215755068,-0.00710046301611866,329.8059115044
2022-09-01,0.0509822086689508,-0.0733693780892627,-0.070377347171158,384.735895622802
2022-10-01,0.0563892234049278,0.100040129586351,0.11181764162809,314.490675241937
2022-11-01,0.0609626037732618,0.078478914921499,0.0769281849986894,269.074774044233
2022-12-01,0.0580643799460797,-0.0459522597797262,-0.0575997162822584,296.606329574971
2023-01-01,0.0642036673149928,0.10411271287543,0.0978998563598836,242.594152622616
2023-02-01,0.0635308003902482,-0.0116439751361619,0.00090423911041059,247.760087871493
2023-03-01,0.0561864189023113,-0.110962706997743,-0.107366674315889,316.765076536241
2023-04-01,0.0579706597111382,0.0294439160529394,0.04049119415904,297.566142188239
2023-05-01,0.0551030406887789,-0.0553585756370517,-0.0358227069816677,329.343328680346
2023-06-01,0.0571050946284974,0.0376927914350576,0.0506993860868448,306.655168536339
2023-07-01,0.0606388840694832,0.0605449459217478,0.0714192623037466,271.955345192231
2023-08-01,0.056400932123175,-0.0696556226372228,-0.0579286475483802,314.360113552547
2023-09-01,0.0554928311189113,-0.016667672074556,-0.00622057883714077,324.732858735423
2023-10-01,0.0520659904947405,-0.0663767653478475,-0.0571012266784946,368.885624014262
2023-11-01,0.0577667684774548,0.10552323684092,0.110463519778293,299.670403880772
2023-12-01,0.0635552158850819,0.105738932034136,0.0960387534982985,247.569764445544
2024-01-01,0.0630083165420771,-0.016958453012453,0.00771194732060331,251.886126243592
2024-02-01,0.0639662805329034,0.016016464052501,0.0269272465312493,244.398087572665
2024-03-01,0.0683806980061238,0.0700615293314441,0.0811659155780302,213.861663583295
2024-04-01,0.066397931003151,-0.0269389242214166,-0.0069728635083478,226.824993217239
2024-05-01,0.0695901093983426,0.0496977375163813,0.056660291675547,206.492822963202
2024-06-01,0.0682888431402761,-0.0163882944617118,-0.015462379902349,214.437378302671
2024-07-01,0.0715256311943435,0.0494359391714096,0.0472766041744002,195.468419746811
2024-08-01,0.0720253089566327,0.00968478168400132,0.00871257615541321,192.765691346061
2024-09-01,0.0692499262207032,-0.0357378543340096,-0.0124384583049326,208.526555709246
2024-10-01,0.0709402324069927,0.0266490491246904,0.0547603620394541,198.707741008687
2024-11-01,0.0774159463265245,0.0938677291666353,0.106292016161962,166.85496957361
2024-12-01,0.0775957186723356,0.00608256059925906,-0.0275863428153676,166.082732063208
2025-01-01,0.0845485581662186,0.0933936553844705,0.0995179394721564,139.890295747331
2025-01-01,0.0826352911421935,0.00380547090456134,-0.00307081598408975,146.443087584797
2025-02-01,0.0826591261700451,0.00486305172302508,0.00135229393936886,146.358645080065
2025-03-01,0.0744767407916152,-0.0944113999791164,-0.0661058810670357,180.284617956819
2025-04-01,0.0738526616075059,-0.00512786233734441,-0.00921598707322202,183.344419890375
2025-05-01,0.0790985179546765,0.0741698009851228,0.0832608091756435,159.831843024505
