"date","g_us","g_ca","g_ea","z_us","z_ca","z_ea","rstar_us","rstar_ca","rstar_ea","gap_us","gap_ca","gap_ea"
1961-01-01,4.91767093739228,3.16502623514883,,0.00465015482126361,-0.0411264980919919,,5.47734664193975,3.54663183867736,,-3.82412402799525,-2.39189478083796,
1961-04-01,5.10939796126601,4.94568576045203,,0.0109594848975078,-0.0106951197691247,,5.69702197868822,5.59555392835886,,-3.52803409632384,-2.36221279540126,
1961-07-01,5.03178435061942,5.34203995006207,,0.0134724671936205,-0.00476884485446028,,5.61316160665749,6.05077286072287,,-2.77401254673248,-1.6721725657066,
1961-10-01,5.00994685556637,4.90239111712734,,0.0104208598239349,-0.0131125013080716,,5.58580784813012,5.54405931775919,,-2.07731096602845,-1.03396800873384,
1962-01-01,4.84779610206352,5.40569131432789,,0.0126696629627809,-0.00330537206724527,,5.40760499633387,6.12438919918157,,-1.24996822070727,-0.465693909366905,
1962-04-01,4.37424325539598,4.81411746178738,,0.00588654928585253,-0.00664915685009703,,4.87382220467591,5.45045886516364,,-0.635462320053193,0.145624944101996,
1962-07-01,4.2752293647193,4.7943831691566,,0.00236604754004776,-0.00658246620837715,,4.76011275808591,5.42815548123217,,-0.304769629860175,0.257556631086629,
1962-10-01,3.87722251764492,5.03163444024432,,-0.0126692734266475,-0.0035529350440217,,4.30215014459319,5.70012440263008,,-0.15321605136478,0.43529928387585,
1963-01-01,3.85809956888673,4.72814966571721,,-0.00734235777484119,-0.00939481992313531,,4.28619582857565,5.3502632430289,,0.0443400937078877,0.589762575189297,
1963-04-01,3.82456588726983,4.81453264406655,,-0.00400672574828082,-0.015062970643853,,4.25221305033821,5.44251568686314,,0.309047364955063,0.569720230759913,
1963-07-01,4.11320055242357,4.54448557498324,,0.00385873522155987,-0.00142708159122727,,4.58128949475077,5.15003606487698,,0.70588802285215,1.03530611546012,
1963-10-01,3.86556431702102,5.07627255893347,,0.00814627822729426,-0.00470682799220444,,4.30999171030688,5.74957065342989,,1.13208211216875,1.21209170933031,
1964-01-01,4.1386288591544,5.21733439300248,,0.00996011463038037,-0.00292688001761354,,4.61568910856586,5.91125315309921,,1.36582657788904,1.93460102468924,
1964-04-01,4.07558548568823,4.87142798314032,,-0.00538055117180572,-0.00538432206484406,,4.53018977356907,5.51668881729456,,1.55279116601719,2.25576849757107,
1964-07-01,4.17092886978739,4.84608273658162,,-0.0123477242895615,-0.009183329848306,,4.62932677250195,5.48415936215221,,1.71537387230319,2.17580287370737,
1964-10-01,3.9533919045064,4.67331265051522,,-0.0273145437477158,-0.00948481184755842,,4.37227100466389,5.28801201014236,,1.69605047737491,2.15178961405559,
1965-01-01,4.28331863474738,5.08624142182846,,-0.0119377427448571,-0.00518021501007344,,4.75481122115014,5.76039760590444,,1.94986443600487,2.4301253079671,
1965-04-01,4.2649902987388,4.89654522229174,,-0.0205404143039362,7.36991146925827e-05,,4.72581161344671,5.55061882494972,,2.16435299200225,2.91006915783606,
1965-07-01,4.49428914668118,4.92135282702402,,-0.0194695414507789,-0.00377624587333964,,4.98206080457507,5.57488987614968,,2.42060352807243,2.94149185238462,
1965-10-01,4.68958292387645,5.1027367694486,,-0.0165732422117854,0.0036751959465674,,5.20229242006834,5.78795154146882,,2.82591547252446,3.35120028038898,
1966-01-01,4.879779522653,5.12752003684494,,0.00410594241765667,0.0163849910549618,,5.43463445714116,5.82875474484858,,3.39657594407868,3.9568988726258,
1966-04-01,4.61486880849502,5.22378466730109,,0.0386458459458692,0.0163122278282416,,5.17436489634575,5.93780405669964,,3.7216724889837,4.35327004031245,
1966-07-01,4.59131501520227,4.9630724476996,,0.0485823497885419,-0.000221926345845641,,5.15808924336609,5.62573603649145,,3.54750533330321,4.17219920760482,
1966-10-01,4.56304483430954,4.99564573045602,,0.0571775055839446,-0.000796993319545232,,5.13522354673124,5.66208485516125,,3.36660891574638,3.99939233159193,
1967-01-01,4.57572820379797,4.75751222194804,,0.00638750895775337,-0.0057798294865548,,5.09854840905512,5.38716255658929,,2.85201757241589,3.69077298518454,
1967-04-01,4.38130781938926,4.92615785109362,,-0.00466942799895428,0.00826961862017061,,4.87112812279673,5.59238254072739,,2.52381967059421,3.78244421881453,
1967-07-01,4.37659949047611,4.7447197974436,,0.0218800359963772,0.0114117823647695,,4.89243785940256,5.38985314246061,,2.49228131859115,3.81629899460376,
1967-10-01,4.29573863695101,4.65142316180391,,0.0402013686534661,0.00290947768621597,,4.82077209966039,5.27559317340898,,2.55327062491426,3.50462177033796,
1968-01-01,4.46361829880886,4.61064248977008,,0.077669920108543,0.0123536536937411,,5.0450677990489,5.23880986654651,,2.94158962965957,3.45554711951485,
1968-04-01,4.50968595858825,4.87553055946468,,0.0896014295386024,-0.0181564062991276,,5.1082663255393,5.50856726399317,,3.33449811827268,3.3883684306719,
1968-07-01,4.40335503005868,4.83558359479762,,0.0725495517284889,0.00697919862246502,,4.97288263853653,5.48842044631705,,3.36002396775086,3.89957909996571,
1968-10-01,4.2710832259703,4.85330305027774,,0.0653741918929336,0.0138023181299973,,4.81850681596257,5.51532969446888,,3.17749356683339,4.00653847673016,
1969-01-01,4.40234480457067,4.88648449671335,,0.0471892983947189,-0.00818126748232168,,4.94639814213123,5.53095938667189,,3.05050281143258,3.85804503184386,
1969-04-01,4.23134012291075,4.73483903874474,,0.044384110338068,0.0304008401214684,,4.75328808566927,5.39764173242915,,2.95788795839246,4.07321880365879,
1969-07-01,4.2066280266839,4.7784363555378,,0.0269062909751824,-0.00267036798184218,,4.70830907642771,5.41399085299421,,2.60218211740687,3.58325237638701,
1969-10-01,3.97044949930946,4.8181951685311,,0.0107940069630692,-0.00229330454336558,,4.42936233001452,5.45943705715344,,1.9957026490888,3.57567698899049,
1970-01-01,3.86911694257292,4.73642699100552,,-0.019270775437088,0.00556541275588888,,4.2865282439454,5.37460634984637,,1.1797688093186,3.47737583677167,
1970-04-01,3.80615589811844,4.62852007382357,,-0.0239246113552807,-0.0343745328412829,,4.21180735978464,5.21234705744088,,0.602640514461768,2.69469713431749,
1970-07-01,3.86735366474401,4.67041556488441,,-0.0290084423488095,-0.0473164719389694,,4.27482828949901,5.24689631941359,,0.29601879758718,2.27032866512064,
1970-10-01,3.46073378053567,4.56292091226915,,0.0142880032493558,-0.0703565716215339,,3.86561230792783,5.10200420100348,,0.0895766491383938,1.73533194685194,
1971-01-01,3.87347929030744,4.36679240427684,,0.0253127662819055,-0.0584125577669935,,4.3359664832288,4.89162408944854,,0.210712355193436,1.22675523855145,
1971-04-01,3.68353386256902,4.6616270835572,,-0.0117388353521625,-0.0276593954774193,,4.08753154823174,5.25659109388881,,0.463761483367648,1.52498733549987,
1971-07-01,3.61163251697071,4.81552393196908,,-0.0752297558348784,-0.0068102028570443,,3.94402424469196,5.45189214247185,,0.471890046313661,2.33062073606408,
1971-10-01,3.4594251546363,4.72918865709251,,-0.201963886946711,0.000170482045917564,,3.64790409573429,5.36100630773722,,0.0641219731968476,2.72824556049534,
1972-01-01,3.6066969847896,4.49045520580421,3.4169903105456,-0.140503793526021,0.0120941147369122,0.00996142366473613,3.87325763338752,5.10231040476265,3.30437304200764,0.58393790816433,2.59816887941855,-1.95995427150046
1972-04-01,3.80047606836023,4.75297811571687,2.53058775464793,-0.197419114744473,-0.0140312028889023,-0.00993439633405253,4.03199198117607,5.37377148568617,2.42987284409598,0.950875635618104,2.68367637238703,-1.33774202516088
1972-07-01,3.68759260671142,4.53273859087595,2.62119680176452,-0.202339733039488,0.0164926156766111,0.00590353452110793,3.90144747875293,5.15463980928009,2.53306937723533,1.39836381855366,3.1632225883082,-0.654657232777936
1972-10-01,3.79849196754795,4.69204308426588,2.7795192739914,-0.232388276045951,0.00635040230783474,0.0187695931975352,3.99481478650195,5.3250793610472,2.6985783598145,1.58839683869087,3.41601140776623,-0.0515747057431781
1973-01-01,4.0416499359361,4.7957341478666,3.38779216344464,-0.221550253572573,0.0400856854680266,0.0329922783703821,4.27625443652513,5.47635505311476,3.29925318327795,2.09754156291035,4.35423163739955,0.134026875389509
1973-04-01,3.95192108353226,4.67388279376898,3.06449030375817,-0.0576140607482607,0.0578589855515122,0.0388375008895072,4.34033466468742,5.3560021011453,2.99339444822486,2.99846828151738,4.86566557201377,1.15094973995565
1973-07-01,3.6735563214619,4.53495273244277,3.16201778856895,-0.0427268925862875,0.0888799837836899,0.0465352825596394,4.0454398496881,5.22953704753514,3.0951210827357,2.68704820006496,5.07640497527251,1.54511309364398
1973-10-01,3.79761080906056,4.62755668201211,3.03982926348366,0.00926321868458788,0.0890872715957805,0.0721450484924234,4.2354856721149,5.33471679604772,3.00292562825951,2.33600354914734,5.25481124867537,2.1891526606089
1974-01-01,3.51809464082787,4.53154412175348,2.98094278844874,0.0929593501018078,0.102215166167552,0.107197848355413,4.00811846248005,5.23900835312661,2.98120440481912,1.91495378627519,5.51584382881157,2.62904393446797
1974-04-01,3.47511090550402,4.47713817511219,2.722318581893,0.328950741920098,0.146232075949462,0.101309629707643,4.19627482419875,5.22135266554918,2.72596968137371,2.07872566867832,5.90068637161602,2.82556492936533
1974-07-01,3.17686098428521,4.31583257604597,2.81451341786704,0.493711360433502,0.118814304109225,0.115376716980172,4.02912399175951,5.01108474814286,2.82892427232067,1.93848035762676,5.57981071840607,2.54559777595068
1974-10-01,3.09411948825064,4.09633686276405,2.05418306759873,0.453568853684709,0.151608361050044,0.0726037384336547,3.8969014942077,4.79506646777447,2.05309649640697,0.995957594386596,5.34328496389412,2.80854830016915
1975-01-01,2.82105471871372,3.93906185020896,2.16685769243671,0.291190301808513,0.089729885450287,-0.135585531287487,3.43063912740652,4.55490677251415,1.95353984177199,-0.281985583533924,4.38335921887841,0.711586230893772
1975-04-01,2.89977730809547,4.00830449485983,2.32749971455301,0.109575459327765,0.0719601381002322,-0.086257788763375,3.33663178120831,4.61562796241044,2.15774684819708,-1.06802638891691,4.21226721695911,0.107790595937558
1975-07-01,3.01483064563322,4.08382589391636,2.51171973152465,0.0286046848865253,0.0988915709362123,-0.115271786487834,3.38369966656971,4.72816769955067,2.30634428892758,-0.780720106409717,4.80372781987188,-0.375544782466932
1975-10-01,2.98020116811413,4.05265825548744,2.57098546222234,0.0267914099743094,0.0761160708359271,-0.105627538360221,3.34334851013142,4.67006170096385,2.37312821087209,-0.0564193064537903,5.01150900688936,-0.20146909595428
1976-01-01,3.15305357437902,4.14062472991779,2.67148220780666,0.00106358048590604,0.030609133364591,-0.0271457139751073,3.5099818143177,4.72427035146736,2.54850163171179,0.637936028510467,5.04810526995539,0.386472237835278
1976-04-01,3.01974193475722,4.27859236135774,2.64840720913471,-0.116222590979114,-0.0213023345063719,0.0315627589552465,3.24433798510401,4.82875396001185,2.58496288214242,0.846355865913893,5.16599899653124,1.15734655340384
1976-07-01,2.8842572301245,4.17135795445256,2.67503545739249,-0.051570102000018,-0.0569375149626043,-0.0861653729675768,3.15821449160247,4.67156176587592,2.49290775554414,1.36093555539867,5.00786449844622,1.10307010630754
1976-10-01,2.84000793472055,4.07769761313442,2.72374713809132,-0.0480195760770469,-0.0427682583926168,0.0759625563470755,3.1125215918067,4.57956107457721,2.7019999171974,1.55302433065583,4.70422892478496,1.90548633622211
1977-01-01,2.8804880188875,4.1902920358078,2.64557017619745,-0.00433501593826024,0.00202193766670043,-0.00638659677501967,3.20125496005794,4.75198420275381,2.54427826718672,1.95906100376692,4.76103940734941,1.99175013261834
1977-04-01,3.05863362897027,4.11897112444257,2.56452133944701,-0.0286178247153947,0.0241918258924716,-0.0543741244079606,3.37522389827803,4.69330730636373,2.41814939141481,2.36135986660645,4.70676007525361,1.8789406032306
1977-07-01,3.15575947666955,4.0859963896721,2.51962385952336,-0.0013825866472397,0.00589900369255633,-0.0997097200645566,3.51054694707598,4.63763552715497,2.32952693625548,3.04381725105929,4.37401480373666,1.5403917440392
1977-10-01,2.9360636700361,4.1588081423405,2.69938014435006,-0.097935218505688,0.0331372574284639,-0.156205524450004,3.169502871096,4.74741052884884,2.44633896694805,2.94417809626987,4.62716446121038,0.998070712816116
1978-01-01,2.86262937371302,4.10389664931595,2.73327280344913,-0.105018518979922,0.020047889222186,-0.278281165883004,3.08069722265709,4.67207549433642,2.35694014334738,2.81889100723004,4.70126110807826,0.673148263611893
1978-04-01,3.47021024707051,4.04181521311172,2.77863952821614,-0.0208642351019233,0.00944051680197685,-0.208439442456382,3.84100608328421,4.59109486945251,2.47052113776267,3.55972203520957,4.65720723914319,0.889866969330797
1978-07-01,3.38477681420237,4.02525626585465,2.73355364971508,-0.0378126073331038,0.0186468965678555,-0.256289443869882,3.72898196200588,4.58153063038121,2.37920263674626,4.00957735212455,4.70234769430266,0.917710958482985
1978-10-01,3.46417591709003,4.02183328872739,2.81809451667193,-0.0124452928595525,-3.75441424762361e-05,-0.249371479869422,3.8427096399494,4.55896602760823,2.46762870847178,4.22619354445897,4.58777162209191,0.871734732542564
1979-01-01,3.38112996936067,4.00012261125541,2.76210790045905,-0.184519643259196,0.00433046110155416,-0.207430710225869,3.57821648556835,4.53872360048617,2.45559128615085,3.49153558046942,4.51382723231114,1.07640876619007
1979-04-01,3.27366788402423,4.06580652455356,2.87979088932618,0.0354453867742638,0.0224178379083831,-0.111249595808977,3.67859088328695,4.63126786643661,2.66523371317628,3.70125929701339,4.53517119400919,1.23787839874126
1979-07-01,3.37920714606364,4.05383662502235,2.78745055136876,-0.0459080097143483,-0.0194234905560275,-0.00641079811756666,3.7146882792506,4.57585789631088,2.68104472484507,2.99920461932948,4.16001168121613,1.73060750903119
1979-10-01,3.32385281593228,4.02688417350975,2.81164527438485,0.0272999833840452,0.0212193634281561,0.0809203183729505,3.72629445882518,4.58594843400245,2.79170261998076,2.79939733018909,4.11458070918042,1.86306100363231
1980-01-01,3.30660082347189,4.04124507296223,2.82241851838787,0.168166022500119,0.00571463557955768,0.222804362939229,3.84796138524426,4.58672269814512,2.9439734368189,2.66951701643393,3.66339565826217,2.10922051181456
1980-04-01,2.89102681620504,3.95452753054873,2.71582683257391,0.087204656989261,0.0154101203551977,0.0569442380791112,3.30452287584522,4.49811833874156,2.67534542084697,1.3114276709498,3.12518706199268,1.60536329028218
1980-07-01,2.94593189842015,3.87538324078615,2.69983341164026,0.0874476215429325,0.0412991132547913,-0.00187437485748591,3.36586770231463,4.43429225053062,2.60110712364079,0.241645717912661,2.58552930923724,0.95183985661788
1980-10-01,3.23866218698316,3.9737750588183,2.68390362747609,0.189373626261251,0.0708194434198245,-0.00707857329033968,3.79356256027417,4.57534595804794,2.58054459484738,0.358400637769819,2.55170241747766,0.439322024176818
1981-01-01,3.46763881467922,4.11430380505871,2.64871219235768,0.137112654814535,0.122767219623605,0.0649346875248487,3.99612131995184,4.78659199702143,2.61862885318269,0.421340836202035,3.09650312193395,0.171839254220913
1981-04-01,3.20551378013528,4.13144033237066,2.66082955530429,-0.0202696612603147,0.0827097844110187,0.0215120271212497,3.5470296207162,4.76595990433648,2.58688886602279,-0.441092227149852,2.91847844170582,-0.308606509803667
1981-07-01,3.45037968474699,3.91330624612774,2.64925598469749,-0.06792933217809,0.0833857603377048,0.0428319217215767,3.77187227723032,4.51936703371763,2.59705037209767,-1.17488150541828,2.19308003888932,-0.597018599928788
1981-10-01,3.1928242754856,3.85978913925754,2.63821525715442,-0.141871360848267,0.0559044125348826,0.0456388432788976,3.41130623458116,4.43122064491103,2.5892126333583,-2.22048190895077,0.954048010018255,-0.937570185533332
1982-01-01,2.92087636431729,3.68771229558553,2.68534287478841,-0.296389911062889,0.030286369491316,-0.149017806945363,2.95414678035371,4.21054256615809,2.43999297796515,-3.78450164402432,-0.297977791921312,-1.66389288858227
1982-04-01,3.03623193279566,3.49576978913178,2.64480126980595,-0.348954190119711,0.0418309908241738,-0.143492272098481,3.02995750288165,4.00450816079532,2.40643126867549,-4.65218111985212,-1.27498959387839,-1.87710774545576
1982-07-01,2.87427090245655,3.36018910162345,2.5523613495807,-0.272951460309467,-0.0165597846672581,-0.280180236611413,2.92571971374068,3.79242806149642,2.18061950821591,-4.95826569694771,-2.48946802604502,-2.41214904650656
1982-10-01,2.81661441418916,3.20366306402602,2.54448981224603,-0.312207906350681,-0.0656456638029324,-0.354518673949784,2.82229946641677,3.565909973403,2.09869191150254,-5.48009775869446,-3.55744078559849,-2.98513083068519
1983-01-01,2.93740542739878,3.39367252300612,2.59282223266194,-0.30417917558759,-0.170340306090536,-0.427346259694617,2.96475210680776,3.67660312567781,2.07246290312838,-5.36082996920868,-4.14487919025521,-3.38830897076468
1983-04-01,3.1845780049314,3.49000688941391,2.59502639453042,-0.479912055303253,-0.181555740596868,-0.440855577193111,3.06408856662218,3.77458881638133,2.06107867695538,-5.24329316362787,-3.61101274429029,-3.40960447506973
1983-07-01,3.22851102699923,3.44392608268315,2.53259866197938,-0.21695080857082,-0.158082405673943,-0.41665847250351,3.37594127002182,3.74582662899568,2.02508753739149,-3.69237372533053,-3.03240786170267,-3.27482560011163
1983-10-01,3.39679063588118,3.46936702556391,2.58165706095197,-0.41867991916925,-0.180973596965179,-0.394569655792705,3.36148439380154,3.75177436292474,2.09447486678868,-3.55578776547577,-2.87510133701096,-3.21213948425816
1984-01-01,3.49715092793943,3.56230832739267,2.59269666326565,-0.349315063770962,-0.171620550944411,-0.465699168543455,3.54253655499679,3.86648227986671,2.03398892947091,-2.74254184854942,-2.50884082592029,-3.13154240040694
1984-04-01,3.57190191760809,3.67768258586907,2.46162621279059,-0.255953426713706,-0.179456210963004,-0.623055086143848,3.71908583998261,3.98943067247314,1.75026448997748,-2.02161205838649,-2.14203133903351,-3.24782134546626
1984-07-01,3.55768639737206,3.59339990057352,2.53493509043723,-0.331228794893787,-0.221231850085262,-0.666859893343793,3.62799053821023,3.85211525442067,1.77713872962804,-2.05127618614415,-2.30291753043986,-3.47291275990119
1984-10-01,3.57344190352597,3.72702470330432,2.50123297286007,-0.414540304565579,-0.232286611679293,-0.64478415527988,3.56221275624797,3.99253269696591,1.76672135602983,-2.36000252461827,-2.42856955403829,-3.3019258109166
1985-01-01,3.57050935442407,3.8160342534082,2.43909742852782,-0.166506946103897,-0.20187611238027,-0.604891475269381,3.80698258785465,4.12384117679061,1.74670749825225,-1.7690293074827,-2.22964066289802,-3.15873134066737
1985-04-01,3.59506995255992,3.73684965698547,2.47206977796522,-0.302311854213377,-0.219942821575025,-0.555950825699267,3.69851027292816,4.01601369632502,1.82743767053051,-2.16429261560745,-2.48248806340689,-3.07168479582037
1985-07-01,3.68989722973085,3.81677780500717,2.51366584992878,-0.228708294595295,-0.213071536255582,-0.827624819171347,3.87764364803478,4.11348861589645,1.59586756097383,-1.79215087711577,-2.57563175502838,-3.34149530032346
1985-10-01,3.6300379437617,3.89315489878567,2.48276694335994,-0.343758468845433,-0.200938600408344,-0.804577021630091,3.69597825934362,4.21219984038437,1.5891248974534,-1.95808467437394,-2.40078416261713,-3.10074366616846
1986-01-01,3.59598135316354,3.73400377069689,2.38942996254589,-0.225398656279019,-0.193636314756707,-1.04813774497763,3.77643773532741,4.03909421021349,1.25557549808713,-1.55542450836128,-2.52037348749053,-3.39383911786672
1986-04-01,3.517589749059,3.71523123850876,2.54213641667972,-0.362381874964709,-0.148653972255172,-1.04629592021927,3.55221536179293,4.06279669471187,1.40464569371379,-1.95489590771615,-2.63436129106907,-3.4791042128561
1986-07-01,3.53350452212636,3.62538034258031,2.49023606479798,-0.380510305089259,-0.135600010749616,-1.07034139294162,3.55179790171251,3.97399895674223,1.33056170560332,-1.98475768704259,-2.89890515101814,-3.17541570385197
1986-10-01,3.42871615629805,3.41431338775763,2.43627589913223,-0.335093537466511,-0.126723365453678,-1.10381864541493,3.48059952186799,3.74361779798841,1.24506001625985,-1.80644844694643,-3.33535297709886,-3.10422902025402
1987-01-01,3.39906335984073,3.65695806095774,2.31006828076381,-0.402973317676684,-0.158996185378367,-1.02294190078948,3.37972022683236,3.98639813227729,1.20425662530132,-1.93663292823715,-3.34800865115386,-3.06593576141131
1987-04-01,3.39413433224074,3.6360788831134,2.44588564877425,-0.252021821553928,-0.158991148648,-0.849629785494547,3.52518638805272,3.96273529430126,1.50851389246439,-1.3931783179911,-2.87374307576931,-3.05584602545696
1987-07-01,3.36608470690381,3.673622155504,2.46374444318639,-0.241227619576101,-0.15707294829225,-0.774893679017941,3.50476518582788,4.00721117933373,1.60046813960104,-1.2402066922532,-2.46838742612954,-2.71529095632945
1987-10-01,3.50024398846607,3.69002365088938,2.50503901171352,-0.149138843029891,-0.164480843345786,-0.73265808767795,3.74615492989867,4.01839542141665,1.68251692734091,-0.755087991894811,-2.21680004577297,-2.4006809228199
1988-01-01,3.3808491891444,3.74146495943691,2.46892111210016,-0.150949094239996,-0.166856437106646,-0.75822115772657,3.61147456453358,4.07433181936889,1.62213162564909,-0.621665314674033,-1.98491930297644,-2.17595136522641
1988-04-01,3.44303626500592,3.70824438689895,2.48678607345062,-0.0297451275349588,-0.162290094819505,-0.713392826164578,3.80188425808459,4.0412405319177,1.68418404358105,-0.181522280742456,-1.8389576201028,-2.01053413554496
1988-07-01,3.35850268887856,3.57774880784006,2.52249154090048,-0.0284140050590314,-0.15126399482317,-0.56457772994743,3.70914104923465,3.90434160163129,1.86742373457745,-0.103898100585184,-1.99516046854615,-1.6363726721936
1988-10-01,3.45502846812868,3.58246118282985,2.52079851570877,-0.0182349757535411,-0.134305787679474,-0.477079639023916,3.82674009499587,3.92664158524049,1.95328953469684,-0.00130844790191986,-2.18047391209302,-1.2873181645773
1989-01-01,3.47312018287869,3.64518939823969,2.55504293230447,-0.028405937348404,-0.136700013112251,-0.380140925530338,3.83670274238357,3.99535377759598,2.08324420481987,0.0511147764974567,-2.28176459766053,-0.999429719225191
1989-04-01,3.47515405986043,3.59054524548734,2.56290979877469,-0.121867340120147,-0.139326679059133,-0.273870182317709,3.74550476706659,3.93078449252773,2.19709960410234,-0.247453031079317,-2.51015140012174,-0.707063559525068
1989-07-01,3.49846540553664,3.56674078126286,2.55854874525507,-0.22562279676924,-0.150889594690882,-0.320917082968435,3.66769165613691,3.89223770421105,2.14584809527965,-0.67675647806152,-2.95014458748716,-0.737184748717709
1989-10-01,3.39677143298692,3.47599365432233,2.60247983971007,-0.191068873791626,-0.180251015008901,-0.220951564082481,3.58907406897907,3.76000864962099,2.28816875562807,-0.864796965378673,-3.62598909492834,-0.674303413786902
1990-01-01,3.47826549377772,3.55732608417112,2.67089451878576,-0.0675465950113811,-0.164935200875714,-0.102829023984826,3.80328811341196,3.86751994068234,2.4722517150212,-0.7269644517404,-3.94281753109198,-0.518218479692905
1990-04-01,3.38996742139953,3.42185417107426,2.64922866016035,-0.0420159625036582,-0.182150567719823,-0.158365555805819,3.73055504412354,3.69673855273746,2.39582655025424,-0.817860928082041,-4.53491856878401,-0.56826520388563
1990-07-01,3.27288267990863,3.29077169544972,2.69762075716192,-0.0704183048929412,-0.182440938107254,-0.163932949761358,3.57185336662011,3.54785786751992,2.43691526945944,-1.16671750616672,-5.38472362705073,-0.73479376754085
1990-10-01,2.99054359172741,3.15229536089191,2.68768809239964,-0.171060378580069,-0.173131742598437,-0.0574662219141875,3.15700642730914,3.40019533930725,2.53380564993068,-1.91911495147008,-6.30783921996886,-0.704397693895089
1991-01-01,2.8283473443864,2.93653065088557,2.70796940375508,-0.185893776951151,-0.176114139565386,-0.0255820581772642,2.96167074557103,3.1526299343042,2.58524356761252,-2.48995720069126,-7.35904227376676,-0.849901311928761
1991-04-01,2.89352740616981,2.99615322943656,2.68136736020048,-0.226756649629656,-0.205161510719963,0.0493177981831527,2.99334438452447,3.19116854423264,2.6344956833026,-2.76950855197049,-8.02889391217587,-0.958973795771271
1991-07-01,2.81165268206144,2.91372897893752,2.62921196091511,-0.172233487904819,-0.203014190774249,0.14845214816236,2.95675215428507,3.0998827391711,2.68334561988012,-2.5443612098768,-8.18281503696267,-1.14861137956723
1991-10-01,2.71002679154076,2.84036999326788,2.70550570402566,-0.199501173709817,-0.233789333977552,0.11761492182569,2.81638872434967,2.98595052463287,2.72606522890659,-2.52885012125898,-8.41827944976365,-1.54639051388426
1992-01-01,2.77202605736094,2.74215695304346,2.79933014678278,-0.192280428960056,-0.238184019011027,0.182903789389472,2.89260618900561,2.87022511825134,2.88181274756742,-2.2601979404476,-8.5266597876319,-1.51834574427403
1992-04-01,2.76808196804983,2.64267564974381,2.64060792103585,-0.208597196512405,-0.192215359094941,0.032211979166564,2.87190018842149,2.80342540004079,2.57809260039659,-1.88931353086844,-8.41586971810921,-1.66076466579966
1992-07-01,2.74473036403836,2.61442705775343,2.60100621752422,-0.265986326964873,-0.22110724686849,-0.123268206653648,2.78852391021775,2.74251193838896,2.38443135455047,-1.60973527932845,-8.4623711126838,-2.32949823374474
1992-10-01,2.71872646037328,2.54918115005056,2.5662056966393,-0.209628543921776,-0.17377607449351,-0.137475157212062,2.81594289803623,2.71588272879255,2.3366722923651,-1.04380394568841,-8.05201292642511,-2.88003746562094
1993-01-01,2.53875034121584,2.50832529922964,2.47286952246805,-0.231508521733571,-0.16278393348348,-0.0704936885146214,2.59377406649311,2.68056216700072,2.31366586274966,-0.849932637874645,-7.79904570249948,-3.34852734266815
1993-04-01,2.48069286007552,2.51377270308329,2.48120117513311,-0.193583800268975,-0.182312537972854,-0.0996058641450556,2.5670887363433,2.66720854089625,2.29258645597289,-0.591371091241058,-7.60465524435887,-3.98056649940645
1993-07-01,2.41965056295741,2.49281916942844,2.48990999120566,-0.279195787664163,-0.147145723641855,-0.0550544290909467,2.41354500458031,2.67862319348523,2.34553429319497,-0.64286068687386,-7.06633407387392,-4.24193431285676
1993-10-01,2.52778244619806,2.39900849738989,2.45947610306468,-0.309341501846582,-0.146137216654465,-0.0790743156998549,2.50373531635216,2.57329134318063,2.29217228221025,-0.402812340765763,-6.7404804128854,-4.34599123470093
1994-01-01,2.52553667048084,2.4655922457093,2.49187673008961,-0.35864072253374,-0.142956445571989,-0.127265909452525,2.451936853842,2.65194902357698,2.27521899831848,-0.152164401513119,-6.2362824758406,-4.34859965758687
1994-04-01,2.59305133493586,2.50227031604622,2.45533767080967,-0.269020763356932,-0.157955376623008,-0.0692577622881337,2.61669141874904,2.67852701570167,2.29799886255691,0.44968924394459,-5.64823232357327,-3.99909820331322
1994-07-01,2.53168650500312,2.52100143012804,2.4226595510794,-0.310242626514807,-0.150461978173832,0.0197840600149955,2.50717887622667,2.70725332209888,2.35553483687073,0.562301320808388,-5.08281254613945,-3.60892118063475
1994-10-01,2.62468778888712,2.47942310983657,2.4097237472178,-0.328519113331259,-0.129745163707182,0.0342991354717475,2.59240012362002,2.68083846871458,2.35757815833896,0.64783837166965,-4.70173099205846,-3.30275164166005
1995-01-01,2.55566427713181,2.48395342522165,2.37032415893499,-0.341356994044488,-0.0752636815320524,0.0328470520219984,2.50274849609026,2.74045535122558,2.31813987955344,0.608747267117451,-4.28176373806383,-3.01575025093098
1995-04-01,2.51773715832469,2.3940120866584,2.36771165972968,-0.325693737717934,-0.0943831818109172,0.0481540012425155,2.47620404626795,2.61938162899843,2.33092804851629,0.454460846783263,-4.41488506693179,-2.77864611879886
1995-07-01,2.61581522504665,2.34917517292014,2.30807588022375,-0.369364995449748,-0.0915631091416143,0.031035541693388,2.54168028905947,2.57137621110054,2.25631314121109,0.18345795163782,-4.62533987702994,-2.59842238160104
1995-10-01,2.64589079235788,2.33900850730299,2.26714637006044,-0.36447831786027,-0.118711007443646,-0.0230190939449696,2.58003696772624,2.53270375135254,2.16279727169128,0.0903741235309781,-4.82777248749829,-2.62262736154753
1996-01-01,2.69650234155277,2.27263373123189,2.22183230030254,-0.419582873237183,-0.127499063949351,-0.00800699974688446,2.58125615808442,2.4486756688541,2.13412086100127,-0.137223187303789,-4.92397109461717,-2.63112220452399
1996-04-01,2.89919763548537,2.28473852914999,2.24470975145638,-0.378188134216235,-0.112497516531359,0.0524182134078747,2.84822309117507,2.47739877382611,2.21660283581751,0.0771199965229243,-4.80900381609797,-2.57119083175212
1996-07-01,2.90853473320676,2.29038705624376,2.2338441575051,-0.386097353336558,-0.0940470316618536,-0.158505692482036,2.850704787297,2.50225222305215,1.99520312060417,0.19194587954064,-4.5251158406241,-2.66968406310571
1996-10-01,2.95914901643726,2.27722535098318,2.21476050453329,-0.324192303879885,-0.0670336313292784,-0.140222025346083,2.96893662509718,2.51434599420429,1.99508772822956,0.401710171740319,-4.16273552350719,-2.49585036480516
1997-01-01,2.95359525594818,2.33733731414632,2.16695209066311,-0.397307542703526,-0.0675856176285111,-0.113645285026461,2.88964080894216,2.58193473754043,1.97557109988425,0.193663627926867,-3.73531779094492,-2.31761686860386
1997-04-01,3.139307468217,2.339009315042,2.22375612535262,-0.333374807512728,-0.056613264676227,-0.096232882161997,3.16024588651573,2.59480240974345,2.04774978969789,0.452739986030565,-3.18038717789176,-2.16576690142847
1997-07-01,3.22870792563189,2.36443836367611,2.20224074750145,-0.467302506747476,-0.0965440962797589,0.0113608555201557,3.12580869314649,2.58369702047589,2.1345999769675,0.291156235332778,-2.83427709072743,-1.71655868120138
1997-10-01,3.22796717153646,2.35585824146848,2.22317570570559,-0.469020418461611,-0.0991228795685281,0.0731797513754406,3.1232664232377,2.57139212350154,2.21660282515195,0.334139404054099,-2.42301459951557,-1.35981087838741
1998-01-01,3.283064674326,2.42086646073613,2.21390013869085,-0.488900125184461,-0.067657981618945,-0.012040042971563,3.16470271626436,2.67654796847896,2.12244020891699,0.260519910546122,-1.88601806785175,-1.15170404542937
1998-04-01,3.3184571067352,2.30867312864794,2.16286246493598,-0.49180336277071,-0.104222351703187,0.115174810404857,3.2011864248529,2.51280532794021,2.20044827792755,0.208812919772299,-1.9142182581449,-0.804187207870427
1998-07-01,3.41567832315177,2.36555886123369,2.1573471127426,-0.456170717674814,-0.112563961597788,0.0442085128924273,3.34501301304302,2.56894731033349,2.12416448206313,0.2915095330643,-1.92132793191888,-0.824084081197725
1998-10-01,3.56834014914112,2.45662852411919,2.13948838564524,-0.453244032011145,-0.0803553185456083,-0.112335702685792,3.51783147256581,2.70438920264461,1.95040219072485,0.40503549633388,-1.5860071130524,-0.972110259640431
1999-01-01,3.56744063445906,2.59769125336109,2.18795638037927,-0.492453961919118,-0.0788832795539082,-0.074526586893873,3.47762050560121,2.86576480806639,2.03494059470842,0.380178262403774,-1.18779627218873,-0.900553991995594
1999-04-01,3.5534459142031,2.58102217096184,2.16556564043805,-0.46073632298234,-0.0558112831634893,-0.142149779860345,3.49376393118413,2.8699413404382,1.94572989135949,0.435562996357135,-0.862977492908783,-0.802404768484166
1999-07-01,3.64543107931875,2.69816996777686,2.22895576478048,-0.439509024531062,-0.0412215662576307,-0.0825264969513799,3.6173581623571,3.01732552836287,2.0664692861513,0.520857498117039,-0.563277602791231,-0.580321245924779
1999-10-01,3.76927085413961,2.77113840863008,2.24422191592327,-0.367348602510632,-0.0622554950802291,-0.00796925315745528,3.82733534952023,3.07900596351138,2.15574503398575,0.853616073105286,-0.305501755326361,-0.165686938366662
2000-01-01,3.63423616161986,2.86824527275077,2.28340241708303,-0.337808584091248,-0.0858585427767955,0.0317488349676924,3.70660018751368,3.16547971626514,2.23323808970002,0.888136632390683,-0.0437820735751302,0.195542693634934
2000-04-01,3.85554830841945,2.904443779311,2.28996166068836,-0.393838098873706,-0.0772221165027897,0.0267770966973353,3.8968608828259,3.21514944970349,2.23459029337186,0.763298786267683,0.231285443435354,0.49424633789431
2000-07-01,3.67393239227379,2.93663636984304,2.26574137756251,-0.368875706437621,-0.0480765305741074,0.214582063735366,3.71970955131642,3.28078738245093,2.39904383858025,0.701095469439224,0.422349371905682,0.880155206492873
2000-10-01,3.66934676652811,2.86814941574796,2.25420289201101,-0.362162640140799,-0.0220953586641494,0.250002231128242,3.72131944210005,3.22913424037455,2.42333944388653,0.409091120331595,0.332096140898273,0.922964268944952
2001-01-01,3.46784577984314,2.88626808101095,2.3124543409902,-0.299912695363778,-0.0283033847319511,0.361727483500347,3.55932629375005,3.24346487260491,2.59122647398159,0.113232677254587,0.060055505956484,0.979890446715217
2001-04-01,3.51410351035109,2.84452080539128,2.23044291322409,-0.403217178208667,0.0181600147724358,0.689393845824316,3.50750035074158,3.24260508265875,2.83982342845979,-0.510183730705194,0.00315050365151137,1.34836519830787
2001-07-01,3.29845089088879,2.75622497532021,2.23227134433408,-0.507312472988247,0.00305277357840319,0.438266963977508,3.16341312726352,3.12740890794453,2.59045938587931,-1.08236071721103,-0.328284391416389,0.829964312830725
2001-10-01,3.21033976638228,2.77240148645242,2.19765749395843,-0.433870165963289,-0.0709062978351267,0.398223632344484,3.13879977995498,3.07178693972146,2.51704391664285,-1.13393854963499,-0.698332338490161,0.525050013463897
2002-01-01,3.21514407540486,2.84981750045801,2.18320554266243,-0.503691454205937,-0.0162265540217645,0.50372761826198,3.07432503186226,3.21422265426375,2.60861439033753,-1.24954989451203,-0.22869135200682,0.371614505287425
2002-04-01,3.10219847320171,2.76871781451104,2.2112769228608,-0.386130096554692,0.022628785734459,0.273873451288079,3.06619335143063,3.16114634709258,2.40582459073482,-0.761411326396569,0.195944206319211,-0.0554409194339769
2002-07-01,2.97215828267982,2.75578963334114,2.20422787779792,-0.368365007358353,0.0428965039416501,0.1994629906365,2.93924145917096,3.16675915051378,2.32461795747435,-0.559069424471772,0.487864940297129,-0.184675743787693
2002-10-01,2.81826683673728,2.7085996388402,2.17491890584146,-0.455614522779946,0.00322710672022168,0.12906284895576,2.68073177072651,3.07359689617077,2.22596025315522,-0.696284932446133,0.5072363951532,-0.300052691219435
2003-01-01,2.75512835194359,2.66096649400071,2.10022992954258,-0.498290397451555,0.0385681616395739,0.0530742787825527,2.56779138093554,3.05494275490295,2.07796204616162,-0.690034756876798,0.738060866014393,-0.492925549523989
2003-04-01,2.73985762650159,2.54329682974198,2.07133425420256,-0.484509912500609,-0.0735707447494637,0.0776951510485891,2.56457763293634,2.80941780758927,2.07472382609537,-0.408901090647191,0.295814427935511,-0.690653963624527
2003-07-01,2.85334275696741,2.50902413231107,2.09289017754227,-0.431697726677498,-0.069919442467267,0.116240247848229,2.74368327815262,2.77421882971714,2.13405156429592,0.17903678064215,0.232077836875533,-0.775464292376
2003-10-01,2.83924075465055,2.50766100786492,2.09929666152594,-0.420390287485551,-0.0387917453218036,0.129508404017439,2.73929711370101,2.80380133869279,2.15349638277622,0.69860075268673,0.375711532382809,-0.687614702564133
2004-01-01,2.72425177794466,2.51177224252256,2.08249622259375,-0.374487343029018,-0.0776883924396366,0.11133214274795,2.65723302317546,2.76956503727875,2.11912236963115,1.11378342114551,0.352959452766299,-0.549221135891003
2004-04-01,2.69301969961342,2.56448117153016,2.0757319683374,-0.357262251396448,-0.0533968306562281,0.138552918323754,2.63970107483019,2.85360551910873,2.13982154702076,1.36527465827498,0.671960923935785,-0.359710277121621
2004-07-01,2.71512367409783,2.60501225959014,2.03199582671317,-0.467871962828326,-0.0688707469553635,-0.0177833081422525,2.55369006978845,2.88407616638718,1.94131813832316,1.34634673546532,0.943214444109174,-0.384419595512782
2004-10-01,2.72053484801411,2.57149835671031,2.0272510274823,-0.409882304288648,-0.051900521764713,-0.109021942947589,2.61770162626717,2.86305625325939,1.84550491585667,1.76384966304533,1.23890656096569,-0.444457814855241
2005-01-01,2.74671969174351,2.5115076629063,1.99846333836924,-0.326526884596306,-0.0555830458156523,-0.154163420691167,2.73019720277725,2.79137046609686,1.77260845818628,2.22719322929277,1.26853389506891,-0.441951134847614
2005-04-01,2.68842337926555,2.52496494513476,2.00946237595518,-0.433087304893409,-0.0744490207237078,-0.162399668557895,2.55876094418763,2.78775917564267,1.77497667621513,2.08374143985816,1.23947957905716,-0.422261735920301
2005-07-01,2.72085063128394,2.59194536844279,2.01951090934689,-0.515168772616796,-0.0758413823451381,-0.152742122807326,2.51276658161367,2.86229337963861,1.79432228138184,1.91117904399175,1.43863428146153,-0.30181365936437
2005-10-01,2.68350544204113,2.60813271014087,2.01905157436682,-0.421031917870023,-0.0595392026117046,-0.055287793677745,2.56534333838278,2.89694493969707,1.89133375338936,2.10799849321324,1.7296103380275,-0.0385015038457368
2006-01-01,2.83801100121789,2.61201036608822,2.05150634562553,-0.450297445753418,-0.0632895293534416,-0.102665992546735,2.70802140772497,2.89759018234991,1.87524606628313,2.07958714077074,1.85548666722082,0.0848879937443598
2006-04-01,2.73269132824948,2.52190129603179,2.07992058668787,-0.357241126538739,-0.0536726522071086,0.0632213101264625,2.68387130714933,2.80506270324312,2.0685282976435,2.23176486603609,1.77493797872728,0.50808233535804
2006-07-01,2.69183183855317,2.49841463277463,2.04959392028445,-0.479670719229367,-0.0425613222629025,0.0913841632070776,2.51597067978125,2.78955040809127,2.06745240168913,1.65015740495517,1.58287818392932,0.781569719556046
2006-10-01,2.79887068941086,2.489056689692,2.10720418219165,-0.565343669090622,-0.0352825584080215,0.140574683202129,2.54941736003186,2.78622134887762,2.1721865138264,1.23591799100757,1.42536729985113,0.949761330531828
2007-01-01,2.73810689371469,2.50674808193165,2.10654106933855,-0.482479754962742,-0.0312190774294281,0.145369356534145,2.56465946385888,2.81033914703437,2.17634186234652,1.23634646145683,1.35130561059543,1.14333205634284
2007-04-01,2.79067223374645,2.56036773773775,2.11317174927313,-0.617515044866501,-0.0429890465173451,0.154844467257519,2.48812222219756,2.85935046468483,2.19220978868503,0.703362218551661,1.36015511525835,1.23316946104501
2007-07-01,2.79940253337508,2.5199534654395,2.09692063345677,-0.608409050659796,-0.0710455982388531,0.114895845859634,2.50694384819771,2.78548176747388,2.13659303249869,0.559981795276599,1.2493115794021,1.18453493771631
2007-10-01,2.80276786758176,2.47521568496932,2.0949073089063,-0.507776070447836,-0.15067501641839,0.315071880002388,2.61132198601078,2.65513923258526,2.33482796667107,0.65109743242067,0.804446195846651,1.28674362563538
2008-01-01,2.61751364830811,2.41747539129817,2.1166299073045,-0.593801095338987,-0.102812789290871,0.40854266453472,2.31913430242405,2.63754916813755,2.44924208847971,0.139532297960727,0.696545757194997,1.27067026704231
2008-04-01,2.66113007864323,2.41089580679872,2.03918858826391,-0.650918564379094,-0.0931414648918143,0.08677869869795,2.31055596666768,2.63976211545328,2.05281487867653,-0.203647738747009,0.515752568259472,0.770794789310912
2008-07-01,2.41612015543868,2.44575111497136,1.97237522559171,-0.651623328049277,-0.0568215445550645,0.019942889510388,2.03718860253042,2.71559274223798,1.92156252210558,-0.379177924697046,0.626416339225841,0.255235209989905
2008-10-01,1.93199005002819,2.18980924300947,1.81892819488798,-1.02169769105403,-0.0764567012128536,-0.359247050071904,1.1283435163684,2.40583121169362,1.39443020200483,-1.84142296252492,0.217069276948507,-0.793487005826137
2009-01-01,1.69768088438403,1.84665828269494,1.56814964698497,-1.0825418938181,-0.134757464447762,-0.800728123497474,0.806745195639621,1.95854703183911,0.711166832828211,-2.60034393797253,-0.854134742390556,-2.32441031568919
2009-04-01,1.58550784905587,1.69559905336752,1.66706836825039,-0.904080853295162,-0.11094115272146,-0.83142777192066,0.86037295955553,1.81112810913143,0.775837365468366,-2.42179346444414,-1.50690577710742,-3.6083245259606
2009-07-01,1.55179537089757,1.7207493400844,1.70266247356113,-0.860937420182882,-0.13244523915385,-0.789015878882753,0.865999006259112,1.81813347068989,0.852566486072974,-2.25124379950614,-1.67545708077944,-3.96197133547889
2009-10-01,1.60278095550673,1.77577555079642,1.69160376467162,-0.643071246512295,-0.114087311898302,-0.708171710177859,1.14060517602472,1.89886710403926,0.922748658184837,-1.39057873558227,-1.21095405187612,-3.81203434729082
2010-01-01,1.54302382855987,1.80633501405831,1.6547434168308,-0.722945127585072,-0.0874778566993426,-0.612661998708538,0.994229769557936,1.96011765253072,0.982720323845776,-1.20093008434446,-0.556044535979709,-3.44867944365592
2010-04-01,1.58738514951796,1.74776033440467,1.66675999928827,-0.765588462485868,-0.121995292942005,-0.503246536788366,1.00095452952605,1.85920209518652,1.10372129384845,-0.883337572511095,-0.243696591999367,-2.97824647969878
2010-07-01,1.58307758194405,1.74033333056262,1.6059897040797,-0.849492512919772,-0.154408253511215,-0.373778320662106,0.912256744368958,1.81837015386588,1.17459924532943,-0.642336088598427,-0.0193067944842937,-2.36563819846469
2010-10-01,1.52430885991224,1.78647757099415,1.58481159578982,-0.804755422387969,-0.126213929087202,-0.37332098603614,0.891592269259105,1.89887190672874,1.15463820013459,-0.191316470000061,0.472965804689181,-1.99322887666767
2011-01-01,1.34027517104348,1.78251543839796,1.59509484428787,-0.744792898292727,-0.143079637289436,-0.211145982013818,0.746750418395984,1.877514869483,1.32672755867578,0.0602612100938131,0.766855791988519,-1.4358283565623
2011-04-01,1.37898796010758,1.70556153484677,1.4982299965118,-0.62865798800366,-0.103389446041388,-0.128424040016387,0.905967378585294,1.82997292156372,1.31605951389519,0.443538204279434,1.0227800069635,-0.95129080751326
2011-07-01,1.27230891671286,1.8227504633301,1.45782754855971,-0.666635835290207,-0.0946422131330956,-0.341188555196989,0.749270317779137,1.97156125085027,1.06434191958759,0.452585423681739,1.32750520438015,-1.05560720754761
2011-10-01,1.41338307043448,1.8181242156213,1.3724163300973,-0.708134178935807,-0.0761701504344472,-0.190539271514826,0.864768250485629,1.98478916782878,1.1326439664131,0.592255398225575,1.73274079462328,-0.886454320312623
2012-01-01,1.42277675671195,1.73515369930763,1.33168621448048,-0.587556412716435,-0.113773332743741,-0.340496935671783,0.995799907285789,1.85313363350274,0.943417309982338,1.24739554968687,1.71163732904819,-1.16782245920467
2012-04-01,1.39511336477014,1.71367268711905,1.26839131238492,-0.693481818437558,-0.12790564746265,-0.342335012096878,0.859088922409588,1.81465122660895,0.880554927985765,1.26541170507346,1.68792584175975,-1.30380303339075
2012-07-01,1.32946847774196,1.66775136916641,1.24310797149097,-0.793588249240809,-0.176161049809595,-0.498277149505798,0.685928692925993,1.71434109261702,0.700236446361156,1.15698277549257,1.53670763838107,-1.61281693030242
2012-10-01,1.26313999321872,1.63453462168097,1.16096247172178,-0.75872539900955,-0.182558326168978,-0.395498784121355,0.646976993776549,1.67029052245937,0.723816141500905,1.27700486622098,1.49414524218275,-1.58335681298695
2013-01-01,1.38741207718313,1.69563771277329,1.11857787947216,-0.787716339417701,-0.162170273487758,-0.579647483523676,0.756283919577304,1.75994281125791,0.498803324715825,1.37583451907028,1.68636726390497,-1.89847103746047
2013-04-01,1.33889124801268,1.69578487308252,1.15832171390093,-0.864693377846701,-0.178230622995778,-0.528819494113167,0.625309821415385,1.74404927731066,0.587949406365449,1.36242480680221,1.79820775369512,-1.86206563225824
2013-07-01,1.41593777781132,1.73677353867362,1.13579688063678,-0.826306184392533,-0.180328438981859,-0.609145023545547,0.749439285619638,1.78841471810723,0.485907083596655,1.62298188322256,1.96144635279336,-1.70666464145097
2013-10-01,1.47996275580203,1.80227016816517,1.11144231677305,-0.811076911098557,-0.188594483011508,-0.763432502324973,0.835919619954183,1.85439326512677,0.308138719341867,1.89781915764661,2.18656387601163,-1.6393702484479
2014-01-01,1.31542479316987,1.73074010233125,1.10552283609016,-0.897440648556136,-0.152151685609287,-0.665618507738029,0.566447589656635,1.80975218803364,0.400245584506732,1.71377729087101,2.38582629553741,-1.31872156234112
2014-04-01,1.50909190362,1.79609545559133,1.08286127540805,-0.838912366674449,-0.134150885219544,-0.839684626878211,0.840500929746629,1.90183743388781,0.204330849474804,1.96694948294112,2.54083579402106,-1.26299932494976
2014-07-01,1.63408154087647,1.84357953578506,1.08139279159844,-0.870088244444313,-0.114896276258545,-0.778297263844321,0.948421457053121,1.97491826478876,0.264302408048025,2.22393014752492,2.82785604529494,-1.0122893010448
2014-10-01,1.61451684890965,1.8495236165388,1.06735960561863,-0.954854575764976,-0.114184956540203,-0.751453487601793,0.841882294170215,1.98236757771607,0.277616414893321,2.25237543394996,3.02450816103641,-0.775359188428411
2015-01-01,1.70483062528982,1.6913239649413,1.09619249882835,-1.04416506454046,-0.131916388885582,-0.646068552976413,0.853078710599782,1.7853067886059,0.410799911922405,2.21345588242377,2.83815989124531,-0.454284364551313
2015-04-01,1.70259627459168,1.61727629241534,1.07267456475576,-0.948424806545319,-0.147769667676354,-0.551507073959404,0.946332441258636,1.68551576817083,0.482687122590147,2.58192080083404,2.51501260200217,-0.0734210274727047
2015-07-01,1.69674603633875,1.62471020021732,1.06945657690978,-1.01409977694644,-0.15218315978538,-0.590320039982094,0.874146954244423,1.68952908289048,0.440771608540101,2.46487495757492,2.41679229948852,0.0782524193600693
2015-10-01,1.66169155853149,1.5702197493282,1.0714952575883,-1.07738050232835,-0.173175463843086,-0.535435816622359,0.771855380028597,1.60676839053929,0.497621378390461,2.25966913823913,2.32990007262066,0.300423730640887
2016-01-01,1.69899337104584,1.59423318619456,1.09052015280635,-1.01485483419614,-0.181945381556404,-0.70683874083233,0.875892873760645,1.62521922927815,0.344560863771368,2.37673378310956,2.37414180319354,0.28229903667193
2016-04-01,1.67121582653173,1.44615790320661,1.06061551944702,-0.95700654286509,-0.157996627254517,-0.674958882419879,0.902828549705572,1.48131524191563,0.347608866478168,2.48928349689527,2.35090424068846,0.463617848466583
2016-07-01,1.7428214199159,1.55919849111557,1.07353756768177,-1.00138484146586,-0.199432190649356,-0.618602979209399,0.938137502317955,1.56801836728103,0.416423261509942,2.40327843778573,2.30080806034232,0.588644010926146
2016-10-01,1.7663681017147,1.55733110779569,1.11636767543982,-1.06648343894527,-0.252168185858081,-0.58060414677061,0.899243147538825,1.51316557442953,0.495715744731853,2.30858691972514,2.35954310944931,0.757941080565388
2017-01-01,1.76482720282447,1.65505884376645,1.13779147487613,-1.04825548173389,-0.242630215226514,-0.452237532797883,0.915756294619373,1.6334841432024,0.644737615921496,2.39100573257485,2.70162385202201,1.12263165985473
2017-04-01,1.79812823953603,1.71056954161581,1.1551009163603,-1.13507102167896,-0.278884325320144,-0.465047192856521,0.866000262914882,1.66015493615608,0.648616450693089,2.21790781882987,2.94456878356328,1.34851300314563
2017-07-01,1.87008888990052,1.62815328667392,1.18197058450007,-1.18351982049215,-0.28348236642629,-0.459321615498687,0.897633845268367,1.56213283351473,0.680247792731455,2.17021065722656,2.99389747255958,1.56965342957187
2017-10-01,1.98489820265295,1.65022481644921,1.2186658615212,-1.12787353573596,-0.251313412438139,-0.516819360404746,1.08104722355073,1.61932126888257,0.658128944447857,2.44396019996532,3.0443673615095,1.72630872412265
2018-01-01,2.01623787900988,1.75455700296823,1.16643633374621,-1.03138166939018,-0.229202415904462,-0.494472555899964,1.21241587178971,1.75969942788714,0.630119866294301,2.79641565757311,3.26074656953608,1.92160796164967
2018-04-01,2.02433486225013,1.78887766677902,1.19417827833463,-1.0664428899235,-0.266344566077304,-0.487704036272533,1.18636548835781,1.76146193080791,0.663635135622914,2.72686426283724,3.32445085228062,1.90153992898581
2018-07-01,2.08007397930722,1.78533591300518,1.17947191309513,-1.19706576248741,-0.2381837295241,-0.619517093252351,1.1177726446423,1.78560796442274,0.517643279142534,2.38278849743381,3.46415026422932,1.75662946954799
2018-10-01,2.01729229653732,1.76195440307394,1.21818519475159,-1.18400530109199,-0.25136290803857,-0.689710223992215,1.06096566286706,1.74592435878838,0.484774657190302,2.28785518915925,3.35251182981625,1.60816032769594
2019-01-01,2.08518599656451,1.74932803687217,1.26185907734068,-1.2427438330909,-0.248873143100396,-0.685828891987765,1.07778355145154,1.73410133538362,0.530763145827765,2.02135456092822,3.22793098624993,1.64231332131931
2019-04-01,2.16968277120009,1.85298865427258,1.24934624487967,-1.25020073070147,-0.217607905756204,-0.618875338500453,1.16436003012989,1.88287246893265,0.58565274335047,1.96781353966992,3.37672626755221,1.80478321556984
2019-07-01,2.30835220920067,1.81822495422104,1.23904747520285,-1.27981785952135,-0.236425524569149,-0.620916210308663,1.28906305731031,1.8246479872976,0.573682552640403,1.96102369782704,3.34243064866575,1.79920340769377
2019-10-01,2.3285629117124,1.81103610324653,1.2069339220132,-1.31851196428291,-0.287440234145942,-0.715250014428727,1.2728607056665,1.76548425837647,0.448387214211107,1.91202220702053,3.0972416996953,1.60823047044141
2020-01-01,2.32878664774649,1.60017034280758,1.16457597126646,-1.29371339313763,-0.277893270772733,-0.921801454523273,1.29790826447756,1.53600148431735,0.200997342518273,1.94180847836546,2.69071768720954,1.16915318949997
2020-04-01,2.30688233685566,1.57965876731459,1.15989932547324,-1.30206181205737,-0.280124513188246,-0.926860533899614,1.26518333749311,1.5105190678174,0.191429384030238,-0.775578330837454,-6.02193872240772,-4.94337957307888
2020-07-01,2.35860377896057,1.6045483060626,1.16670646484411,-1.29072397332909,-0.278554329801773,-0.920907233533877,1.334080081264,1.54030312480461,0.203945629266453,5.33038718005287,1.78989697813084,3.46067719300723
2020-10-01,2.34364311475016,1.60066484945496,1.16416496821315,-1.29384484803408,-0.277668190588057,-0.923330699636516,1.31431002943602,1.53678711920676,0.199071838384387,6.13839282226698,3.43940563659452,5.00049419687994
2021-01-01,2.38865921902064,1.74036505219255,1.1748336093997,-1.2091634569527,-0.278158485288634,-0.675393474676231,1.44908819983452,1.6946558805715,0.457294985247466,6.80358347204806,4.23937429579958,6.45664291308662
2021-04-01,2.31941564254332,1.5665360489335,1.22980152012691,-1.06138749798523,-0.228640030557939,-0.845056651276987,1.5198055099889,1.54712811537233,0.340627839445187,7.26222107419489,4.78825601745896,6.87085727198607
2021-07-01,2.31000082442815,1.73800995074679,1.13677330039689,-1.09763331126584,-0.14680292222654,-0.788736706664693,1.47308228927666,1.82334178650655,0.307256792846155,6.88368329966183,5.08311862400922,7.01737137833357
2021-10-01,2.5115111146598,1.88350938155531,1.15732133266862,-1.06413260229675,-0.12652849842695,-0.71715375758635,1.73083644495028,2.00854905986084,0.398650648628316,7.13171293267076,5.54135663177224,6.59892402953249
2022-01-01,2.26071210998801,1.8605730302186,1.19742360599053,-1.06339547345727,-0.0875501653589959,-0.519573318719572,1.45246851586412,2.02152758136025,0.634894760244155,6.4839203195212,6.01742073061841,6.45101946330707
2022-04-01,2.12400041577747,1.72250174018253,1.08183157408162,-1.13519447405942,-0.0639432988350945,-0.409185881383161,1.22852806086633,1.88862186786375,0.633836832420088,5.08307314783137,5.49147489913497,6.00623549699174
2022-07-01,2.21086366911012,1.76496883044327,1.11039444251639,-1.1424967489258,-0.101202768806554,-0.280918848310661,1.3178927300524,1.89950154297402,0.789642089799022,4.72577640132046,5.32364156006813,5.31612600011659
2022-10-01,2.18684515069456,1.67118265356883,1.11260737301946,-1.18011516267079,-0.143341104093136,-0.168682914025661,1.25354498385876,1.75105061722034,0.904011569484306,4.43976064850672,4.73053677620753,4.90118104683501
2023-01-01,2.2202351444631,1.82789833721126,1.10350407401215,-1.2609885101508,-0.222062543116293,-0.204480057610367,1.20983014168103,1.84997636299664,0.859437692198499,3.96993856289063,4.21084637212903,4.31835341835897
2023-04-01,2.25642503532851,1.77075811522707,1.13970037947921,-1.41993257249427,-0.261320080060628,-0.432292091598959,1.09116048792038,1.74594675386158,0.666523483030702,3.22374127731698,4.11818377396011,3.55714113193622
2023-07-01,2.46080906902505,1.74347990974811,1.15327988147221,-1.70509754529131,-0.307615058696724,-0.597454472839062,1.03344704603592,1.66873019611426,0.514453462339286,1.92468841893058,3.73726260949432,2.9611009523909
2023-10-01,2.50166969161182,1.73739505317188,1.15779224606615,-1.84791267798976,-0.355246530441838,-0.7502963870943,0.936104208767353,1.61420115282078,0.365962039303935,1.34160009980382,3.23524512283456,2.32039458503356
2024-01-01,2.35259024963741,1.84648513577214,1.19109914757188,-1.69031979280319,-0.426176123979541,-0.796945907841696,0.927792024505016,1.66693209926894,0.351424591848887,1.62922798062732,2.66620326735576,1.79454072006715
2024-04-01,2.45731618662139,1.92667975642555,1.21375040746792,-1.79769820537529,-0.429803052607246,-1.02294528403359,0.936959284618043,1.75421086855239,0.147263900285783,0.887143985786344,2.48818475709025,1.135574639337
2024-07-01,2.50570246729299,1.99675594738534,1.24774822082428,-1.87342524559212,-0.416541177381324,-0.962984025784125,0.915079570020881,1.84690855872764,0.240003358395447,0.392352379425929,2.39404583430434,0.796164271004549
2024-10-01,2.45463023196828,2.04332841731518,1.24504700465929,-1.86136089131417,-0.397210006066222,-0.995573311326856,0.870307497785292,1.91903258382673,0.204809758204786,0.160533248967795,2.32049821765304,0.554647163874051
2025-01-01,2.34947631392485,2.0854920037928,1.30521677101872,-1.82164406449884,-0.333930952551264,-0.993306841764681,0.793002367416121,2.03010674160125,0.265087506510047,-0.0558546978774075,2.42141000261,0.222559877815684
2025-04-01,2.48656916007646,1.98493248542221,1.2691677907719,-1.86140811634347,-0.34212997272709,-1.05587589063716,0.905803940049983,1.90791711800831,0.167762672996332,-0.400514006198819,2.23318987792271,0.198362308864262
2025-07-01,2.5758201044615,2.01375208145584,1.27979299004157,-1.81366119215345,-0.363458384194861,-1.02093398009027,1.05287498251194,1.91925754978225,0.212948621933719,-0.261766603367619,1.98780042291963,0.10680568548014
2025-10-01,2.46717185082666,1.90917659372544,1.27747878153131,-1.85670320962567,-0.357846781062409,-1.15255774008914,0.888922289321703,1.80632619306185,0.0790936717029196,-0.383374713330113,1.86530984761293,-0.0691679069152542
2026-01-01,2.43937939764431,1.87902331406885,1.24830566408964,-1.62300337719213,-0.405840292449883,-1.20215902768906,1.09169291505641,1.72415202330654,0.00136580243067641,0.0742169057916726,1.53383362404526,-0.139337563648951
2026-04-01,2.4071572225375,1.93919442732953,1.26965303650927,-1.67018905120451,-0.439038692192111,-1.13856149155252,1.00864835850403,1.75916140359352,0.0855449104561545,-0.113836726627369,1.45225055549423,-0.181844950570166
