"date","pc1ff1_hf","sp500_hf","mp_pm","cbi_pm","mp_median","cbi_median"
1990-02-01,0.00206916,-0.16664,0.00206916,0,0.01119743,-0.00912827
1990-03-01,-0.02162459,-0.17281,0,-0.02162459,-0.00027316,-0.02135143
1990-04-01,0,0,0,0,0,0
1990-05-01,-0.01424812,0.0369,-0.01424812,0,-0.00937447,-0.00487365
1990-06-01,0,0,0,0,0,0
1990-07-01,-0.06888555,0.01864,-0.06863313,-0.00025242,-0.03557957,-0.03330598
1990-08-01,0,0.29184,0,0,-0.0177984,0.0177984
1990-09-01,0,0,0,0,0,0
1990-10-01,-0.01545627,-0.64155,0,-0.01545627,0.03139798,-0.04685425
1990-11-01,0.01061234,-0.00941,0.01061234,0,0.00588006,0.00473228
1990-12-01,-0.16401195,0.85309,-0.16401195,0,-0.13403324,-0.02997871
1991-01-01,-0.13084393,0.51814,-0.13084393,0,-0.09702169,-0.03382224
1991-02-01,-0.10773118,-0.40345,0,-0.10773118,-0.02926045,-0.07847073
1991-03-01,-0.09188608,0.53704,-0.09188608,0,-0.07869541,-0.01319067
1991-04-01,-0.21222569,0.94203,-0.21222569,0,-0.16356428,-0.04866141
1991-05-01,0.00495497,-0.23957,0.00495497,0,0.0170881,-0.01213313
1991-06-01,0,0,0,0,0,0
1991-07-01,0.01464017,-0.02932,0.01464017,0,0.00910822,0.00553195
1991-08-01,-0.09398818,0.61637,-0.13995659,0.04596841,-0.08458455,-0.00940363
1991-09-01,-0.00448541,-0.04647,0,-0.00448541,0.00059135,-0.00507676
1991-10-01,-0.02056438,-0.02066,-0.02056438,0,-0.0090222,-0.01154218
1991-11-01,-0.11259906,0,0,-0.11259906,-0.05629953,-0.05629953
1991-12-01,-0.28875276,0.01848,0.03120042,-0.31995318,-0.14550341,-0.14324935
1992-01-01,0,0,0,0,0,0
1992-02-01,-0.00019824,0.03623,-0.00019824,0,-0.00230867,0.00211043
1992-03-01,0,0,0,0,0,0
1992-04-01,-0.25610102,0.66953,-0.25610102,0,-0.16888303,-0.08721799
1992-05-01,0.01227227,-0.06721,0.01227227,0,0.01023506,0.00203721
1992-06-01,0,0,0,0,0,0
1992-07-01,-0.07432185,0.0557,-0.07432185,0,-0.04055789,-0.03376396
1992-08-01,0.00947955,0.02617,0,0.00947955,0.00314375,0.0063358
1992-09-01,-0.00673201,-0.0024,0,-0.00673201,-0.00321964,-0.00351237
1992-10-01,0.0051508,-0.18129,0.0051508,0,0.0136317,-0.0084809
1992-11-01,-0.00413971,0.27846,-0.00413971,0,-0.01905225,0.01491254
1992-12-01,-0.00956366,-0.10212,0,-0.00956366,0.00144615,-0.01100981
1993-01-01,0,0,0,0,0,0
1993-02-01,-0.00281371,-0.06245,0,-0.00281371,0.00240177,-0.00521548
1993-03-01,0.00878984,-0.09324,0.00878984,0,0.01008133,-0.00129149
1993-04-01,0,0,0,0,0,0
1993-05-01,-0.02612119,0.15957,-0.02612119,0,-0.02279227,-0.00332892
1993-06-01,0,0,0,0,0,0
1993-07-01,0.00213202,0.29,0,0.00213202,-0.01662017,0.01875219
1993-08-01,0.01210701,-0.11818,0.01210701,0,0.01326093,-0.00115392
1993-09-01,-0.00417072,0,0,-0.00417072,-0.00208536,-0.00208536
1993-10-01,0,0,0,0,0,0
1993-11-01,0.00401787,0.04079,0,0.00401787,-0.00047872,0.00449659
1993-12-01,-0.0201692,0.01935,-0.0201692,0,-0.0112647,-0.0089045
1994-01-01,0,0,0,0,0,0
1994-02-01,0.13512624,-0.65986,0.13512624,0,0.1078059,0.02732034
1994-03-01,-0.03562204,0.30084,-0.03562204,0,-0.0361583,0.00053626
1994-04-01,0.11874372,-0.67892,0.11874372,0,0.10077705,0.01796667
1994-05-01,-0.01764626,0.54159,-0.01764626,0,-0.04185299,0.02420673
1994-06-01,0,0,0,0,0,0
1994-07-01,-0.00407182,-0.18351,0,-0.00407182,0.00915579,-0.01322761
1994-08-01,0.0316339,0.25516,0,0.0316339,0.00025555,0.03137835
1994-09-01,-0.030924,-0.19502,0,-0.030924,-0.00356835,-0.02735565
1994-10-01,0,0,0,0,0,0
1994-11-01,0.06553965,-0.55058,0.06553965,0,0.06634796,-0.00080831
1994-12-01,-0.04287507,0.0459,-0.04287507,0,-0.02423683,-0.01863824
1995-01-01,0,0,0,0,0,0
1995-02-01,0.05101633,-0.2096,0.05101633,0,0.03829101,0.01272532
1995-03-01,0.01768629,-0.14307,0.01768629,0,0.01756853,0.00011776
1995-04-01,0,0,0,0,0,0
1995-05-01,-0.00492486,-0.01713,0,-0.00492486,-0.00141773,-0.00350713
1995-06-01,0,0,0,0,0,0
1995-07-01,-0.2438598,0.31071,-0.2438598,0,-0.14087912,-0.10298068
1995-08-01,0.04654062,-0.16999,0.04654062,0,0.03363746,0.01290316
1995-09-01,0.0582703,-0.17497,0.0582703,0,0.03980602,0.01846428
1995-10-01,0,0,0,0,0,0
1995-11-01,0.02596851,-0.06109,0.02596851,0,0.01670994,0.00925857
1995-12-01,-0.05225614,0.26401,-0.05225614,0,-0.04222921,-0.01002693
1996-01-01,-0.03141163,0.05067,-0.03141163,0,-0.01879602,-0.01261561
1996-02-01,0,0,0,0,0,0
1996-03-01,0.01381713,0.21235,0,0.01381713,-0.00604199,0.01985912
1996-04-01,0,0,0,0,0,0
1996-05-01,0.01188107,-0.21492,0.01188107,0,0.01904783,-0.00716676
1996-06-01,0,0,0,0,0,0
1996-07-01,-0.02998272,0.13861,-0.02998272,0,-0.02344475,-0.00653797
1996-08-01,0.00202063,-0.14401,0.00202063,0,0.00979303,-0.0077724
1996-09-01,-0.11174218,0.00727,-0.11174218,0,-0.05631446,-0.05542772
1996-10-01,0,0,0,0,0,0
1996-11-01,-0.01954638,0.25763,-0.01954638,0,-0.02548523,0.00593885
1996-12-01,-0.00285985,-0.07589,0,-0.00285985,0.00319837,-0.00605822
1997-01-01,0,0,0,0,0,0
1997-02-01,0.00752673,-0.33607,0.00752673,0,0.02425921,-0.01673248
1997-03-01,0.0659931,-0.66551,0.0659931,0,0.0735839,-0.0075908
1997-04-01,0,0,0,0,0,0
1997-05-01,-0.08240452,0.55083,-0.08240452,0,-0.07479564,-0.00760888
1997-06-01,0,0,0,0,0,0
1997-07-01,-0.00890094,0.19237,-0.00890094,0,-0.01618251,0.00728157
1997-08-01,0.01199321,-0.42781,0.01199321,0,0.03208739,-0.02009418
1997-09-01,-0.00136457,-0.20644,0,-0.00136457,0.01190784,-0.01327241
1997-10-01,0,0,0,0,0,0
1997-11-01,-0.02972326,-0.55214,0,-0.02972326,0.01881165,-0.04853491
1997-12-01,-0.00843292,-0.12988,0,-0.00843292,0.00370451,-0.01213743
1998-01-01,0,0,0,0,0,0
1998-02-01,0.0140662,-0.3372,0.0140662,0,0.02759786,-0.01353166
1998-03-01,-0.00055819,-0.01808,0,-0.00055819,0.00082355,-0.00138174
1998-04-01,0,0,0,0,0,0
1998-05-01,-0.01777394,-0.11687,0,-0.01777394,-0.00175944,-0.0160145
1998-06-01,0,0,0,0,0,0
1998-07-01,0.00397003,0.08763,0,0.00397003,-0.00335926,0.00732929
1998-08-01,0.00228696,0.16447,0,0.00228696,-0.00888703,0.01117399
1998-09-01,0.03377291,-0.75181,0.03377291,0,0.06273697,-0.02896406
1998-10-01,-0.29896887,2.04262,-0.29896887,0,-0.27405738,-0.02491149
1998-11-01,-0.02075055,0.81194,-0.02075055,0,-0.05989293,0.03914238
1998-12-01,-0.0024633,-0.13276,0,-0.0024633,0.00686496,-0.00932826
1999-01-01,0,0,0,0,0,0
1999-02-01,0.00828085,0.14979,0,0.00828085,-0.00499479,0.01327564
1999-03-01,-0.02692747,-0.20642,0,-0.02692747,-0.00087483,-0.02605264
1999-04-01,0,0,0,0,0,0
1999-05-01,0.10957176,-1.43559,0.10957176,0,0.14233798,-0.03276622
1999-06-01,-0.09888661,1.60906,-0.09888661,0,-0.1475748,0.04868819
1999-07-01,0,0,0,0,0,0
1999-08-01,0.00330091,0.57282,0,0.00330091,-0.03328403,0.03658494
1999-09-01,0,0,0,0,0,0
1999-10-01,0.06793085,-0.82928,0.06793085,0,0.08454059,-0.01660974
1999-11-01,0.0800126,-0.41763,0.0800126,0,0.06547624,0.01453636
1999-12-01,0.03219699,0.47722,0,0.03219699,-0.01300565,0.04520264
2000-01-01,0,0,0,0,0,0
2000-02-01,-0.0023121,-0.4101,0,-0.0023121,0.02385465,-0.02616675
2000-03-01,-0.0096811,0.06116,-0.0096811,0,-0.00857051,-0.00111059
2000-04-01,0,0,0,0,0,0
2000-05-01,0.06102568,-0.5454,0.06102568,0,0.06377506,-0.00274938
2000-06-01,-0.02814858,0.25302,-0.02814858,0,-0.02950518,0.0013566
2000-07-01,0,0,0,0,0,0
2000-08-01,0.015829,-0.12621,0.015829,0,0.01561165,0.00021735
2000-09-01,0,0,0,0,0,0
2000-10-01,0.04282896,-0.30266,0.04282896,0,0.03987276,0.0029562
2000-11-01,0.00446814,-0.66752,0.00446814,0,0.04294401,-0.03847587
2000-12-01,0.01861816,-0.69114,0.01861816,0,0.05145953,-0.03284137
2001-01-01,-0.19469804,3.45211,-0.18783367,-0.00686437,-0.30788231,0.11318427
2001-02-01,0,0,0,0,0,0
2001-03-01,-0.06486863,-0.67958,0,-0.06486863,0.00901112,-0.07387975
2001-04-01,-0.40171195,2.22956,-0.40171195,0,-0.3368298,-0.06488215
2001-05-01,-0.15470293,0.40882,-0.15470293,0,-0.10228411,-0.05241882
2001-06-01,0.08527312,-0.40319,0.08527312,0,0.06722585,0.01804727
2001-07-01,0,0,0,0,0,0
2001-08-01,-0.03562537,-0.71223,0,-0.03562537,0.02562397,-0.06124934
2001-09-01,0,0,0,0,0,0
2001-10-01,-0.05961662,-0.30724,0,-0.05961662,-0.01107071,-0.04854591
2001-11-01,-0.18446143,0.94037,-0.18446143,0,-0.14958091,-0.03488052
2001-12-01,-0.07495578,0.22721,-0.07495578,0,-0.05133471,-0.02362107
2002-01-01,0.02715936,-0.12751,0.02715936,0,0.02135611,0.00580325
2002-02-01,0,0,0,0,0,0
2002-03-01,-0.0706803,-0.38271,0,-0.0706803,-0.01199987,-0.05868043
2002-04-01,0,0,0,0,0,0
2002-05-01,-0.04049529,-0.37352,0,-0.04049529,0.00253216,-0.04302745
2002-06-01,0.00353381,-0.60479,0.00353381,0,0.03865114,-0.03511733
2002-07-01,0,0,0,0,0,0
2002-08-01,-0.10404768,-0.69761,0,-0.10404768,-0.00947881,-0.09456887
2002-09-01,-0.01169735,-0.9571,0,-0.01169735,0.05252183,-0.06421918
2002-10-01,0,0,0,0,0,0
2002-11-01,-0.11463898,-0.92593,0,-0.11463898,-0.00084994,-0.11378904
2002-12-01,0.02113456,-0.33811,0.02113456,0,0.03118754,-0.01005298
2003-01-01,0.04731305,0.16534,0,0.04731305,0.01357296,0.03374009
2003-02-01,0,0,0,0,0,0
2003-03-01,-0.00816872,-0.50717,0,-0.00816872,0.02684634,-0.03501506
2003-04-01,0,0,0,0,0,0
2003-05-01,-0.08343663,0.17834,-0.08343663,0,-0.05259471,-0.03084192
2003-06-01,0.13697061,-0.27153,0.13697061,0,0.08504506,0.05192555
2003-07-01,0,0,0,0,0,0
2003-08-01,-0.03580945,-0.10492,0,-0.03580945,-0.01150599,-0.02430346
2003-09-01,-0.00042927,-0.18495,0,-0.00042927,0.01106488,-0.01149415
2003-10-01,-0.0833783,-0.05012,0,-0.0833783,-0.03863249,-0.04474581
2003-11-01,0,0,0,0,0,0
2003-12-01,0.034263,-0.05813,0.034263,0,0.02067667,0.01358633
2004-01-01,0.12793535,-0.9677,0.12793535,0,0.12298464,0.00495071
2004-02-01,0,0,0,0,0,0
2004-03-01,-0.05755957,-0.07294,0,-0.05755957,-0.0243314,-0.03322817
2004-04-01,0,0,0,0,0,0
2004-05-01,0.00474763,0.36567,0,0.00474763,-0.01992724,0.02467487
2004-06-01,-0.02035326,0.28122,-0.02035326,0,-0.02732735,0.00697409
2004-07-01,0,0,0,0,0,0
2004-08-01,0.04259972,-0.2991,0.04259972,0,0.03954103,0.00305869
2004-09-01,-0.01437433,0.06393,-0.01437433,0,-0.01108605,-0.00328828
2004-10-01,0,0,0,0,0,0
2004-11-01,-0.02946366,0.08411,-0.02946366,0,-0.01986143,-0.00960223
2004-12-01,-0.01466896,0.05833,-0.01466896,0,-0.01089184,-0.00377712
2005-01-01,0,0,0,0,0,0
2005-02-01,-0.01296747,0.00504,-0.01296747,0,-0.00679111,-0.00617636
2005-03-01,0.0660623,-0.28511,0.0660623,0,0.05041911,0.01564319
2005-04-01,0,0,0,0,0,0
2005-05-01,0.01907314,0.32116,0,0.01907314,-0.01004996,0.0291231
2005-06-01,0.03881605,-0.42657,0.03881605,0,0.04542318,-0.00660713
2005-07-01,0,0,0,0,0,0
2005-08-01,-0.02272568,0.23399,-0.02272568,0,-0.02563315,0.00290747
2005-09-01,0.02400702,-0.12166,0.02400702,0,0.01942317,0.00458385
2005-10-01,0,0,0,0,0,0
2005-11-01,0.00732103,0.24188,0,0.00732103,-0.01109098,0.01841201
2005-12-01,-0.02032386,0.48448,-0.02032386,0,-0.03970884,0.01938498
2006-01-01,0.03081584,-0.28159,0.03081584,0,0.03258121,-0.00176537
2006-02-01,0,0,0,0,0,0
2006-03-01,0.05033096,-0.64595,0.05033096,0,0.06455993,-0.01422897
2006-04-01,0,0,0,0,0,0
2006-05-01,0.05280837,-0.15511,0.05280837,0,0.03586385,0.01694452
2006-06-01,-0.03886192,0.49365,-0.03886192,0,-0.04953712,0.0106752
2006-07-01,0,0,0,0,0,0
2006-08-01,-0.0399294,-0.26456,0,-0.0399294,-0.00383002,-0.03609938
2006-09-01,0.01383606,-0.24016,0.01383606,0,0.02156463,-0.00772857
2006-10-01,-0.00910732,-0.03989,0,-0.00910732,-0.00212089,-0.00698643
2006-11-01,0,0,0,0,0,0
2006-12-01,-0.03133064,0.28273,-0.03133064,0,-0.03290813,0.00157749
2007-01-01,-0.0089254,0.52273,-0.0089254,0,-0.03634235,0.02741695
2007-02-01,0,0,0,0,0,0
2007-03-01,-0.08069095,0.88763,-0.08069095,0,-0.09447923,0.01378828
2007-04-01,0,0,0,0,0,0
2007-05-01,0.03522767,-0.1418,0.03522767,0,0.02626177,0.0089659
2007-06-01,0.01032226,-0.28916,0.01032226,0,0.02279609,-0.01247383
2007-07-01,0,0,0,0,0,0
2007-08-01,-0.02759232,-0.95973,-0.00442644,-0.02316588,0.04473474,-0.07232706
2007-09-01,-0.20049325,1.33054,-0.20049325,0,-0.18139206,-0.01910119
2007-10-01,0.06460956,-0.44209,0.06460956,0,0.05926645,0.00534311
2007-11-01,0,0,0,0,0,0
2007-12-01,0.03554623,-1.59674,0.03554623,0,0.11515325,-0.07960702
2008-01-01,-0.27614497,-0.16869,-0.12208952,-0.15405545,-0.12778462,-0.14836035
2008-02-01,0,0,0,0,0,0
2008-03-01,0.16157318,-1.05246,0.04589448,0.1156787,0.1449728,0.01660038
2008-04-01,-0.08351626,0.31143,-0.08351626,0,-0.06075126,-0.022765
2008-05-01,0,0,0,0,0,0
2008-06-01,-0.01356726,0.10337,-0.01356726,0,-0.01308784,-0.00047942
2008-07-01,0,0,0,0,0,0
2008-08-01,-0.0282949,0.10375,-0.0282949,0,-0.02047484,-0.00782006
2008-09-01,0.09565906,-0.76838,0.09565906,0,0.0946906,0.00096846
2008-10-01,-0.1051179,-2.61509,0,-0.1051179,0.10692713,-0.21204503
2008-11-01,-0.09062378,0.18666,-0.09062378,0,-0.05669569,-0.03392809
2008-12-01,-0.26882177,0.85903,-0.26882177,0,-0.18680041,-0.08202136
2009-01-01,-0.00853502,-0.09395,0,-0.00853502,0.0014622,-0.00999722
2009-02-01,0,0,0,0,0,0
2009-03-01,-0.04423513,1.5276,-0.04423513,0,-0.11528107,0.07104594
2009-04-01,0.01714819,0.75174,0,0.01714819,-0.03727216,0.05442035
2009-05-01,0,0,0,0,0,0
2009-06-01,0.03955339,-0.50384,0.03955339,0,0.05050431,-0.01095092
2009-07-01,0,0,0,0,0,0
2009-08-01,-0.01426223,-0.25911,0,-0.01426223,0.00867119,-0.02293342
2009-09-01,-0.08831901,0.63447,-0.08831901,0,-0.08285383,-0.00546518
2009-10-01,0,0,0,0,0,0
2009-11-01,-0.01985505,0.07677,-0.01985505,0,-0.01460949,-0.00524556
2009-12-01,0.00116759,-0.09519,0.00116759,0,0.00638913,-0.00522154
2010-01-01,0.02315421,0.0819,0,0.02315421,0.00658228,0.01657193
2010-02-01,0,0,0,0,0,0
2010-03-01,-0.03390331,0.18716,-0.03390331,0,-0.02836595,-0.00553736
2010-04-01,-0.01217687,0.20239,-0.01217687,0,-0.01843156,0.00625469
2010-05-01,0,0,0,0,0,0
2010-06-01,0.0057131,0.34373,0,0.0057131,-0.01810646,0.02381956
2010-07-01,0,0,0,0,0,0
2010-08-01,-0.02154863,0.69335,-0.02154863,0,-0.05305954,0.03151091
2010-09-01,-0.00582931,0.62964,-0.00582931,0,-0.04131441,0.0354851
2010-10-01,0,0,0,0,0,0
2010-11-01,-0.0020978,-0.48747,0,-0.0020978,0.02868036,-0.03077816
2010-12-01,-0.00228138,0.00883,-0.00228138,0,-0.0016792,-0.00060218
2011-01-01,-0.01130478,-0.05857,0,-0.01130478,-0.00208039,-0.00922439
2011-02-01,0,0,0,0,0,0
2011-03-01,0.00676023,0.28501,0,0.00676023,-0.01400175,0.02076198
2011-04-01,-0.01298158,0.14414,-0.01298158,0,-0.01528143,0.00229985
2011-05-01,0,0,0,0,0,0
2011-06-01,0.00446474,0.09572,0,0.00446474,-0.00360529,0.00807003
2011-07-01,0,0,0,0,0,0
2011-08-01,-0.02709792,-0.89025,0,-0.02709792,0.04074458,-0.0678425
2011-09-01,0.05037597,-0.26924,0.05037597,0,0.04160808,0.00876789
2011-10-01,0,0,0,0,0,0
2011-11-01,0.0108123,-0.15528,0.0108123,0,0.01487619,-0.00406389
2011-12-01,0.00787436,-0.75199,0.00787436,0,0.04979868,-0.04192432
2012-01-01,-0.01831674,0.34102,-0.01831674,0,-0.0299561,0.01163936
2012-02-01,0,0,0,0,0,0
2012-03-01,0.00922353,-0.05568,0.00922353,0,0.00800751,0.00121602
2012-04-01,0,-0.04978,0,0,0.00303593,-0.00303593
2012-05-01,0,0,0,0,0,0
2012-06-01,0.018145,-0.0517,0.018145,0,0.01222552,0.00591948
2012-07-01,0,0,0,0,0,0
2012-08-01,0.01359175,-0.01087,0.01359175,0,0.0074588,0.00613295
2012-09-01,0.01731835,0.5984,0,0.01731835,-0.02783535,0.0451537
2012-10-01,-0.00216518,-0.05795,0,-0.00216518,0.0024516,-0.00461678
2012-11-01,0,0,0,0,0,0
2012-12-01,-0.00403442,0.38377,-0.00403442,0,-0.02542213,0.02138771
2013-01-01,0.00106644,-0.0604,0.00106644,0,0.00421683,-0.00315039
2013-02-01,0,0,0,0,0,0
2013-03-01,0.00375805,0.09572,0,0.00375805,-0.00395864,0.00771669
2013-04-01,0,0,0,0,0,0
2013-05-01,-0.00231594,0.14757,-0.00231594,0,-0.0101578,0.00784186
2013-06-01,0.00338011,-0.05759,0.00338011,0,0.00520229,-0.00182218
2013-07-01,0.00333372,0.46186,0,0.00333372,-0.02650052,0.02983424
2013-08-01,0,0,0,0,0,0
2013-09-01,-0.01398228,0.93123,-0.01398228,0,-0.06378392,0.04980164
2013-10-01,0.00228138,-0.33014,0.00228138,0,0.02127489,-0.01899351
2013-11-01,0,0,0,0,0,0
2013-12-01,-0.00109873,0.78887,-0.00109873,0,-0.04866006,0.04756133
2014-01-01,-0.00109873,-0.45282,0,-0.00109873,0.0270667,-0.02816543
2014-02-01,0,0,0,0,0,0
2014-03-01,0.01498302,-0.17357,0.01498302,0,0.018077,-0.00309398
2014-04-01,0.00118265,0.02448,0,0.00118265,-0.00090163,0.00208428
2014-05-01,0,0,0,0,0,0
2014-06-01,0.0081248,0.33186,0,0.0081248,-0.01617669,0.02430149
2014-07-01,-0.00671383,0.40578,-0.00671383,0,-0.02810416,0.02139033
2014-08-01,0,0,0,0,0,0
2014-09-01,0.01498302,0.27313,0,0.01498302,-0.00916583,0.02414885
2014-10-01,0.02510518,-0.35665,0.02510518,0,0.03430355,-0.00919837
2014-11-01,0,0,0,0,0,0
2014-12-01,-0.05706143,0.79783,-0.05706143,0,-0.07718785,0.02012642
2015-01-01,-0.00584341,-0.19384,0,-0.00584341,0.00889998,-0.01474339
2015-02-01,0,0,0,0,0,0
2015-03-01,-0.06642308,1.49382,-0.06642308,0,-0.12431491,0.05789183
2015-04-01,-0.00315181,0.09926,-0.00315181,0,-0.00762946,0.00447765
2015-05-01,0,0,0,0,0,0
2015-06-01,-0.04034122,0.35392,-0.04034122,0,-0.04175507,0.00141385
2015-07-01,-0.00910732,0.16123,-0.00910732,0,-0.01438657,0.00527925
2015-08-01,0,0,0,0,0,0
2015-09-01,-0.06920433,0.15194,-0.06920433,0,-0.04386851,-0.02533582
2015-10-01,0.03976108,-0.70941,0.03976108,0,0.06314522,-0.02338414
2015-11-01,0,0,0,0,0,0
2015-12-01,0.01815457,0.09938,0,0.01815457,0.00301641,0.01513816
2016-01-01,-0.02584695,-0.3674,0,-0.02584695,0.00948309,-0.03533004
2016-02-01,0,0,0,0,0,0
2016-03-01,-0.08862207,0.24853,-0.08862207,0,-0.0594681,-0.02915397
2016-04-01,0.00873104,0.23738,0,0.00873104,-0.01011154,0.01884258
2016-05-01,0,0,0,0,0,0
2016-06-01,-0.04092552,-0.0389,0,-0.04092552,-0.01809037,-0.02283515
2016-07-01,0.00072246,0.17277,0,0.00072246,-0.01017547,0.01089793
2016-08-01,0,0,0,0,0,0
2016-09-01,-0.03507349,0.28085,-0.03507349,0,-0.0346649,-0.00040859
2016-10-01,0,0,0,0,0,0
2016-11-01,0.00146039,0.08383,0,0.00146039,-0.00438233,0.00584272
2016-12-01,0.03711572,-0.15587,0.03711572,0,0.02806388,0.00905184
2017-01-01,0,0,0,0,0,0
2017-02-01,-0.02216114,0.18312,-0.02216114,0,-0.02224848,8.734e-05
2017-03-01,-0.04856028,0.23708,-0.04856028,0,-0.0387389,-0.00982138
2017-04-01,0,0,0,0,0,0
2017-05-01,0.01326149,0.02895,0,0.01326149,0.00486518,0.00839631
2017-06-01,0.01882106,-0.05658,0.01882106,0,0.01286117,0.00595989
2017-07-01,-0.01297747,0.02219,-0.01297747,0,-0.00784203,-0.00513544
2017-08-01,0,0,0,0,0,0
2017-09-01,0.04161813,-0.14685,0.04161813,0,0.02976498,0.01185315
2017-10-01,0,0,0,0,0,0
2017-11-01,-0.00056298,0.08574,-0.00056298,0,-0.0055105,0.00494752
2017-12-01,-0.00584341,0.10802,-0.00584341,0,-0.0095095,0.00366609
2018-01-01,0.00528112,-0.08058,0.00528112,0,0.00755488,-0.00227376
2018-02-01,0,0,0,0,0,0
2018-03-01,-0.00264521,0.36319,-0.00264521,0,-0.02347242,0.02082721
2018-04-01,0,0,0,0,0,0
2018-05-01,-0.00841881,0.14705,-0.00841881,0,-0.01317752,0.00475871
2018-06-01,0.01667686,-0.1356,0.01667686,0,0.01660825,6.861e-05
2018-07-01,0,0,0,0,0,0
2018-08-01,-0.00257149,0.02846,-0.00257149,0,-0.00302143,0.00044994
2018-09-01,-0.000333,0.24566,-0.000333,0,-0.01514853,0.01481553
2018-10-01,0,0,0,0,0,0
2018-11-01,0.00771769,0.07201,0,0.00771769,-0.00053282,0.00825051
2018-12-01,0.02652325,-0.78956,0.02652325,0,0.0614144,-0.03489115
2019-01-01,-0.02604705,0.79086,-0.02604705,0,-0.06125558,0.03520853
2019-02-01,0,0,0,0,0,0
2019-03-01,-0.03035617,0.43128,-0.03035617,0,-0.04148049,0.01112432
2019-04-01,0,0,0,0,0,0
2019-05-01,-0.048278,0.22228,-0.048278,0,-0.03769516,-0.01058284
2019-06-01,-0.07162152,0.30974,-0.07162152,0,-0.05470083,-0.01692069
