"date","oil_supply_surprise","oil_supply_news_shock"
1975-01-01,0,-0.410498170501586
1975-02-01,0,0.896109680141932
1975-03-01,0,-0.397231241247406
1975-04-01,0,-0.371891871604246
1975-05-01,0,-0.0333060075108807
1975-06-01,0,0.193619285621775
1975-07-01,0,-0.0924668324528746
1975-08-01,0,-0.572165328892156
1975-09-01,0,-0.166673404223885
1975-10-01,0,-1.01271042185668
1975-11-01,0,0.0153951526408657
1975-12-01,0,-0.252676783137761
1976-01-01,0,-0.107324750952752
1976-02-01,0,-0.132604931772562
1976-03-01,0,-0.612498827580922
1976-04-01,0,-0.551423056630909
1976-05-01,0,-0.87196943393399
1976-06-01,0,0.303113411863182
1976-07-01,0,-0.238211116701746
1976-08-01,0,0.298505977869065
1976-09-01,0,0.585340320771354
1976-10-01,0,0.331488237274504
1976-11-01,0,-0.532354703355853
1976-12-01,0,0.240328384204076
1977-01-01,0,-0.129852979576962
1977-02-01,0,0.144663127103054
1977-03-01,0,-0.598314846968969
1977-04-01,0,0.25540129388887
1977-05-01,0,0.127612475205668
1977-06-01,0,-0.178725890120602
1977-07-01,0,0.521672097691554
1977-08-01,0,0.476387451988585
1977-09-01,0,-0.167554273210395
1977-10-01,0,-0.805359938730844
1977-11-01,0,0.685459579685826
1977-12-01,0,-0.351578117476621
1978-01-01,0,0.0791343078939776
1978-02-01,0,-0.79642706109801
1978-03-01,0,-0.163354438148659
1978-04-01,0,-0.55994117026525
1978-05-01,0,-0.193473137217963
1978-06-01,0,0.013568991998548
1978-07-01,0,0.501282246457567
1978-08-01,0,-0.68829607623362
1978-09-01,0,0.459606433304955
1978-10-01,0,-0.128026862727378
1978-11-01,0,-0.407214361715593
1978-12-01,0,-0.448320388221031
1979-01-01,0,0.189867548010239
1979-02-01,0,0.352371147466245
1979-03-01,0,-0.0838167535683368
1979-04-01,0,0.311748857234189
1979-05-01,0,0.112193794945264
1979-06-01,0,0.960513278564284
1979-07-01,0,0.816552287651399
1979-08-01,0,1.12542471574087
1979-09-01,0,0.294042984174409
1979-10-01,0,0.371389335759561
1979-11-01,0,0.523790864307156
1979-12-01,0,0.494300358765775
1980-01-01,0,0.0726889022159962
1980-02-01,0,1.01255401849241
1980-03-01,0,0.233970697568463
1980-04-01,0,0.597884984805903
1980-05-01,0,0.219234441726313
1980-06-01,0,-0.144695972814731
1980-07-01,0,-0.85275516360636
1980-08-01,0,-0.377889239167268
1980-09-01,0,-0.641873044734174
1980-10-01,0,-0.210622518723896
1980-11-01,0,-0.104425638353669
1980-12-01,0,-0.0387906982428222
1981-01-01,0,0.287665711471108
1981-02-01,0,0.0763378865291534
1981-03-01,0,0.129222784952207
1981-04-01,0,0.403570304024392
1981-05-01,0,0.369740179452708
1981-06-01,0,0.222103718091749
1981-07-01,0,0.376133076312057
1981-08-01,0,-0.0954199824125884
1981-09-01,0,0.21218193756889
1981-10-01,0,-0.474182449950912
1981-11-01,0,-0.149901833078093
1981-12-01,0,0.179756479315873
1982-01-01,0,0.178961824773449
1982-02-01,0,-1.04320105121304
1982-03-01,0,-0.687875750284088
1982-04-01,0,0.897689423097682
1982-05-01,0,0.639347578190383
1982-06-01,0,0.626081011538166
1982-07-01,0,0.0719039038472244
1982-08-01,0,0.646918355666423
1982-09-01,0,-0.0588042996636116
1982-10-01,0,0.811014696748944
1982-11-01,0,0.535244113589308
1982-12-01,0,-0.130254734766237
1983-01-01,0,-0.498902762338528
1983-02-01,0,-0.232199044297918
1983-03-01,0,-0.242918885794256
1983-04-01,0,0.413477023190244
1983-05-01,0,0.146235143899071
1983-06-01,0,-0.0281087278257152
1983-07-01,0.200942616280942,0.512677351026895
1983-08-01,0,-0.117181121017083
1983-09-01,0,0.376710747569656
1983-10-01,0,0.486017855170265
1983-11-01,0,-0.0257619404064119
1983-12-01,-0.188801907111314,-0.181928128116991
1984-01-01,0,0.0507638420833709
1984-02-01,0,-0.100967967526918
1984-03-01,0,-0.0329465989546494
1984-04-01,0,0.311975499331486
1984-05-01,0,-0.376976408607261
1984-06-01,0,0.257054159754657
1984-07-01,0.116546153230038,-0.03638776899843
1984-08-01,0,-0.145686303791558
1984-09-01,0,-0.0156640813742999
1984-10-01,1.04145754810151,0.12829360623678
1984-11-01,0,-0.347732948788268
1984-12-01,-1.32898230806126,-0.522645339988886
1985-01-01,0.521274151297544,-0.0203832416124716
1985-02-01,0,0.174198018366182
1985-03-01,0,0.628517340971649
1985-04-01,0,0.0609242887639556
1985-05-01,0,-0.361512773982452
1985-06-01,0,-0.0969446654354213
1985-07-01,-0.25417794153368,0.00325399314563292
1985-08-01,0,-0.117347264878073
1985-09-01,0,0.202287274203838
1985-10-01,-1.37861199889875,0.5967862657107
1985-11-01,0,0.618709910327094
1985-12-01,-3.89038889140704,-0.479016832914407
1986-01-01,0,-0.704710532731542
1986-02-01,0,-2.11415314387888
1986-03-01,0,-0.947941535852364
1986-04-01,0.511615094032855,-0.732910889271737
1986-05-01,0,1.07029763188344
1986-06-01,0,-1.04214518289745
1986-07-01,0,-0.723729156847387
1986-08-01,9.36417107449032,2.04714696607141
1986-09-01,0,-0.757800525016413
1986-10-01,-1.10859733751938,-0.180109235838943
1986-11-01,0,0.269958757605904
1986-12-01,3.00631133520717,0.152162625974982
1987-01-01,0,1.65116280400935
1987-02-01,0,-1.05533190963118
1987-03-01,0,0.298180755744273
1987-04-01,0,-0.0102679160852134
1987-05-01,0,0.299596914569519
1987-06-01,1.21495738710038,0.498368109478247
1987-07-01,0,0.595182252294959
1987-08-01,0,-0.0350115683275228
1987-09-01,0,0.167961354129327
1987-10-01,0,0.145204885034847
1987-11-01,0,-0.490424137883884
1987-12-01,-4.27081072693331,-0.524643624295882
1988-01-01,0,0.578354151268271
1988-02-01,0,-0.333386611717844
1988-03-01,0,-0.725978275761831
1988-04-01,0,0.909504139155193
1988-05-01,0,-0.486150480504968
1988-06-01,2.32921522766576,-0.741150845914611
1988-07-01,0,-0.488225543035155
1988-08-01,0,0.107077578056017
1988-09-01,0,-0.436400329338696
1988-10-01,0,-0.335891296830297
1988-11-01,5.92950956839088,-0.320450610513469
1988-12-01,0,0.869971762670151
1989-01-01,0,-0.0458566236255055
1989-02-01,0,-0.39057667588199
1989-03-01,0,0.306875989380842
1989-04-01,0,0.823352018097652
1989-05-01,0,-0.206689950157254
1989-06-01,-3.15882055002443,-0.353309220945647
1989-07-01,0,0.622356861538776
1989-08-01,0,-0.866408151233882
1989-09-01,0.952045809527033,0.860581785990283
1989-10-01,0,0.345127853045114
1989-11-01,-1.82100214382312,0.0547552405564497
1989-12-01,0,0.422233113681927
1990-01-01,0,0.864339476898805
1990-02-01,0,-0.814993110753718
1990-03-01,0,-0.136913776060322
1990-04-01,0,-0.0287355155509974
1990-05-01,0,-0.769073924327821
1990-06-01,0,0.0747326529320798
1990-07-01,0.45974167493349,0.55881820531537
1990-08-01,0,1.5830017114824
1990-09-01,0,0.701936115518265
1990-10-01,0,0.315731891032564
1990-11-01,0,-0.772271872524165
1990-12-01,2.77552705832462,-0.280349015784517
1991-01-01,0,-0.157650559365334
1991-02-01,0,-1.12498820054193
1991-03-01,3.11477665042214,0.486901636601367
1991-04-01,0,-0.200076853934451
1991-05-01,0,-0.490901899193182
1991-06-01,-0.601656224758682,-0.453098619002182
1991-07-01,0,0.0311742744293413
1991-08-01,0,-0.12992176507795
1991-09-01,0.0859746086779109,0.288896052421351
1991-10-01,0,0.534866673837987
1991-11-01,1.62662644012735,0.0624634372285688
1991-12-01,0,-0.55000108641291
1992-01-01,0,-0.0616374277007404
1992-02-01,-5.54622149206003,0.116326282578978
1992-03-01,0,-0.26128416992023
1992-04-01,0,0.351413645863119
1992-05-01,4.10443462576873,0.397111527275767
1992-06-01,0,0.444245489507618
1992-07-01,0,-0.731973023551486
1992-08-01,0,0.665265125791287
1992-09-01,-0.605176667928971,0.118239617919902
1992-10-01,0,-0.0119082564343744
1992-11-01,-1.49452623926436,0.124098935225129
1992-12-01,0,0.33055308090216
1993-01-01,0,0.148022947824747
1993-02-01,-0.156610044100843,0.0787571195511596
1993-03-01,0,-0.153324226080504
1993-04-01,0,0.0712165562053202
1993-05-01,0,0.221572011379277
1993-06-01,-1.31527687159842,-0.559934705205226
1993-07-01,0,-0.160761104303096
1993-08-01,0,0.173986642221739
1993-09-01,0.237733266688114,-0.437873471395139
1993-10-01,0,0.445860884056072
1993-11-01,-5.26785279343334,-0.598988768783249
1993-12-01,0,-0.62807035612903
1994-01-01,0,0.478100462300081
1994-02-01,0,-0.378453792961641
1994-03-01,-4.95865601991613,-0.508829434323181
1994-04-01,0,0.377868925226923
1994-05-01,0,0.229839015342628
1994-06-01,-0.622200431654027,-0.0377449942520843
1994-07-01,0,0.465340587168497
1994-08-01,0,-0.652067473725563
1994-09-01,0,-0.169428528934078
1994-10-01,0,-0.117234744231618
1994-11-01,1.72015328211276,-0.0216681112968428
1994-12-01,0,-0.505437678732935
1995-01-01,0,0.322223173069566
1995-02-01,0,0.258139883121403
1995-03-01,0,-0.475333956530346
1995-04-01,0,0.630179036173167
1995-05-01,0,-0.57746178850535
1995-06-01,0.389456826259395,-0.295238544160744
1995-07-01,0,0.0730167719943742
1995-08-01,0,-0.225241586794045
1995-09-01,0,0.306244381100537
1995-10-01,0,-0.15850856195063
1995-11-01,-0.094863152917339,-0.0711496592869989
1995-12-01,0,0.210491609389347
1996-01-01,0,0.0722942285602502
1996-02-01,0,-0.352893309025442
1996-03-01,0,1.10039503251962
1996-04-01,0,0.333654364571908
1996-05-01,0,-1.20030617128759
1996-06-01,0.985487558538464,0.352810327060002
1996-07-01,0,0.209383234635525
1996-08-01,0,0.0150496036588697
1996-09-01,0,0.503996847137289
1996-10-01,0,0.207834564878484
1996-11-01,4.02273116931481,-0.587407859934462
1996-12-01,0,0.541533394905537
1997-01-01,0,-0.194355484636711
1997-02-01,0,-1.1746107439255
1997-03-01,0,-0.0786068951721341
1997-04-01,0,-0.524387738787771
1997-05-01,0,0.0179229525515729
1997-06-01,-2.13187920405938,-1.15674509997904
1997-07-01,0,-0.276936402270002
1997-08-01,0,-0.213098847748263
1997-09-01,0,-0.187441272368022
1997-10-01,0,0.0701389957054841
1997-11-01,0,-0.125513429645898
1997-12-01,-0.724356571209099,-0.344746494442113
1998-01-01,0,-0.398936818269084
1998-02-01,0,0.00978108520029005
1998-03-01,-2.40013525630224,-0.732238022110595
1998-04-01,0,0.171881189321276
1998-05-01,0,-0.197549626060256
1998-06-01,-0.318795326737248,-0.272925965371498
1998-07-01,0,0.167724188122416
1998-08-01,0,-1.01279734119583
1998-09-01,0,0.660227557893428
1998-10-01,0,-0.491707370897236
1998-11-01,-2.69427679343767,-0.493171154254129
1998-12-01,0,-0.723879438245873
1999-01-01,0,0.918844379220777
1999-02-01,0,-0.766499461057214
1999-03-01,-1.7162090431301,0.795887556580992
1999-04-01,0,0.693009981657388
1999-05-01,0,-0.326738559404084
1999-06-01,0,-0.37747602247156
1999-07-01,0,1.02627553820778
1999-08-01,0,-0.0600897219427242
1999-09-01,-1.20377908060928,1.07259752934668
1999-10-01,0,-1.08137005225416
1999-11-01,0,0.621682684323157
1999-12-01,0,-0.186692506244613
2000-01-01,0,0.572031988852526
2000-02-01,0,0.164629715541791
2000-03-01,0.740286280900426,0.18723768806232
2000-04-01,0,-1.56834117029886
2000-05-01,0,0.832776349390335
2000-06-01,-0.692776416042095,0.525580516011947
2000-07-01,0,-0.412433001441631
2000-08-01,0,0.151262650719743
2000-09-01,3.93883456310407,0.783289063594566
2000-10-01,0,-0.473889164592075
2000-11-01,0.662680665247587,0.131407829965241
2000-12-01,0,-1.1547877445935
2001-01-01,-1.26542894536255,0.912157901993328
2001-02-01,0,-0.234968414461352
2001-03-01,-0.437070524202102,-0.282321115923552
2001-04-01,0,-0.133501049941656
2001-05-01,0,0.382852075927612
2001-06-01,0.991148785955947,-0.131176148448022
2001-07-01,2.0599232974207,-0.23823527068152
2001-08-01,0,-0.082624191245047
2001-09-01,1.78025065091551,0.0844665510672671
2001-10-01,0,-0.893420054495134
2001-11-01,-7.15327483485888,-0.333804288206028
2001-12-01,-1.86415295945722,0.110889309181404
2002-01-01,0,-0.436527179695876
2002-02-01,0,0.580574837069789
2002-03-01,0.0609592327251704,0.470714605752248
2002-04-01,0,0.20330681040741
2002-05-01,0,-0.148380474954153
2002-06-01,1.14555812329548,-0.470235448571601
2002-07-01,0,0.260850538174949
2002-08-01,0,0.434138373039419
2002-09-01,0.815586886896728,0.153979943983884
2002-10-01,0,0.0331683155874651
2002-11-01,0,-0.564223834911868
2002-12-01,1.69330518245102,1.30835909460876
2003-01-01,2.01429533713436,0.447887926651056
2003-02-01,0,0.480967759058322
2003-03-01,0.00381068003652235,-0.473347177236335
2003-04-01,0.789654197740325,-1.42069627392429
2003-05-01,0,0.2705160351478
2003-06-01,0.91851004192365,0.352645745509894
2003-07-01,0.0238208257101637,-0.164094509776392
2003-08-01,0,0.344959281748856
2003-09-01,2.467809819394,-0.646520806243291
2003-10-01,0,0.175062641231039
2003-11-01,0,-0.0277714318931507
2003-12-01,0.893371556393772,-0.174622517019236
2004-01-01,0,0.432555550291374
2004-02-01,2.67078685687228,-0.0354663892932848
2004-03-01,-0.687633236027676,0.409791666952323
2004-04-01,0,-0.488841661319944
2004-05-01,0,0.514511730866666
2004-06-01,-0.889182928136916,-0.0485029443158173
2004-07-01,0,-0.214416836563704
2004-08-01,0,0.650321825609721
2004-09-01,-1.62596912627601,-0.0815871601806761
2004-10-01,0,0.971306187532378
2004-11-01,0,-0.322812636594633
2004-12-01,-3.17682977559711,-1.02835468173076
2005-01-01,2.13727213601761,0.413907713540639
2005-02-01,0,0.11118237012627
2005-03-01,3.01861285730502,0.682595479534225
2005-04-01,0,-0.509643479209157
2005-05-01,0,-0.273775532396566
2005-06-01,0.316630054342317,0.573902851609109
2005-07-01,0,0.626462037927683
2005-08-01,0,0.801927469726794
2005-09-01,-1.68305430516469,1.20177648598422
2005-10-01,0,-1.16565327630835
2005-11-01,0,-1.26965751965078
2005-12-01,2.92910088808368,0.0793966738731739
2006-01-01,-0.172097416347834,0.246196705617014
2006-02-01,0,-0.570026149230974
2006-03-01,-1.84605688515237,-0.0254688599227516
2006-04-01,0,0.711861899786866
2006-05-01,0,-0.269205271493171
2006-06-01,-1.2025861747402,-0.387978060579325
2006-07-01,0,0.305236139875206
2006-08-01,0,-0.241002414978356
2006-09-01,-1.14592581681715,-0.946133629371334
2006-10-01,-1.03423988604277,-0.740508572343259
2006-11-01,0,-0.249055551188941
2006-12-01,1.73717526317577,0.0314428053939066
2007-01-01,0,-0.752999190602878
2007-02-01,0,0.426459791565442
2007-03-01,-0.708966826487885,-0.0818269465915488
2007-04-01,0,0.194215288318744
2007-05-01,0,-0.240862485611132
2007-06-01,0,0.249671112514384
2007-07-01,0,0.341829692083156
2007-08-01,0,-0.587526570594446
2007-09-01,1.16426580304674,1.01003482932228
2007-10-01,0,0.0895645916598518
2007-11-01,0,0.810275759139321
2007-12-01,-0.85156298000507,-0.403544816084806
2008-01-01,0,0.353896247902349
2008-02-01,-2.52004712783432,0.0685173547107531
2008-03-01,4.22379428670906,1.10709429966915
2008-04-01,0,0.170191046074971
2008-05-01,0,1.26302808817766
2008-06-01,0,1.19017318266663
2008-07-01,0,0.532629731491756
2008-08-01,0,-0.403644266885545
2008-09-01,-0.774759837271628,0.398269589837509
2008-10-01,-5.29108210516226,-3.20940926878035
2008-11-01,0,-1.5202493839036
2008-12-01,-2.17635107209538,-0.330777290160922
2009-01-01,0,1.85822130585332
2009-02-01,0,0.218956834680733
2009-03-01,1.8974745602177,1.4050379643005
2009-04-01,0,-0.622850317310098
2009-05-01,2.92023668365205,1.16446980987048
2009-06-01,0,1.27943869053425
2009-07-01,0,-0.852732635715151
2009-08-01,0,1.30049346175039
2009-09-01,0.734317528749269,-0.0398236308474218
2009-10-01,0,0.865535508720492
2009-11-01,0,-0.0265513740438514
2009-12-01,1.25991492092673,-0.762720211218645
2010-01-01,0,-0.0856144258075388
2010-02-01,0,-0.430303721407899
2010-03-01,1.53231404424915,-0.241638552233552
2010-04-01,0,-0.334595683852611
2010-05-01,0,-1.39050968048379
2010-06-01,0,0.55893728334569
2010-07-01,0,0.208622760776428
2010-08-01,0,-0.142715552235557
2010-09-01,0,-0.197185711237626
2010-10-01,-0.478400831334064,0.822344003390554
2010-11-01,0,0.0718393069979663
2010-12-01,1.06787557460594,0.140526969591234
2011-01-01,0,0.228616471883087
2011-02-01,0,0.299081434390898
2011-03-01,0,0.943779101879245
2011-04-01,0,0.879524383395472
2011-05-01,0,-0.71902999711213
2011-06-01,1.51466515787362,-0.611529434410649
2011-07-01,0,-0.192896293283568
2011-08-01,0,-0.962767731002297
2011-09-01,0,0.456814291436494
2011-10-01,0,-0.30314949019601
2011-11-01,0,0.755402463002809
2011-12-01,-4.93196203155601,-0.549100872851831
2012-01-01,0,0.127098732259944
2012-02-01,0,8.01267034735827e-05
2012-03-01,0,0.780583070735254
2012-04-01,0,-0.0834127279669479
2012-05-01,0,-0.512933213414369
2012-06-01,1.46878370093934,-0.644624286375499
2012-07-01,0,0.721469080841746
2012-08-01,0,0.852386842752409
2012-09-01,0,0.299020636491622
2012-10-01,0,-0.189216016201964
2012-11-01,0,-0.350002277452578
2012-12-01,0.972876149903244,-0.179421722393056
2013-01-01,0,0.410548265002932
2013-02-01,0,0.175207652184693
2013-03-01,0,-0.369184796326314
2013-04-01,0,-0.189111228020487
2013-05-01,-1.37977618581545,0.0105874366813895
2013-06-01,0,0.0487896072930303
2013-07-01,0,0.847706634865423
2013-08-01,0,-0.0655397185360415
2013-09-01,0,-0.0779113874509923
2013-10-01,0,0.0527779737648968
2013-11-01,0,-0.104684546158706
2013-12-01,0.984938186022611,0.363284536996984
2014-01-01,0,0.111756521255313
2014-02-01,0,0.0658124982430273
2014-03-01,0,-0.185727746414321
2014-04-01,0,0.0718304379522068
2014-05-01,0,-0.0505518992205161
2014-06-01,0.407599583969492,0.245872657197638
2014-07-01,0,-0.320844701410541
2014-08-01,0,-0.105680175989577
2014-09-01,0,-0.210238761686997
2014-10-01,0,-0.519477676936452
2014-11-01,-9.80638481430324,-0.967337889857769
2014-12-01,0,-1.39070955169598
2015-01-01,0,-1.37379115176364
2015-02-01,0,0.983872329675618
2015-03-01,0,-0.228855499223383
2015-04-01,0,0.755030851255829
2015-05-01,0,0.654823674052507
2015-06-01,2.38268259864832,-0.252458543625177
2015-07-01,0,-1.1824913219905
2015-08-01,0,-0.483199368240177
2015-09-01,0,0.312388467476451
2015-10-01,0,0.172284849844066
2015-11-01,0,-0.519710426417829
2015-12-01,-1.98521939419114,-0.803818543336725
2016-01-01,0,-1.36488011234287
2016-02-01,0,-0.205973915694756
2016-03-01,0,1.2846518900306
2016-04-01,0,-0.24023257490403
2016-05-01,0,0.796175246371433
2016-06-01,0.561501010593956,-0.264207932810111
2016-07-01,0,-0.468327473204546
2016-08-01,0,0.108964614616577
2016-09-01,1.45068201632914,0.168582891808956
2016-10-01,0,0.714292031704162
2016-11-01,7.88528437885002,-0.699359765790191
2016-12-01,2.01777899908104,0.700972142716795
2017-01-01,0,0.172158152998271
2017-02-01,0,0.262373969259471
2017-03-01,0,-1.34513330141337
2017-04-01,0,0.0309251184792958
2017-05-01,-4.43232378262327,-0.967354798787611
2017-06-01,0,-0.416445217853017
2017-07-01,0,-0.0599019578690365
2017-08-01,0,-0.0159676958529578
2017-09-01,0,0.360727080263299
2017-10-01,0,-0.422635798141745
2017-11-01,0.195585416934227,0.178267347914347
2017-12-01,0,-0.204071201899749
2018-01-01,0,0.754159269060249
2018-02-01,0,-0.348169378558413
2018-03-01,0,-0.0859135621535135
2018-04-01,0,0.31918627853668
2018-05-01,0,0.553107280919625
2018-06-01,-0.432980267551166,-0.735585632244794
2018-07-01,0,0.551329530626272
2018-08-01,0,-0.193466376151584
2018-09-01,0,0.585928468129556
2018-10-01,0,0.223032245407653
2018-11-01,0,-1.50389146905832
2018-12-01,2.05086021091864,-0.378827558791124
2019-01-01,0,0.491943148452525
2019-02-01,0,0.224022641302703
2019-03-01,0,-0.0915996294751711
2019-04-01,0,0.466543199368828
2019-05-01,0,-0.827869984274006
2019-06-01,0,-0.415777531837259
2019-07-01,-4.2671075877589,0.381611350188014
2019-08-01,0,-0.408193974889951
2019-09-01,0,0.429910139811008
2019-10-01,0,-0.180601138847638
2019-11-01,0,0.546009152219688
2019-12-01,1.06884660571403,0.366501831697332
2020-01-01,0,1.05279929552308
2020-02-01,0,-1.05506302754843
2020-03-01,-8.01957189515517,-1.78120149861348
2020-04-01,3.04969309690317,1.21073136515375
2020-05-01,0,0.972862636042631
2020-06-01,-3.16703595747933,-0.658113183014817
2020-07-01,0,-0.176591278813417
2020-08-01,0,-0.552102483658666
2020-09-01,0,-0.479121575101957
2020-10-01,0,-0.272887301231686
2020-11-01,0,-0.0797621050234749
2020-12-01,0.541997573418293,-0.000177524937544346
2021-01-01,3.87481703173906,-0.535438639726093
2021-02-01,0,0.270629331169729
2021-03-01,3.51769876940008,0.383868001173819
2021-04-01,5.94459646102155,0.54043298888701
2021-05-01,0,0.841380480374704
2021-06-01,2.26964848260953,0.490313225560594
2021-07-01,-9.88215883588293,0.157339146596396
2021-08-01,0,-0.435978863406999
2021-09-01,0.418148418081726,1.29653464609892
2021-10-01,2.33831955909969,0.967830858826013
2021-11-01,-1.0324059454352,-0.424980509893211
2021-12-01,1.68475792317493,-0.217297197311218
2022-01-01,1.47652664775537,0.83347851074493
2022-02-01,0.628106636684926,0.337156605835489
2022-03-01,0.978633225469011,1.12625499508765
2022-04-01,0,-0.58169966414187
2022-05-01,0.443538128213323,0.907770486587735
2022-06-01,-2.16025377334538,0.435446200647861
2022-07-01,0,-1.54197909711317
2022-08-01,-2.92243072498011,-0.532052402992746
2022-09-01,0.534412545447719,-0.404112643471877
2022-10-01,2.4412022204703,0.603795606293226
2022-11-01,0,-0.446507206421127
2022-12-01,-2.89649840356888,-0.652656396260717
2023-01-01,0,0.0228160771523033
2023-02-01,0,-0.236931119860713
2023-03-01,0,-0.547238413427019
2023-04-01,0,0.657024891353136
2023-05-01,0,-1.05422909679988
2023-06-01,0.441692943047201,0.375558199797996
2023-07-01,0,0.102648271100283
2023-08-01,0,0.341501083051188
2023-09-01,0,0.702962985914161
2023-10-01,0,-0.15926517468574
2023-11-01,-2.48307965607873,-0.58020737543538
2023-12-01,0,0.0391272184362814
2024-01-01,0,1.21773997625619
2024-02-01,0,-0.029998041809239
2024-03-01,-0.252075405316366,0.634348986917243
2024-04-01,0,0.377192823744588
2024-05-01,0,-0.849332993437522
2024-06-01,-3.03693527371446,-0.00655585772838374
2024-07-01,0,0.152890344927316
2024-08-01,0,-0.459048971518059
2024-09-01,0.5296352753362,0.00239449123604207
2024-10-01,0,0.237378671444419
2024-11-01,2.44111669681572,-0.0823652199640763
2024-12-01,0.131955047893453,0.0119977443353058
2025-01-01,0,0.753144249162011
2025-02-01,0,-0.882206966858712
2025-03-01,-1.20448596136148,-0.0574959727734784
2025-04-01,-6.24209259744739,-0.572277039001264
2025-05-01,2.4495729338092,-0.0980346275841214
2025-06-01,0,0.663450793572285
2025-07-01,1.16112360845895,-0.25959949589033
2025-08-01,-0.512057389433078,0.325132775637531
2025-09-01,0.967847310003606,0.0431271406801987
2025-10-01,1.37290773192038,0.0426246457999403
2025-11-01,0.591851000300456,-0.37801611150638
2025-12-01,1.46480091730086,-0.336251677400647
