"date","fomc_date","gb_date","is_fomc","is_unscheduled","iv1","iv5"
1990-02-08,1990-02-07,1990-01-31,1,0,-0.0016203,-0.0385844
1990-03-28,1990-03-27,1990-03-21,1,0,-0.0264639,-0.0336647
1990-05-16,1990-05-15,1990-05-09,1,0,0.0611419,0.0384603
1990-07-05,1990-07-03,1990-06-27,1,0,0.031613,0.0238467
1990-07-13,,,0,0,-0.0053312,
1990-08-22,1990-08-21,1990-08-15,1,0,0.0165853,0.0196539
1990-10-03,1990-10-02,1990-09-26,1,0,-0.011521,-0.0115166
1990-10-29,,,0,0,-0.029191,
1990-11-14,1990-11-13,1990-11-07,1,0,0.083535,0.0571181
1990-12-07,,,1,1,0.004271,
1990-12-18,1990-12-18,1990-12-12,1,0,-0.026585,-0.0548146
1991-01-08,,,0,0,-0.0483391,
1991-02-01,,,1,1,-0.1483391,
1991-02-07,1991-02-06,1991-01-30,1,0,0.0705457,0.0307772
1991-03-08,,,0,0,-0.0012936,
1991-03-27,1991-03-26,1991-03-20,1,0,0.0411535,0.0135009
1991-04-30,,,1,1,-0.1392407,
1991-05-15,1991-05-14,1991-05-08,1,0,0.0613822,0.0090928
1991-07-05,1991-07-03,1991-06-28,1,0,0.0770362,0.0192117
1991-08-06,,,1,1,-0.040802,
1991-08-21,1991-08-20,1991-08-14,1,0,0.0673721,0.0547388
1991-09-13,,,1,1,0.0090915,
1991-10-02,1991-10-01,1991-09-25,1,0,0.0352536,0.0106801
1991-10-30,,,1,1,-0.0257464,
1991-11-06,1991-11-05,1991-10-30,1,0,-0.060309,-0.0684679
1991-12-06,,,0,0,0.0441158,
1991-12-18,1991-12-17,1991-12-11,1,0,0.0763799,0.0570023
1991-12-20,,,0,0,-0.1798579,
1992-02-06,1992-02-05,1992-01-30,1,0,0.0137507,0.0036737
1992-04-01,1992-03-31,1992-03-25,1,0,0.0125211,-0.01676
1992-04-09,,,0,0,-0.1814217,
1992-05-20,1992-05-19,1992-05-14,1,0,0.0396251,0.0283852
1992-07-02,1992-07-01,1992-06-26,1,0,-0.2499163,-0.2529096
1992-08-19,1992-08-18,1992-08-13,1,0,-0.0044028,-0.0097495
1992-09-04,,,0,0,0.0298657,
1992-10-07,1992-10-06,1992-09-30,1,0,0.04979,0.0612465
1992-11-18,1992-11-17,1992-11-12,1,0,0.0215719,0.0214885
1992-12-23,1992-12-22,1992-12-16,1,0,0.0067874,0.0021666
1993-02-04,1993-02-03,1993-01-29,1,0,-0.0430994,-0.0199227
1993-03-24,1993-03-23,1993-03-17,1,0,-0.0037765,0.0022337
1993-05-19,1993-05-18,1993-05-14,1,0,-0.0015728,-0.0002584
1993-07-08,1993-07-07,1993-06-30,1,0,0.0155603,0.010209
1993-08-18,1993-08-17,1993-08-11,1,0,0.0258088,0.0238867
1993-09-22,1993-09-21,1993-09-15,1,0,0.0426497,0.0233682
1993-11-17,1993-11-16,1993-11-10,1,0,-0.0012219,-0.0075513
1993-12-22,1993-12-21,1993-12-15,1,0,-0.0282138,-0.0346077
1994-02-04,1994-02-04,1994-01-31,1,0,-0.0163056,-0.0098415
1994-03-22,1994-03-22,1994-03-16,1,0,-0.02711,0.0034142
1994-04-18,,,1,1,0.1414094,
1994-05-17,1994-05-17,1994-05-13,1,0,0.051826,0.0530263
1994-07-06,1994-07-06,1994-06-30,1,0,-0.0029382,-0.0169615
1994-08-16,1994-08-16,1994-08-12,1,0,0.0118673,0.0227357
1994-09-27,1994-09-27,1994-09-21,1,0,-0.0407073,-0.0467317
1994-11-15,1994-11-15,1994-11-09,1,0,0.0963205,0.0758217
1994-12-20,1994-12-20,1994-12-14,1,0,-0.0359584,-0.0408577
1995-02-01,1995-02-01,1995-01-25,1,0,-0.0070595,0.0079685
1995-03-28,1995-03-28,1995-03-22,1,0,0.0160953,0.0323945
1995-05-23,1995-05-23,1995-05-17,1,0,0.0144616,0.0138043
1995-07-06,1995-07-06,1995-06-28,1,0,-0.0996235,-0.0935479
1995-08-22,1995-08-22,1995-08-16,1,0,0.0023847,-0.0079828
1995-09-26,1995-09-26,1995-09-20,1,0,0.028479,0.0109756
1995-11-15,1995-11-15,1995-11-08,1,0,0.0267226,0.0290798
1995-12-19,1995-12-19,1995-12-14,1,0,-0.0317816,-0.0288464
1996-01-31,1996-01-31,1996-01-26,1,0,0.000953,-0.0183811
1996-03-26,1996-03-26,1996-03-21,1,0,-0.0048252,-0.0105714
1996-05-21,1996-05-21,1996-05-16,1,0,0.0144995,-0.0005869
1996-07-03,1996-07-03,1996-06-26,1,0,-0.0042256,-0.0172022
1996-08-20,1996-08-20,1996-08-15,1,0,0.0127682,0.0127185
1996-09-24,1996-09-24,1996-09-18,1,0,-0.1079772,-0.1027281
1996-11-13,1996-11-13,1996-11-06,1,0,0.0199918,0.0092555
1996-12-17,1996-12-17,1996-12-12,1,0,0.0180035,-0.0077404
1997-02-05,1997-02-05,1997-01-29,1,0,0.0157918,0.001979
1997-03-25,1997-03-25,1997-03-19,1,0,0.0583319,0.0442462
1997-05-20,1997-05-20,1997-05-15,1,0,-0.0407242,-0.036051
1997-07-02,1997-07-02,1997-06-25,1,0,-0.0033441,0.0119312
1997-08-19,1997-08-19,1997-08-14,1,0,0.0116911,0.0101228
1997-09-30,1997-09-30,1997-09-24,1,0,0.0120807,0.0124118
1997-11-12,1997-11-12,1997-11-06,1,0,0.0070244,-0.0026628
1997-12-16,1997-12-16,1997-12-11,1,0,-0.0069903,-0.0123515
1998-02-04,1998-02-04,1998-01-28,1,0,0.0189386,0.0297087
1998-03-31,1998-03-31,1998-03-25,1,0,-0.0131312,-0.010548
1998-05-19,1998-05-19,1998-05-14,1,0,0.0120611,0.0285327
1998-07-01,1998-07-01,1998-06-24,1,0,0.0048123,0.0149624
1998-08-18,1998-08-18,1998-08-13,1,0,-0.0016728,0.0017396
1998-09-29,1998-09-29,1998-09-23,1,0,0.0462105,0.0423533
1998-10-15,,,1,1,-0.2283282,
1998-11-17,1998-11-17,1998-11-12,1,0,0.0102744,0.0060684
1998-12-22,1998-12-22,1998-12-16,1,0,-0.0016526,-0.0088666
1999-02-03,1999-02-03,1999-01-28,1,0,0.0125837,0.016317
1999-03-30,1999-03-30,1999-03-24,1,0,-0.0353284,-0.0289277
1999-05-18,1999-05-18,1999-05-13,1,0,0.0440893,0.0431243
1999-06-30,1999-06-30,1999-06-23,1,0,-0.0816205,-0.0831246
1999-08-24,1999-08-24,1999-08-18,1,0,-0.0114911,-0.0098545
1999-10-05,1999-10-05,1999-09-29,1,0,0.0314687,0.0293378
1999-11-16,1999-11-16,1999-11-10,1,0,0.085515,0.075079
1999-12-21,1999-12-21,1999-12-15,1,0,0.0009024,-0.0251755
2000-02-02,2000-02-02,2000-01-27,1,0,-0.0048894,-0.0091006
2000-03-21,2000-03-21,2000-03-15,1,0,-0.0137339,-0.0265982
2000-05-16,2000-05-16,2000-05-11,1,0,0.0537132,0.0364129
2000-06-28,2000-06-28,2000-06-21,1,0,0.0040405,-0.0130562
2000-08-22,2000-08-22,2000-08-16,1,0,0.0105152,-0.0006374
2000-10-03,2000-10-03,2000-09-27,1,0,0.0323891,0.0328062
2000-11-15,2000-11-15,2000-11-08,1,0,0.0234384,-0.0131578
2000-12-19,2000-12-19,2000-12-13,1,0,0.0391903,0.0065904
2001-01-03,,,1,1,-0.1317759,
2001-01-31,2001-01-31,2001-01-25,1,0,0.0673324,0.0538679
2001-03-20,2001-03-20,2001-03-14,1,0,-0.0609849,-0.0815626
2001-04-18,,,1,1,-0.3262957,
2001-05-15,2001-05-15,2001-05-09,1,0,-0.0703459,-0.0784247
2001-06-27,2001-06-27,2001-06-20,1,0,0.0966702,0.0768965
2001-08-21,2001-08-21,2001-08-16,1,0,-0.0112679,-0.0139484
2001-09-17,,,1,1,-0.0111291,
2001-10-02,2001-10-02,2001-09-27,1,0,-0.0038964,-0.0027369
2001-11-06,2001-11-06,2001-10-31,1,0,-0.0661658,-0.0651102
2001-12-11,2001-12-11,2001-12-05,1,0,0.0318948,-0.0070487
2002-01-30,2002-01-30,2002-01-23,1,0,0.0444261,0.0044509
2002-03-19,2002-03-19,2002-03-13,1,0,-0.0576563,-0.0768206
2002-05-07,2002-05-07,2002-05-01,1,0,0.01433,0.0294103
2002-06-26,2002-06-26,2002-06-20,1,0,-0.0059789,0.0101468
2002-08-13,2002-08-13,2002-08-07,1,0,-0.029135,-0.0247745
2002-09-24,2002-09-24,2002-09-18,1,0,-0.024538,-0.0212418
2002-11-06,2002-11-06,2002-10-30,1,0,-0.0434515,-0.0358674
2002-12-10,2002-12-10,2002-12-04,1,0,0.0294643,0.0228702
2003-01-29,2003-01-29,2003-01-22,1,0,0.0283314,0.0112191
2003-03-18,2003-03-18,2003-03-13,1,0,-0.0082293,-0.0168618
2003-05-06,2003-05-06,2003-04-30,1,0,-0.0212642,-0.0372951
2003-06-25,2003-06-25,2003-06-18,1,0,0.1510882,0.1419672
2003-08-12,2003-08-12,2003-08-06,1,0,0.0053849,-0.0019285
2003-09-16,2003-09-16,2003-09-10,1,0,-0.0373068,-0.0379424
2003-10-28,2003-10-28,2003-10-22,1,0,0.028388,0.0207113
2003-12-09,2003-12-09,2003-12-03,1,0,0.0116932,0.0250822
2004-01-28,2004-01-28,2004-01-21,1,0,-0.0037273,-0.0089892
2004-03-16,2004-03-16,2004-03-11,1,0,-0.0340564,-0.0314317
2004-05-04,2004-05-04,2004-04-28,1,0,0.0060093,0.0131596
2004-06-30,2004-06-30,2004-06-23,1,0,-0.0250221,-0.0323369
2004-08-10,2004-08-10,2004-08-05,1,0,0.0205015,0.0243415
2004-09-21,2004-09-21,2004-09-15,1,0,-0.004191,0.0019267
2004-11-10,2004-11-10,2004-11-03,1,0,0.0295026,0.0246083
2004-12-14,2004-12-14,2004-12-08,1,0,-0.0002268,-0.0126539
2005-02-02,2005-02-02,2005-01-26,1,0,-0.0048173,-0.0117812
2005-03-22,2005-03-22,2005-03-16,1,0,0.0090048,0.0039775
2005-05-03,2005-05-03,2005-04-28,1,0,0.0165165,0.0125122
2005-06-30,2005-06-30,2005-06-22,1,0,0.0167408,0.010995
2005-08-09,2005-08-09,2005-08-04,1,0,-0.0122099,-0.0250497
2005-09-20,2005-09-20,2005-09-14,1,0,0.0245113,0.0291332
2005-11-01,2005-11-01,2005-10-26,1,0,-0.0141301,-0.0201177
2005-12-13,2005-12-13,2005-12-07,1,0,0.0008366,-0.014814
2006-01-31,2006-01-31,2006-01-25,1,0,0.0289904,0.0015544
2006-03-28,2006-03-28,2006-03-22,1,0,0.0429631,0.0072288
2006-05-10,2006-05-10,2006-05-03,1,0,0.059026,0.057728
2006-06-29,2006-06-29,2006-06-21,1,0,-0.0138755,-0.0075434
2006-08-08,2006-08-08,2006-08-03,1,0,-0.0194147,-0.0094596
2006-09-20,2006-09-20,2006-09-13,1,0,0.0148863,0.0140903
2006-10-25,2006-10-25,2006-10-18,1,0,-0.0103839,-0.0233127
2006-12-12,2006-12-12,2006-12-06,1,0,0.0451822,0.0221994
2007-01-31,2007-01-31,2007-01-24,1,0,0.0048145,-0.0209691
2007-03-21,2007-03-21,2007-03-14,1,0,-0.0169851,-0.0290433
2007-05-09,2007-05-09,2007-05-02,1,0,0.0397078,0.0211178
2007-06-28,2007-06-28,2007-06-20,1,0,0.0089576,-0.0055287
2007-08-07,2007-08-07,2007-08-02,1,0,0.0321615,0.0329034
2007-08-10,,,1,1,0.0414944,
2007-08-17,,,1,1,-0.0135056,
2007-09-18,2007-09-18,2007-09-12,1,0,-0.1319583,-0.1322387
2007-10-31,2007-10-31,2007-10-24,1,0,0.0434254,0.0450198
2007-12-11,2007-12-11,2007-12-05,1,0,0.0880591,0.0881442
2008-01-22,,,1,1,-0.104453,
2008-01-30,2008-01-30,2008-01-23,1,0,-0.0916478,-0.1128207
2008-03-11,,,1,1,0.1365711,
2008-03-18,2008-03-18,2008-03-13,1,0,0.0976619,0.0846956
2008-04-30,2008-04-30,2008-04-23,1,0,-0.0252001,-0.0365805
2008-06-25,2008-06-25,2008-06-18,1,0,0.0843142,0.0600558
2008-08-05,2008-08-05,2008-07-30,1,0,-0.0256451,-0.0236714
2008-09-16,2008-09-16,2008-09-10,1,0,0.0949842,0.1172511
2008-10-08,,,1,1,0.0276797,
2008-10-29,2008-10-29,2008-10-22,1,0,-0.0152317,-0.0165779
2008-11-25,,,0,0,0.0232304,
2008-12-01,,,0,0,0.0332304,
2008-12-16,2008-12-16,2008-12-10,1,0,-0.0711133,-0.0620749
2009-01-28,2009-01-28,2009-01-22,1,0,0.040413,0.0269158
2009-03-18,2009-03-18,2009-03-12,1,0,0.0415954,0.0163017
2009-04-29,2009-04-29,2009-04-22,1,0,0.0395663,0.0074139
2009-06-24,2009-06-24,2009-06-17,1,0,0.0469831,0.0167991
2009-08-12,2009-08-12,2009-08-06,1,0,0.0127521,0.0180297
2009-09-23,2009-09-23,2009-09-16,1,0,-0.0324256,-0.0232529
2009-11-04,2009-11-04,2009-10-29,1,0,-0.0087044,0.0120925
2009-12-16,2009-12-16,2009-12-09,1,0,-0.0214989,0.000234
