"date","pdvmil","pdvmily","rgdp","rcons","rcdur","rcnd","rcsv","rinvfx","rnri","rres","rgov","rfed","rdef","kcdur","tothours","milithours","totpop","rwmfg","cpi","BAA","tb3","amtbr"
1939-01-01,0.5,0.00557413600891862,8.27097,8.903867,2.674537,16.17316,7.952937,4.04713,3.085607,8.381926,10.29587,9.269643,3.034027,3.436602,107.845505878331,0.627877061756809,130763.25,0.0364037716069396,13.9333333969116,5.01999998092651,0.0299999993294477,0.0509999990463257
1939-04-01,0,0,8.37198,9.233281,2.842816,16.82255,8.047124,4.166428,3.264018,8.168047,10.25256,9.446696,3.329588,3.461079,108.046890801172,0.635226793248945,131028,0.036525316632517,13.8000001907349,5.04333353042603,0.0299999993294477,0.0509999990463257
1939-07-01,0.7,0.00775872235567225,8.635213,9.300076,3.00219,16.52958,8.110264,4.327064,3.506525,7.865519,9.793538,8.430821,3.59898,3.490228,108.572374927857,0.731298283467587,131301.5,0.0361862319480831,13.9000005722046,4.89666652679443,0.0766666680574417,0.0509999990463257
1939-10-01,0,0,8.677839,9.350774,3.048456,17.01471,8.173676,4.531379,3.74785,7.836507,9.926039,9.160838,3.813405,3.525,110.026990865982,0.827369773686229,131575,0.0370271083171551,14,4.88333320617676,0.0466666668653488,0.0509999990463257
1940-01-01,0,0,9.002978,9.486541,3.148987,17.08938,8.268688,4.716776,3.885899,8.258941,10.0551,9.683177,4.399279,3.568177,111.648905982611,0.923441263904872,131848.5,0.0380314086183774,13.9666662216187,4.82999992370605,0.0166666656732559,0.0689999982714653
1940-04-01,31.6,0.321674793705679,9.056465,9.64829,3.294787,17.33448,8.390668,4.970328,4.015147,9.183468,9.884892,9.080085,4.67625,3.616542,111.58904210568,1.01951275412351,132122,0.0382192167009004,14.0333337783813,4.92999982833862,0.0599999986588955,0.0689999982714653
1940-07-01,0,0,9.331182,9.715816,3.364036,17.3607,8.378447,5.314031,4.364031,9.428938,9.942092,9.194157,4.912116,3.664475,114.594001365616,1.6040788981588,132442,0.0386455925200327,14,4.74000024795532,0.0466666668653488,0.0689999982714653
1940-10-01,4.9,0.0478274152600689,9.541374,9.841354,3.432189,17.60344,8.490198,5.506865,4.574923,9.500655,11.51792,12.69458,10.10435,3.707,115.921121867799,2.18864504219409,132762,0.0392081079820016,14.0333337783813,4.496666431427,0.0199999995529652,0.0689999982714653
1941-01-01,7,0.0662993053727063,10.08199,10.17337,3.796737,18.29905,8.62787,5.767212,4.943536,9.144988,13.61487,18.27872,19.17254,3.741453,118.72650680058,2.77321118622938,133082,0.0395785907594472,14.1333332061768,4.39333343505859,0.0566666647791862,0.126000002026558
1941-04-01,44.3,0.391521569480054,10.70785,10.46932,4.235274,18.27867,8.837781,6.197662,5.308119,9.900734,15.11975,21.83285,25.98996,3.769077,123.244902376767,3.35777733026467,133402,0.0407984223315295,14.4666662216187,4.32000017166138,0.109999999403954,0.126000002026558
1941-07-01,0,0,10.95966,10.56261,3.936767,18.75877,8.887079,6.001264,4.987081,10.46885,17.7685,28.25985,35.29367,3.788059,128.409255874902,4.76551340141926,133766.5,0.0403545323227813,14.8999996185303,4.28333330154419,0.116666667163372,0.126000002026558
1941-10-01,97,0.745046020033289,11.4865,10.2307,3.307222,18.24752,9.167271,5.433862,4.589262,9.133421,22.31688,38.89658,49.82383,3.801,131.893727183152,6.17324947257384,134131,0.0411232260718506,15.3999996185303,4.31333351135254,0.233333334326744,0.126000002026558
1942-01-01,0,0,11.57757,10.10772,2.571949,18.37368,9.115754,4.225926,3.524658,7.399261,26.42831,48.87296,65.74001,3.810436,134.342064473571,7.58098554372842,134495.5,0.0419108020460827,15.8333330154419,4.29333353042603,0.256666660308838,0.204999998211861
1942-04-01,29,0.20223589212877,12.38668,9.986543,2.39328,18.24771,9.245479,3.738733,3.241655,5.90648,36.06126,71.73628,102.6936,3.815395,138.395466222562,8.98872161488301,134860,0.0430533587462978,16.2333335876465,4.28666687011719,0.353333324193954,0.204999998211861
1942-07-01,66.2,0.424517896443284,13.15275,10.10017,2.371025,18.47311,9.46618,2.852272,2.690957,3.220406,46.43963,96.49124,141.447,3.813535,142.986720336761,12.2685392932489,135329.75,0.0461502164657736,16.466667175293,4.28000020980835,0.379999995231628,0.204999998211861
1942-10-01,0,0,14.099,10.26156,2.359746,18.6975,9.648588,2.391069,2.21473,3.025853,53.0028,112.3795,165.9915,3.802,148.365121612048,15.5483569716149,135799.5,0.0472838677187701,16.7999992370605,4.25666666030884,0.379999995231628,0.204999998211861
1943-01-01,23,0.126655678827631,14.32669,10.38362,2.203479,18.64918,9.836525,2.258713,2.153043,2.510876,57.51636,123.4642,182.7935,3.779452,153.21725603629,18.8281746499808,136269.25,0.048671683875085,17,4.08333349227905,0.379999995231628,0.221000000834465
1943-04-01,0,0,14.70674,10.29949,2.278118,18.35172,10.04324,2.389239,2.258446,2.866185,59.55737,128.6061,191.2963,3.749353,157.294183356805,22.1079923283468,136739,0.0501711398833138,17.466667175293,3.91666674613953,0.379999995231628,0.221000000834465
1943-07-01,0,0,15.06242,10.41038,2.151662,18.62766,10.18037,2.682761,2.587274,2.94548,60.54859,131.0972,195.8829,3.719779,160.056240432849,23.5377775939778,137153.5,0.0521318534764403,17.3666667938232,3.81666660308838,0.379999995231628,0.221000000834465
1943-10-01,0,0,15.50415,10.4945,2.070743,18.63145,10.41186,2.861287,2.757237,3.293459,63.27368,137.9845,205.2833,3.695,160.210633677499,24.9675628596087,137568,0.0527163312564036,17.3999996185303,3.82333326339722,0.379999995231628,0.221000000834465
1944-01-01,0,0,15.80836,10.53323,2.121271,18.72377,10.49803,2.99033,2.928051,3.275959,65.95108,144.2773,215.1537,3.678105,161.025756678143,26.3973481252397,137982.5,0.0533846568231583,17.3999996185303,3.72666668891907,0.379999995231628,0.263000011444092
1944-04-01,-34,-0.159299457210526,15.98451,10.62961,1.948725,18.84051,10.62928,3.174462,3.261925,2.549294,67.18441,147.589,219.0653,3.666769,163.669113710355,27.8271333908707,138397,0.0537102513799849,17.533332824707,3.63333344459534,0.379999995231628,0.263000011444092
1944-07-01,0,0,16.23024,10.72763,1.938747,19.05026,10.72157,3.008792,3.160872,2.139567,68.22958,149.8138,222.058,3.656351,158.289943275259,27.1656575565784,138779.75,0.0538891864759389,17.7000007629395,3.55999994277954,0.379999995231628,0.263000011444092
1944-10-01,19.4,0.0870861164978812,16.3889,10.88153,2.015257,19.20547,10.88312,3.342416,3.601151,2.035179,69.71895,153.1319,228.6711,3.643,159.122283433302,26.5041817222862,139162.5,0.0543893706814224,17.7333335876465,3.52333331108093,0.379999995231628,0.263000011444092
1945-01-01,0,0,16.69016,11.09925,2.097537,19.76122,11.12274,3.505147,3.862051,1.901815,70.5416,154.7754,233.805,3.622784,155.384709955679,25.8427058879939,139545.25,0.054566114018044,17.7999992370605,3.41666674613953,0.379999995231628,0.26800000667572
1945-04-01,0,0,16.75557,11.1173,2.049519,19.48797,11.15858,3.745436,4.119228,2.086875,69.73591,152.9276,228.9095,3.603384,150.095348010409,25.1812300537016,139928,0.0541925074352368,17.9333324432373,3.32333326339722,0.379999995231628,0.26800000667572
1945-07-01,-41,-0.175960303355563,15.73604,11.32465,2.169756,20.15825,11.31672,4.641103,4.99454,2.857465,57.27486,123.3315,183.2232,3.58997,141.831951666873,20.4868515535098,140293.25,0.0518702484170921,18.1000003814697,3.25333333015442,0.379999995231628,0.26800000667572
1945-10-01,0,0,14.51023,11.87881,2.599188,21.11656,11.42597,5.244313,5.224182,4.913845,39.11963,79.86953,116.3863,3.591,135.95087226088,15.792473053318,140658.5,0.0495144012865339,18.1333332061768,3.15000009536743,0.379999995231628,0.26800000667572
1946-01-01,0,0,14.30782,12.66004,3.367936,22.48509,11.63575,6.231739,5.514467,9.191818,24.71347,44.55482,61.17973,3.627781,132.759944762514,11.0980945531262,141023.75,0.0498030368827039,18.2000007629395,2.96666669845581,0.379999995231628,0.238000005483627
1946-04-01,0,0,14.60362,12.99789,3.765911,22.73378,11.73403,7.850529,6.687576,12.36926,20.58571,34.61912,48.17882,3.699728,129.40024106363,6.40371605293441,141389,0.0520850614001617,18.533332824707,3.00333333015442,0.379999995231628,0.238000005483627
1946-07-01,3.7,0.0169820742731672,14.0959,12.86292,4.487961,21.66879,11.85034,8.480985,7.053889,13.89266,18.20528,29.38997,38.05054,3.810451,129.83058460012,5.5482598053318,142073.25,0.0484538873709237,20.1333332061768,3.0533332824707,0.379999995231628,0.238000005483627
1946-10-01,0,0,13.71665,12.54715,4.482193,20.90034,11.85189,9.040747,7.584068,13.90226,17.87154,28.77608,34.87491,3.932,130.231432576351,4.69280355772919,142757.5,0.0452456735959307,21.1999988555908,3.16333341598511,0.379999995231628,0.238000005483627
1947-01-01,0,0,14.022,12.83,4.542,21.561,11.719,9.329,7.918,14.61,17.184,25.544,31.436,4.052135,129.594339521164,3.83734731012658,143441.75,0.044673820836791,21.7000007629395,3.13333344459534,0.379999995231628,0.238000005483627
1947-04-01,7.8,0.0328836424957841,14.001,13.043,4.637,21.93,11.888,9.082,7.793,13.883,17.293,25.597,29.376,4.171385,128.84548585578,2.98189106252397,144126,0.0456103576793254,22.0100002288818,3.1800000667572,0.379999995231628,0.238000005483627
1947-07-01,0,0,13.989,13.085,4.702,22.032,11.862,9.39,7.638,16.011,17.451,25.611,30.894,4.288548,128.863800691055,2.92073079689298,144752.25,0.0459806891856412,22.4899997711182,3.19333338737488,0.736666679382324,0.238000005483627
1947-10-01,0,0,14.202,13.089,5.008,21.743,11.801,10.216,7.884,19.105,17.193,24.718,31.105,4.409,128.882115526331,2.85957053126199,145378.5,0.0458362466738407,23.1266670227051,3.43666672706604,0.906666696071625,0.238000005483627
1948-01-01,1.8,0.00707825403067243,14.427,13.154,4.982,21.814,11.927,10.561,8.373,18.877,17.534,25.559,31.023,4.524156,127.801469436814,2.58,146004.75,0.0452682206217969,23.6166667938232,3.52666664123535,0.990000009536743,0.193000003695488
1948-04-01,3.5,0.0134460238186708,14.693,13.307,5.016,22.027,12.114,10.551,8.082,19.979,18.378,27.116,30.767,4.636504,127.82788599661,2.628,146631,0.0457590920205812,23.9933338165283,3.39666676521301,1,0.193000003695488
1948-07-01,0,0,14.772,13.327,5.1,21.892,12.179,10.438,8.102,19.342,18.735,27.669,30.306,4.748214,127.965302556406,2.787,147270.25,0.0465155922402677,24.3966674804688,3.42000007629395,1.04999995231628,0.193000003695488
1948-10-01,0,0,14.794,13.433,5.028,22.178,12.302,10.317,8.31,17.91,19.523,29.169,31.82,4.857,128.031005510188,2.954,147909.5,0.047948087811873,24.1733322143555,3.51999998092651,1.13999998569489,0.193000003695488
1949-01-01,0,0,14.589,13.454,4.936,22.262,12.38,9.727,7.917,16.564,20.081,29.756,32.659,4.963575,128.043708463971,3.068,148548.75,0.0490464876415788,23.9433326721191,3.46000003814697,1.16999995708466,0.187000006437302
1949-04-01,0,0,14.536,13.66,5.364,22.323,12.443,9.418,7.604,16.277,20.99,30.874,33.252,5.081726,124.866991317415,3.041,149188,0.0499215611539245,23.9166660308838,3.45666670799255,1.16999995708466,0.187000006437302
1949-07-01,0,0,14.699,13.691,5.62,22.126,12.417,9.395,7.227,17.672,21.201,30.534,33.158,5.210895,123.283341709085,3.007,149958.75,0.050377166965443,23.716667175293,3.41000008583069,1.04333329200745,0.187000006437302
1949-10-01,-2,-0.00747384155455904,14.561,13.891,5.844,22.487,12.454,9.732,7.103,19.843,20.75,29.021,31.069,5.354,124.942260267737,2.953,150729.5,0.0501058783161485,23.6599998474121,3.33999991416931,1.07666671276093,0.187000006437302
1950-01-01,0,0,15.149,14.122,6.067,22.774,12.609,10.349,7.304,22.094,20.403,27.64,29.815,5.515139,125.990566050103,2.837,151500.25,0.0510470754634458,23.5866661071777,3.24000000953674,1.10333335399628,0.210999995470047
1950-04-01,7.7,0.0279796511627907,15.61,14.355,6.119,23.038,12.928,11.309,7.958,24.236,20.737,28.254,30.075,5.681727,127.946605199238,2.727,152271,0.0515144602325986,23.7666664123535,3.25333333015442,1.15333330631256,0.210999995470047
1950-07-01,179.4,0.630579964850615,16.221,15.091,7.569,23.436,13.128,12.153,8.671,25.569,20.339,27.251,32.052,5.882078,130.046721713508,2.865,152922.75,0.0499967329181975,24.203332901001,3.25333333015442,1.22000002861023,0.210999995470047
1950-10-01,124,0.410732030473667,16.507,14.637,6.633,22.916,13.211,11.9,8.66,24.364,21.635,30.451,36.49,6.041,131.39931594524,3.877,153574.5,0.0496351643479946,24.6933326721191,3.21333336830139,1.33666670322418,0.210999995470047
1951-01-01,4.1,0.013086498563677,16.715,14.991,6.842,23.338,13.572,11.458,8.435,23.07,23.948,36.413,46.253,6.177224,132.869269465556,4.953,154226.25,0.0484066807861483,25.6966667175293,3.18666672706604,1.36666667461395,0.247999995946884
1951-04-01,0,0,16.993,14.568,5.861,22.997,13.664,10.931,8.552,19.963,27.241,44.208,57.332,6.275846,134.252708724416,5.779,154878,0.0494366132993128,25.9466667175293,3.41333341598511,1.49000000953674,0.247999995946884
1951-07-01,0,0,17.331,14.737,5.754,23.481,13.835,10.754,8.648,18.689,30.332,51.849,69.12,6.359691,134.174580251615,6.274,155546.75,0.050571957742766,25.9333343505859,3.49666666984558,1.60333335399628,0.247999995946884
1951-10-01,0,0,17.36,14.823,5.736,23.756,13.869,10.643,8.468,18.862,32.023,56.15,75.329,6.435,134.527291111975,6.386,156215.5,0.0516729855029921,26.3166656494141,3.55666661262512,1.61000001430511,0.247999995946884
1952-01-01,-0.5,-0.00143719459614832,17.535,14.856,5.769,23.56,14.041,10.769,8.502,19.355,33.015,58.6,77.918,6.507094,135.481783426828,6.637,156527,0.0525524669511267,26.4166660308838,3.54333329200745,1.56666672229767,0.26800000667572
1952-04-01,-4.6,-0.0130979498861048,17.554,15.148,5.881,24.107,14.26,10.918,8.597,19.712,34.134,60.92,82.119,6.581388,135.765836377926,6.861,157140,0.0535081873774661,26.486665725708,3.49666666984558,1.64666664600372,0.26800000667572
1952-07-01,0.8,0.00227208179494462,17.672,15.222,5.532,24.53,14.45,10.248,7.82,19.514,34.472,62.487,84.015,6.656359,135.902135841326,6.771,157798,0.0539747029719996,26.6666660308838,3.50999999046326,1.78333330154419,0.26800000667572
1952-10-01,0,0,18.256,15.759,6.486,24.89,14.656,11.028,8.524,20.562,35.09,63.469,85.514,6.755,137.00979900103,6.612,158451,0.0559453788081125,26.6966667175293,3.52666664123535,1.8933333158493,0.26800000667572
1953-01-01,-7.5,-0.0201938610662359,18.597,15.947,6.704,25.045,14.806,11.471,8.991,20.882,36.281,65.942,88.146,6.87385,137.135233601195,6.643,159170,0.0572100892852282,26.6199989318848,3.53666663169861,1.98000001907349,0.266000002622604
1953-04-01,-4.4,-0.0116279069767442,18.738,16.043,6.665,25.16,14.983,11.533,9.053,20.941,37.079,68.018,88.851,6.998916,136.223664804811,6.586,159745,0.0577233022308571,26.7200012207031,3.76333332061768,2.15333342552185,0.266000002622604
1953-07-01,-11.7,-0.0306282722513089,18.624,16.006,6.623,24.929,15.075,11.542,9.258,20.147,36.631,66.162,87.687,7.120285,135.56038116359,6.616,160449,0.0577681682806617,26.843334197998,3.86333322525024,1.95666658878326,0.266000002622604
1953-10-01,-1,-0.00262398320650748,18.329,15.9,6.438,24.965,14.963,11.417,9.147,19.974,36.517,65.201,86,7.226,134.975440893795,6.644,161223,0.0582016165254542,26.8900012969971,3.76999998092651,1.47333335876465,0.266000002622604
1954-01-01,0,0,18.242,15.958,6.238,25.205,15.102,11.237,8.874,20.183,35.54,61.731,80.234,7.30766,134.698975089285,6.4,161912,0.0580025216835147,26.953332901001,3.60999989509583,1.05999994277954,0.24099999666214
1954-04-01,0,0,18.265,16.166,6.54,25.137,15.364,11.421,8.78,21.497,34.282,58.425,76.861,7.382576,133.57660900649,6.241,162564,0.0584046333553607,26.9099998474121,3.47666668891907,0.790000021457672,0.24099999666214
1954-07-01,-5,-0.0132978723404255,18.471,16.385,6.568,25.454,15.631,11.878,9.02,22.809,33.455,55.519,72.895,7.458736,132.166868716671,6.138,163290,0.0582875901109919,26.8400001525879,3.48666667938232,0.883333325386047,0.24099999666214
1954-10-01,0,0,18.841,16.729,6.972,25.882,15.821,12.143,8.993,24.246,33.252,54.873,70.391,7.553,132.310287021874,6.137,164107,0.0590746535264541,26.7566661834717,3.45333337783813,1.01999998092651,0.24099999666214
1955-01-01,4.9,0.0125834617360041,19.383,17.105,7.598,26.151,16.006,12.634,9.154,26.046,33.212,53.552,70.015,7.684738,134.568672650478,5.976,164809,0.0596242049260883,26.7933330535889,3.46666669845581,1.22333335876465,0.25
1955-04-01,0,0,19.704,17.432,8.01,26.634,16.123,13.176,9.73,26.431,32.882,52.337,67.475,7.838928,134.564230902051,5.726,165463,0.0603738916394078,26.7566661834717,3.5,1.48333334922791,0.25
1955-07-01,0,0,19.967,17.648,8.27,26.813,16.289,13.468,10.227,25.867,33.082,52.889,68.187,7.997305,136.964135037105,5.555,166192,0.0608289532822828,26.7766666412354,3.55666661262512,1.8566666841507,0.25
1955-10-01,0,0,20.079,17.869,8.052,27.357,16.613,13.481,10.509,24.769,32.365,50.91,65.896,8.134,138.326218582137,5.515,167023,0.0608591649204085,26.8566665649414,3.59666657447815,2.33666658401489,0.25
1956-01-01,0.9,0.00211267605633803,19.987,17.899,7.684,27.666,16.773,13.194,10.313,24.115,32.347,50.53,65.645,8.232211,138.082376526458,5.406,167746,0.0609098250794201,26.8600006103516,3.59333324432373,2.32666659355164,0.254000008106232
1956-04-01,0.6,0.0014008872285781,20.144,17.958,7.694,27.596,16.934,13.3,10.475,23.972,33.025,51.855,67.397,8.311349,138.812950546858,5.327,168436,0.0612782493887368,27.0366668701172,3.72333335876465,2.56666660308838,0.254000008106232
1956-07-01,3,0.00690925840626439,20.119,17.999,7.559,27.615,17.112,13.279,10.559,23.501,32.713,50.911,67.18,8.383097,138.973476512949,5.3,169191,0.0615473468250504,27.3166675567627,3.93333339691162,2.58333325386047,0.254000008106232
1956-10-01,0.5,0.0011384335154827,20.448,18.247,7.802,27.836,17.335,13.187,10.534,23.133,33.563,52.735,69.335,8.464,138.877106396018,5.31,170063,0.0621185779816082,27.5499992370605,4.25999975204468,3.03333330154419,0.254000008106232
1957-01-01,0,0,20.574,18.373,7.944,28.004,17.402,13.187,10.609,22.802,34.252,53.672,69.727,8.567058,139.142760071943,5.176,170806,0.0621793129409573,27.7766666412354,4.46333312988281,3.09666657447815,0.254999995231628
1957-04-01,2.4,0.005249343832021,20.524,18.405,7.757,28.11,17.552,13.06,10.581,22.252,34.039,52.858,70.307,8.672613,137.772619492546,5.157,171501,0.0623305253586725,28.013334274292,4.53000020980835,3.1399998664856,0.254999995231628
1957-07-01,0,0,20.722,18.551,7.704,28.5,17.681,13.191,10.805,21.952,34.3,53.05,70.885,8.76753,137.508822291495,5.235,172257,0.062626901646729,28.263334274292,4.82666683197021,3.35333323478699,0.254999995231628
1957-10-01,10.3,0.0220840480274443,20.504,18.561,7.614,28.314,17.875,12.95,10.524,21.92,34.925,53.793,70.028,8.837,135.22794201089,5.072,173070,0.0630988577205796,28.3999996185303,5.03666687011719,3.30999994277954,0.254999995231628
1958-01-01,0.7,0.00151679306608884,19.949,18.308,7.107,28.059,17.858,12.148,9.762,21.053,34.535,51.864,69.252,8.865717,133.1185472285,4.88,173746,0.0627943092596396,28.7366676330566,4.72333335876465,1.75666666030884,0.252999991178513
1958-04-01,0,0,20.071,18.459,6.999,28.314,18.116,11.803,9.341,21.105,35.4,53.53,69.937,8.875428,132.442884132497,4.849,174397,0.0632641282997455,28.9300003051758,4.61333322525024,0.956666648387909,0.252999991178513
1958-07-01,0,0,20.541,18.761,7.144,28.831,18.359,11.972,9.2,22.644,35.621,53.321,69.907,8.883484,132.33621269385,4.808,175143,0.0641204946895606,28.9133338928223,4.69000005722046,1.6800000667572,0.252999991178513
1958-10-01,0,0,21.02,19.009,7.406,29.227,18.469,12.709,9.543,25.057,36.381,54.566,70.429,8.908,135.468294213346,4.831,175966,0.0647744433739713,28.9433326721191,4.88000011444092,2.69000005722046,0.252999991178513
1959-01-01,1.5,0.00309278350515464,21.445,19.361,7.807,29.608,18.708,13.489,9.84,27.908,36.145,53.666,68.471,8.970655,136.369775641599,4.746,176685,0.0653953148477357,28.9933338165283,4.86999988555908,2.77333331108093,0.264999985694885
1959-04-01,0,0,21.987,19.659,8.101,29.853,18.986,13.926,10.14,28.899,36.696,54.95,67.637,9.060996,137.874780807133,4.7,177365,0.0660777118324823,29.0433330535889,4.95333337783813,3,0.264999985694885
1959-07-01,0,0,21.961,19.864,8.258,29.967,19.241,14.096,10.461,28.353,37.158,56.085,69.36,9.165286,137.540936321886,4.624,178101,0.0660399330855451,29.1933326721191,5.11666679382324,3.53999996185303,0.264999985694885
1959-10-01,0,0,22.038,19.886,7.864,30.152,19.473,13.909,10.421,27.526,36.753,55.268,68.473,9.263,136.785562743566,4.609,178921,0.0662822923657251,29.3700008392334,5.27333354949951,4.23000001907349,0.264999985694885
1960-01-01,0,0,22.532,20.076,8.116,30.228,19.649,14.394,10.822,28.316,36.029,52.782,67.262,9.349201,136.859957862315,4.586,179597,0.0677693072686918,29.3966674804688,5.30999994277954,3.8733332157135,0.264999985694885
1960-04-01,2.9,0.00550284629981025,22.427,20.331,8.301,30.558,19.868,14.105,10.99,25.987,36.322,52.58,66.276,9.423512,138.078822589371,4.549,180222,0.0678750315108302,29.5733337402344,5.24666690826416,2.99333333969116,0.264999985694885
1960-07-01,0,0,22.464,20.25,8.235,30.379,19.845,13.727,10.716,25.199,37.197,54.212,68.396,9.484621,139.498154089655,4.587,180945,0.0682624363653804,29.5900001525879,5.10333347320557,2.35999989509583,0.264999985694885
1960-10-01,0,0,22.175,20.276,8.028,30.4,20.037,13.67,10.656,25.165,37.456,54.41,67.605,9.533,138.210698015963,4.593,181796,0.0684036527215224,29.7800006866455,5.09666681289673,2.30666661262512,0.264999985694885
1961-01-01,7.7,0.0147030742791675,22.307,20.271,7.587,30.581,20.237,13.499,10.432,25.263,37.946,54.339,69.396,9.569155,139.357998597095,4.659,182520,0.0685093769636609,29.8400001525879,5.06333351135254,2.35000014305115,0.270000010728836
1961-04-01,31.1,0.0589015151515152,22.724,20.572,7.745,30.99,20.533,13.698,10.648,25.354,38.037,54.847,68.962,9.602666,137.395257115272,4.633,183217,0.0698200559331138,29.8299999237061,5.01666688919067,2.3033332824707,0.270000010728836
1961-07-01,3.5,0.00649350649350649,23.092,20.672,7.934,31.014,20.595,14.027,10.736,26.723,38.783,56.387,70.943,9.640179,137.533742579887,4.653,183958,0.0707503456224786,29.9466667175293,5.10666656494141,2.3033332824707,0.270000010728836
1961-10-01,-1,-0.00181983621474067,23.562,21.086,8.318,31.435,20.958,14.5,11.099,27.62,39.635,57.381,72.173,9.69,140.56256750433,5.001,184783,0.0713491483692692,29.9899997711182,5.11333322525024,2.46000003814697,0.270000010728836
1962-01-01,2,0.00355492356914326,23.984,21.31,8.498,31.696,21.156,14.81,11.356,28.118,40.336,59.488,74.862,9.759281,140.705675097374,5.29,185452,0.0717229606563232,30.1066665649414,5.06333351135254,2.72333335876465,0.275000005960464
1962-04-01,0,0,24.249,21.572,8.726,31.823,21.472,15.259,11.695,28.997,40.555,59.733,74.047,9.845149,141.781285320637,5.322,186087,0.0720834734286619,30.2199993133545,5.01333332061768,2.71666669845581,0.275000005960464
1962-07-01,0,0,24.473,21.747,8.79,32.07,21.657,15.382,11.846,28.973,41.478,61.53,75.231,9.942191,141.513078335461,5.228,186790,0.0723586140606782,30.3066673278809,5.04666662216187,2.83999991416931,0.275000005960464
1962-10-01,0,0,24.533,22.056,9.177,32.25,21.931,15.307,11.765,28.935,41.538,61.199,74.353,10.05,141.085299435384,5.109,187574,0.0729327624429709,30.3799991607666,4.95666646957397,2.81333327293396,0.275000005960464
1963-01-01,0,0,24.854,22.204,9.36,32.427,22.017,15.486,11.747,29.98,41.285,59.714,72.589,10.16178,141.533477170802,4.977,188213,0.073874998627545,30.4766674041748,4.89333343505859,2.90666675567627,0.280000001192093
1963-04-01,0,0,25.165,22.417,9.561,32.537,22.258,16.204,12.123,32.137,41.233,59.161,71.841,10.27846,141.744669895835,5.008,188790,0.0745146084111363,30.533332824707,4.85333347320557,2.94000005722046,0.280000001192093
1963-07-01,-7.1,-0.0116164921465969,25.639,22.722,9.679,32.835,22.648,16.624,12.489,32.732,43.001,62.445,74.401,10.3998,142.497296382258,5.045,189496,0.0746893432099795,30.7199993133545,4.83666658401489,3.29333329200745,0.280000001192093
1963-10-01,0,0,25.834,22.911,9.832,32.793,22.957,17.155,12.9,33.728,42.61,60.783,72.52,10.527,143.829461574799,5.019,190265,0.0754027350306399,30.8033332824707,4.84000015258789,3.49666666984558,0.280000001192093
1964-01-01,-4.6,-0.00726124704025256,26.414,23.364,10.215,33.355,23.327,17.809,13.221,35.795,42.768,60.473,71.463,10.66399,143.6245587426,4.929,190858,0.0755649298396223,30.9300003051758,4.82999992370605,3.52999997138977,0.252999991178513
1964-04-01,0,0,26.717,23.775,10.481,33.991,23.652,17.761,13.558,33.993,43.045,60.07,70.08,10.81072,146.03488347402,5.008,191447,0.0764632583229661,30.9799995422363,4.84999990463257,3.47666668891907,0.252999991178513
1964-07-01,0,0,27.08,24.212,10.827,34.655,23.961,18.045,14.018,33.437,43.071,59.598,69.847,10.96995,145.804729884808,4.993,192131,0.0768615996545923,31.0499992370605,4.82333326339722,3.49666666984558,0.252999991178513
1964-10-01,0,0,27.155,24.28,10.495,34.722,24.289,18.177,14.31,32.827,42.947,58.76,68.412,11.133,145.697762443117,4.986,192847,0.0765197063225614,31.1933326721191,4.80999994277954,3.68333339691162,0.252999991178513
1965-01-01,2.2,0.00325636471284784,27.822,24.819,11.471,35.054,24.565,19.005,15.271,32.942,42.843,58.02,66.894,11.32209,148.210132237044,4.983,193393,0.0775458937244541,31.2900009155273,4.78666687011719,3.89000010490417,0.244000002741814
1965-04-01,1.4,0.00201236165013655,28.2,25.093,11.49,35.389,24.936,19.537,15.846,33.199,43.396,58.132,66.584,11.52059,149.466758618249,4.919,193888,0.0777251058153695,31.4899997711182,4.82000017166138,3.87333345413208,0.244000002741814
1965-07-01,14,0.0197712187544132,28.772,25.525,11.882,35.919,25.278,20.066,16.446,33.329,44.897,60.48,68.92,11.73339,150.199717194869,4.914,194528,0.0778515648062365,31.5833339691162,4.8899998664856,3.86666655540466,0.244000002741814
1965-10-01,0,0,29.466,26.242,12.383,37.251,25.707,20.517,17.145,32.608,45.862,62.158,71.525,11.961,151.634230103698,5.074,195195,0.078104812618593,31.75,4.96666669845581,4.16666698455811,0.244000002741814
1966-01-01,0,0,30.189,26.629,12.972,37.522,25.974,21.284,17.892,33.348,46.687,63.579,74.143,12.20335,152.471864723385,5.361,195688,0.0782477917073878,32.0466690063477,5.16666650772095,4.6100001335144,0.250999987125397
1966-04-01,1,0.00129735339906591,30.29,26.698,12.455,37.878,26.257,21.009,18.171,30.673,47.514,65.262,75.702,12.43501,153.273890625634,5.55,196178,0.0785186451909657,32.3366661071777,5.48999977111816,4.58666658401489,0.250999987125397
1966-07-01,11,0.0141043723554302,30.489,27.004,12.863,38.15,26.474,21.002,18.392,29.676,48.8,67.904,80.666,12.66842,154.921549445141,5.753,196762,0.0789099173004447,32.6166687011719,5.86666679382324,5.04333353042603,0.250999987125397
1966-10-01,21.8,0.0274870760307654,30.736,27.116,12.858,38.044,26.763,20.365,18.345,26.563,49.594,68.469,82.713,12.891,154.278661427375,6.054,197398,0.0798940271393462,32.8833312988281,6.13666677474976,5.21000003814697,0.250999987125397
1967-01-01,38.8,0.0480852645928864,31.007,27.274,12.615,38.472,27.01,19.887,17.956,25.764,51.699,73.163,87.664,13.09401,154.018069202456,6.205,197892,0.0803409916031562,32.966667175293,5.88000011444092,4.51333332061768,0.256000012159348
1967-04-01,6,0.00733675715333823,31.013,27.646,13.157,38.758,27.272,20.396,17.892,28.693,51.418,72.103,87.721,13.29757,152.710331267108,6.276,198363,0.0811242313832125,33.1666641235352,5.98000001907349,3.65999984741211,0.256000012159348
1967-07-01,3.8,0.00462118448254895,31.261,27.788,13.052,38.722,27.644,20.596,17.802,30.131,51.953,73.249,89.921,13.4995,154.363158690459,6.291,198911,0.0817509641363493,33.5,6.32999992370605,4.30000019073486,0.256000012159348
1967-10-01,-10,-0.01194743130227,31.499,27.959,13.085,38.897,27.877,21.239,18.169,31.886,52.307,73.097,88.963,13.71,156.196933219402,6.287,199498,0.0823308536656728,33.8666687011719,6.72333335876465,4.75333309173584,0.256000012159348
1968-01-01,5,0.00586372698487158,32.148,28.627,13.898,39.662,28.314,21.751,18.74,32.081,53.22,74.368,91.161,13.95073,154.933263141936,6.293,199920,0.0834526992857493,34.2000007629395,6.82999992370605,5.05000019073486,0.28600001335144
1968-04-01,-23.3,-0.0264832916571948,32.694,29.066,14.194,40.15,28.76,21.64,18.414,32.892,53.466,73.771,91.079,14.20728,155.791535516149,6.374,200361,0.084329286370679,34.533332824707,7.02333354949951,5.51999998092651,0.28600001335144
1968-07-01,0,0,32.918,29.613,14.833,40.79,29.131,21.959,18.66,33.482,53.578,73.136,89.282,14.47929,156.845480540623,6.496,200898,0.0847438258665112,35,6.86333322525024,5.1966667175293,0.28600001335144
1968-10-01,0,0,33.06,29.748,14.745,40.799,29.454,22.499,19.212,33.9,53.622,72.689,88.483,14.746,157.321786241308,6.364,201466,0.0859921970206655,35.4333343505859,7.02666664123535,5.58666658401489,0.28600001335144
1969-01-01,0,0,33.581,30.081,15.023,41.252,29.717,23.208,19.781,35.12,53.674,72.285,87.542,15.00633,158.130783994584,6.271,201881,0.086195399562552,35.8666648864746,7.37666702270508,6.09333324432373,0.298000007867813
1969-04-01,0,0,33.679,30.274,14.983,41.342,30.082,23.31,19.995,34.743,53.45,71.132,85.578,15.25139,158.537616852768,6.33,202331,0.0864583326552651,36.4333343505859,7.58666658401489,6.1966667175293,0.298000007867813
1969-07-01,0,0,33.892,30.42,14.94,41.497,30.321,23.698,20.535,34.459,53.525,71.182,85.448,15.47803,158.951531036405,6.36,202877,0.0874387675732371,36.9333343505859,7.91666698455811,7.02333354949951,0.298000007867813
1969-10-01,0,0,33.733,30.662,14.882,41.775,30.696,23.099,20.412,31.939,52.739,69.277,83.658,15.683,159.556085574646,6.29,203500,0.0876845647432139,37.5,8.37333297729492,7.35333347320557,0.298000007867813
1970-01-01,-5,-0.00497760079641613,33.68,30.851,14.654,42.133,31.022,23.016,20.293,32.003,52.455,67.908,81.434,15.86125,159.188707218496,5.973,204008,0.0874275194848203,38.0999984741211,8.75666618347168,7.21000003814697,0.28600001335144
1970-04-01,-3,-0.00294956248156523,33.741,30.992,14.823,42.107,31.217,22.505,20.182,29.87,51.777,65.781,77.587,16.02826,158.103640037193,5.775,204607,0.0880704466544599,38.6333312988281,8.97666645050049,6.67666673660278,0.28600001335144
1970-07-01,0,0,34.041,31.263,14.878,42.409,31.57,22.905,20.285,31.462,52.001,64.808,76.38,16.1933,156.788610115284,5.535,205295,0.0887302132313476,39.033332824707,9.40999984741211,6.32666635513306,0.28600001335144
1970-10-01,0,0,33.68,31.179,13.889,42.905,31.73,22.927,19.53,34.779,52.002,64.455,75.8,16.355,156.059227824835,5.449,206024,0.0887016164689542,39.5999984741211,9.27666664123535,5.35333347320557,0.28600001335144
1971-01-01,0,0,34.609,31.774,15.379,43.08,31.947,23.44,19.708,36.635,51.16,61.946,72.237,16.55288,157.127359624083,5.248,206668,0.090532371738184,39.9333343505859,8.52999973297119,3.84000015258789,0.277999997138977
1971-04-01,0,0,34.805,32.065,15.729,43.178,32.268,24.41,20,40.332,50.996,61.053,69.47,16.77101,156.197059143733,5.053,207260,0.090923673644142,40.2999992370605,8.60666656494141,4.25,0.277999997138977
1971-07-01,0,0,35.083,32.322,16.148,43.09,32.573,24.872,20.08,42.319,50.964,60.796,68.079,17.00743,156.42021356784,4.931,207881,0.0909771944887722,40.7000007629395,8.70333385467529,5.01000022888184,0.277999997138977
1971-10-01,0,0,35.181,32.859,16.838,43.383,33.086,25.551,20.51,43.959,50.584,58.915,66.136,17.263,158.533782409016,4.705,208555,0.0919467968046016,41,8.41333293914795,4.23000001907349,0.277999997138977
1972-01-01,0,0,35.81,33.298,17.223,43.526,33.652,26.7,21.199,46.891,50.768,59.155,65.182,17.52946,161.048589856997,4.554,209061,0.0931945960401145,41.3333358764648,8.23333263397217,3.43666672706604,0.289000004529953
1972-04-01,0,0,36.659,33.934,17.656,44.703,34.063,27.17,21.55,47.811,51.083,60.101,66.208,17.81094,161.315016591742,4.334,209545,0.0940436618115657,41.5999984741211,8.22333335876465,3.76999998092651,0.289000004529953
1972-07-01,0,0,37.01,34.457,18.11,45.319,34.525,27.47,21.887,47.922,50.03,56.86,61.528,18.11149,162.446458998468,4.264,210075,0.094475276948069,41.9333343505859,8.17000007629395,4.21999979019165,0.289000004529953
1972-10-01,0,0,37.62,35.265,19.069,46.175,35.143,28.748,23.031,49.634,50.344,56.673,61.434,18.444,163.114219530076,4.269,210656,0.0956334962990697,42.3666687011719,7.99333333969116,4.86333322525024,0.289000004529953
1973-01-01,0,0,38.582,35.911,20.283,46.453,35.596,29.962,24.107,51.303,50.839,57.611,62.627,18.81874,163.954488305684,4.208,211120,0.0942409781320394,43.033332824707,7.96666669845581,5.69999980926514,0.305000007152557
1973-04-01,0,0,39.029,35.893,20.044,46.061,35.894,30.222,25.092,48.693,50.536,56.718,61.504,19.19259,166.605135749989,4.126,211577,0.0922061156211593,43.9333343505859,8.09333324432373,6.60333347320557,0.305000007152557
1973-07-01,-5,-0.00364564345607,38.82,36.021,19.866,46.276,36.134,30.134,25.513,46.627,49.887,54.311,57.856,19.54971,167.743400846738,4.098,212092,0.0916255787005711,44.7999992370605,8.46666622161865,8.32333374023438,0.305000007152557
1973-10-01,5,0.00359531171352556,39.191,35.916,19.402,46.094,36.271,29.831,25.713,44.399,50.254,54.354,58.257,19.869,168.726615819252,4.009,212634,0.0917885400912271,45.9333343505859,8.43666648864746,7.5,0.305000007152557
1974-01-01,0,0,38.847,35.601,18.947,45.476,36.216,29.126,25.685,41.143,51.305,56.066,59.601,20.13638,168.597653794483,3.983,213074,0.0879819604513364,47.2999992370605,8.54333305358887,7.61666679382324,0.324999988079071
1974-04-01,0,0,38.946,35.726,19.049,45.174,36.57,28.707,25.628,39.349,51.651,55.977,60.56,20.37056,168.328397574365,3.869,213513,0.0855357731070374,48.5666656494141,9.06333351135254,8.15333366394043,0.324999988079071
1974-07-01,0,0,38.561,35.873,19.159,45.271,36.75,28.202,25.329,38.052,51.728,56.258,59.117,20.58138,168.331705570861,3.901,214042,0.0821736965099934,49.9333343505859,9.8100004196167,8.19000053405762,0.324999988079071
1974-10-01,0,0,38.41,35.347,17.336,44.463,37.119,26.603,24.621,33.045,51.908,56.671,59.101,20.759,166.865038280858,3.919,214625,0.0814504837144171,51.466667175293,10.5699996948242,7.3600001335144,0.324999988079071
1975-01-01,0,0,37.942,35.644,17.706,44.548,37.466,24.973,23.111,31.004,52.544,56.034,58.647,20.9355,163.809089840993,3.868,215065,0.0820560928709355,52.5666656494141,10.6466665267944,5.75,0.333000004291534
1975-04-01,0,0,38.232,36.238,18.05,45.535,37.931,24.623,22.507,31.67,52.14,55.584,57.741,21.11738,163.222595702549,3.84,215523,0.0826374608480166,53.2000007629395,10.6300001144409,5.39333343505859,0.333000004291534
1975-07-01,0,0,38.876,36.754,19.177,45.981,38.114,25.237,22.714,33.876,53.057,56.97,59.928,21.3202,163.325670448697,3.793,216195,0.082862988911248,54.2666664123535,10.5833330154419,6.32999992370605,0.333000004291534
1975-10-01,0,0,39.384,37.143,19.735,45.869,38.65,25.709,22.925,35.358,53.507,57.115,59.805,21.547,165.598601311001,3.768,216771,0.0832337247927613,55.2666664123535,10.5799999237061,5.62666654586792,0.333000004291534
1976-01-01,4,0.00233385845148492,40.279,37.886,20.722,46.799,39.101,26.774,23.339,38.973,53.64,56.588,58.981,21.81302,168.474128902896,3.737,217249,0.084609085129263,55.9000015258789,10.2566661834717,4.91666650772095,0.340000003576279
1976-04-01,0,0,40.582,38.234,20.816,47.517,39.36,27.231,23.624,40.094,53.052,56.466,58.94,22.10219,170.43338274169,3.731,217685,0.0850636210656561,56.4000015258789,9.89666652679443,5.15666675567627,0.340000003576279
1976-07-01,0,0,40.781,38.638,21.052,47.881,39.839,27.517,24.141,39.44,52.773,56.306,58.813,22.41067,172.33412921922,3.7,218233,0.0861191849816325,57.2999992370605,9.61999988555908,5.15000009536743,0.340000003576279
1976-10-01,0,0,41.077,39.141,21.384,48.385,40.39,28.932,24.622,44.467,52.732,56.45,58.578,22.734,173.812567064851,3.795,218834,0.0865816176220014,58.1333351135254,9.21333312988281,4.67333316802979,0.340000003576279
1977-01-01,0,0,41.554,39.588,22.168,48.353,40.871,29.978,25.578,45.808,53.21,56.919,59.235,23.07286,175.226984411096,3.727,219344,0.0870872727265978,59.2000007629395,9.10666656494141,4.63000011444092,0.361000001430511
1977-04-01,0,0,42.38,39.807,22.691,48.35,41.03,31.651,26.317,51.049,53.763,57.857,60.138,23.42232,177.571127760218,3.746,219859,0.0870273307557922,60.2333335876465,8.99666690826416,4.84000015258789,0.361000001430511
1977-07-01,-5,-0.00249351685617395,43.138,40.187,23.025,48.59,41.474,32.061,26.868,50.887,53.861,58.191,60.167,23.77834,179.573404072172,3.741,220458,0.0882481813788087,61.0666656494141,8.82999992370605,5.496666431427,0.361000001430511
1977-10-01,0,0,43.129,40.793,23.508,49.633,41.873,32.639,27.767,50.215,53.688,57.621,58.505,24.142,180.844566047389,3.714,221109,0.0887484282949756,61.966667175293,8.94333362579346,6.1100001335144,0.361000001430511
1978-01-01,0,0,43.276,41.031,22.885,49.845,42.542,32.913,28.042,50.468,53.775,57.823,58.876,24.49494,182.464128052208,3.686,221629,0.0891196778319786,63.033332824707,9.1966667175293,6.39333343505859,0.368999987840652
1978-04-01,0,0,44.979,41.908,24.591,50.229,43.183,35.302,30.407,52.892,55.227,59.202,60.203,24.87112,187.59340981738,3.779,222176,0.0886067904614649,64.466667175293,9.47000026702881,6.47666645050049,0.368999987840652
1978-07-01,0,0,45.42,42.085,24.26,50.619,43.492,36.316,31.493,53.626,55.667,59.411,60.365,25.23717,188.42860764489,3.704,222805,0.0890849080180733,65.966667175293,9.5,7.31333351135254,0.368999987840652
1978-10-01,0,0,46.02,42.423,24.452,51.271,43.719,37.091,32.532,53.438,56.172,59.932,60.633,25.599,190.229607623178,3.757,223477,0.089258753454792,67.5,9.78666687011719,8.56999969482422,0.368999987840652
1979-01-01,11,0.00455298013245033,46.097,42.637,24.163,51.498,44.164,37.373,33.239,52.189,55.667,60.013,60.931,25.94752,191.069434523859,3.663,224053,0.0885642752804323,69.1999969482422,10.1566667556763,9.38333320617676,0.38400000333786
1979-04-01,0,0,46.141,42.612,23.616,51.399,44.439,37.083,33.14,51.214,56.255,60.755,62.156,26.26626,192.343638682864,3.568,224632,0.0869816425293309,71.4000015258789,10.3933334350586,9.37666702270508,0.38400000333786
1979-07-01,0,0,46.472,43.031,24.274,52,44.616,37.756,34.172,50.606,56.337,60.661,61.972,26.55829,193.72035517381,3.668,225295,0.0858814025450525,73.6999969482422,10.3933334350586,9.67333316802979,0.38400000333786
1979-10-01,0,0,46.6,43.146,23.649,52.275,45.001,37.404,34.258,48.694,56.704,60.647,62.32,26.795,194.351148910851,3.66,226027,0.0843181727860376,76.033332824707,11.8166666030884,11.8433332443237,0.38400000333786
1980-01-01,169.1,0.0635857712265925,46.75,43.071,23.277,52.249,45.052,36.875,34.634,44.968,57.616,62.588,64.154,26.96835,193.16614145543,3.662,226656,0.08206024351606,79.033332824707,13.4799995422363,13.3533334732056,0.400000005960464
1980-04-01,0,0,45.792,42.093,20.767,51.542,44.748,33.668,32.876,36.649,57.795,64.162,64.308,27.0882,189.062338040018,3.64,227251,0.0818155525853864,81.6999969482422,13.3566665649414,9.61666679382324,0.400000005960464
1980-07-01,0,0,45.707,42.545,21.688,51.415,45.244,34,33.124,37.275,56.998,63.297,64.427,27.19416,189.456453728043,3.665,227953,0.0821355488855936,83.2333297729492,13.1666660308838,9.15333366394043,0.400000005960464
1980-10-01,0,0,46.552,43.112,22.349,51.617,45.92,35.351,33.82,40.917,56.94,63.511,65.275,27.302,191.668427085654,3.694,228612,0.0828706627006287,85.5666656494141,14.6700000762939,13.6133327484131,0.400000005960464
1981-01-01,74.5,0.0255548314067163,47.52,43.348,22.983,52.073,45.836,35.61,34.365,40.186,57.696,64.826,66.514,27.43107,194.019163708342,3.691,229071,0.0820677736014056,87.9333343505859,15.2466669082642,14.3900003433228,0.418000012636185
1981-04-01,0,0,47.141,43.347,22.089,52.304,46.139,35.845,35.058,38.824,57.825,66.761,68.523,27.56278,194.00248004323,3.636,229575,0.0820570914976256,89.7666625976562,15.7700004577637,14.906665802002,0.418000012636185
1981-07-01,0,0,47.713,43.523,22.761,52.42,46.1,35.849,35.912,35.829,57.694,66.689,69.108,27.69668,192.986670523307,3.566,230187,0.0830806602037851,92.2666625976562,16.4766674041748,15.0533332824707,0.418000012636185
1981-10-01,0,0,47.119,43.194,21.126,52.621,46.136,35.718,36.776,32.159,58.225,67.403,70.367,27.81,191.820580856814,3.736,230822,0.083809268567956,93.7666702270508,16.6833324432373,11.75,0.418000012636185
1982-01-01,0,0,46.346,43.473,21.803,52.718,46.306,34.636,35.906,30.305,58.167,67.508,71.161,27.90674,188.655401032663,3.7,231313,0.0848980300146528,94.5999984741211,17.033332824707,12.8133335113525,0.404000014066696
1982-04-01,0,0,46.597,43.63,21.883,52.627,46.61,33.425,34.622,29.349,58.506,68.12,73.141,28.00315,189.776309762086,3.815,231809,0.0859118638808391,95.966667175293,16.7800006866455,12.4200000762939,0.404000014066696
1982-07-01,0,0,46.417,43.964,22.059,52.851,47.049,32.494,33.453,29.256,58.906,69.141,74.413,28.11946,189.233545148769,3.78,232392,0.0863655432369211,97.6333312988281,16.25,9.31666660308838,0.404000014066696
1982-10-01,0,0,46.454,44.765,23.066,53.394,47.836,32.441,32.78,31.398,59.923,71.185,76.541,28.282,188.26842849985,3.78,232993,0.0865973979703079,97.9333343505859,14.3900003433228,7.90666675567627,0.404000014066696
1983-01-01,0,0,47.032,45.204,23.3,53.567,48.464,33.15,32.167,36.749,60.373,72.042,76.996,28.50958,189.50391300719,3.847,233473,0.087771235051396,98,13.8333330154419,8.10666656494141,0.391000002622604
1983-04-01,0,0,48.089,46.102,24.998,54.198,49.083,34.43,32.56,41.103,60.889,73.574,78.776,28.81187,191.429176907999,3.877,233922,0.0884002905118919,99.1333312988281,13.25,8.39666652679443,0.391000002622604
1983-07-01,0,0,49.037,46.917,25.959,55.022,49.786,36.488,34.032,45.174,61.946,75.639,79.314,29.1751,195.365215921654,3.84,234501,0.0884696908476672,100.099998474121,13.5266666412354,9.14000034332275,0.391000002622604
1983-10-01,0,0,50.051,47.661,27.239,55.692,50.294,38.625,36.236,47.083,60.899,72.99,81.355,29.596,197.938588182868,3.832,235078,0.0889995306591818,101.099998474121,13.6066665649414,8.80000019073486,0.391000002622604
1984-01-01,0,0,51.021,48.069,28.267,55.834,50.542,39.837,37.417,48.391,61.512,73.614,81.609,30.06095,201.192012333362,3.892,235527,0.0891531579949986,102.533332824707,13.743332862854,9.17000007629395,0.39300000667572
1984-04-01,0,0,51.902,48.757,28.923,57.054,50.968,41.475,39.278,49.287,62.838,75.924,82.477,30.55806,204.68953293252,3.976,235993,0.08915905256716,103.5,14.6999998092651,9.79666614532471,0.39300000667572
1984-07-01,0,0,52.407,49.133,28.932,57.098,51.632,42.36,40.571,48.814,63.302,75.634,82.148,31.06907,205.749161123029,3.974,236549,0.0901334833530349,104.400001525879,14.710000038147,10.3199996948242,0.39300000667572
1984-10-01,0,0,52.833,49.78,29.871,57.537,52.221,43.12,41.55,48.864,64.659,78.144,85.65,31.603,206.425983954026,3.91,237159,0.0910375323921726,105.300003051758,13.6066665649414,8.8033332824707,0.39300000667572
1985-01-01,0,0,53.332,50.624,30.909,57.889,53.164,43.453,42.033,48.713,65.4,78.977,86.242,32.15361,208.041895643024,3.901,237602,0.0920945709679188,106.266670227051,13.3933334350586,8.18333339691162,0.398999989032745
1985-04-01,0,0,53.783,51.086,31.276,58.34,53.647,43.999,42.631,49.102,66.867,80.904,88.731,32.71324,208.465965716213,3.942,238074,0.0924975351330622,107.233329772949,13.0199995040894,7.46000003814697,0.398999989032745
1985-07-01,0,0,54.624,52.056,33.279,58.82,54.369,43.645,41.979,49.725,68.603,83.617,92.308,33.31604,209.999095247831,3.983,238679,0.0934489087310963,107.900001525879,12.4700002670288,7.10666656494141,0.398999989032745
1985-10-01,0,0,55.038,52.17,32.133,59.344,54.806,44.469,42.7,50.908,69.013,83.585,92.727,33.91,212.462548626408,4.008,239307,0.0936309460118021,109,11.9766664505005,7.16666650772095,0.398999989032745
1986-01-01,0,0,55.567,52.605,32.789,60.097,54.996,44.533,42.113,53.084,69.759,83.141,92,34.533,213.214549772516,3.933,239788,0.0957262049825931,109.566665649414,11.0166664123535,6.89666652679443,0.400999993085861
1986-04-01,0,0,55.79,53.166,33.947,60.632,55.307,44.427,41.059,56.03,71.242,85.792,95.469,35.18427,214.380233835075,4.045,240271,0.0976214778891821,109.033332824707,10.2733335494995,6.1399998664856,0.400999993085861
1986-07-01,0,0,56.328,54.095,36.843,60.758,55.753,44.177,40.459,56.893,72.854,89.039,99.187,35.88529,215.549034650898,3.963,240854,0.0984957279303135,109.699996948242,10.1800003051758,5.52333354949951,0.400999993085861
1986-10-01,-89.4,-0.0199051499565827,56.6,54.421,36.259,61.252,56.354,44.471,40.874,56.791,72.436,87.657,96.41,36.556,217.570375735055,4.01,241467,0.0981004069950572,110.466667175293,10.0933332443237,5.35333347320557,0.400999993085861
1987-01-01,0,0,56.914,54.338,34.108,61.332,57.018,43.59,39.75,56.641,72.732,88.179,97.831,37.15637,219.754264707236,4.04,241930,0.0975176053201935,111.800003051758,9.65999984741211,5.53666687011719,0.375
1987-04-01,0,0,57.519,55.066,35.507,61.8,57.56,44.37,40.703,56.89,73.192,89.403,100.183,37.75766,221.393599071399,3.94,242423,0.0967185934592747,113.066665649414,10.3566665649414,5.65666675567627,0.375
1987-07-01,0,0,58.018,55.68,36.974,61.851,58.051,45.314,42.014,56.718,73.194,89.498,101.665,38.36787,222.597913866893,3.878,243012,0.0966140725007658,114.266670227051,10.9066667556763,6.04333353042603,0.375
1987-10-01,0,0,59.011,55.814,35.975,61.926,58.643,45.308,41.916,56.996,74.08,90.829,101.522,38.955,224.066596082323,4.011,243639,0.0966372863984333,115.333335876465,11.3800001144409,5.86333322525024,0.375
1988-01-01,-242,-0.0495586819848047,59.316,56.746,37.678,62.594,59.351,45.249,42.238,55.763,73.721,88.361,100.432,39.57207,225.61374577953,4.01,244131,0.0967186483002995,116.233329772949,10.7533330917358,5.72333335876465,0.356000006198883
1988-04-01,0,0,60.078,57.159,37.691,63.092,59.865,46.134,43.277,56.205,73.914,87.461,99.576,40.18577,227.500564678029,3.993,244610,0.0964377363557488,117.566665649414,10.9799995422363,6.21000003814697,0.356000006198883
1988-07-01,0,0,60.388,57.609,37.2,63.527,60.66,46.312,43.504,56.24,73.871,86.806,98.608,40.78226,227.871143774261,3.947,245240,0.0959695332197907,119,11.0733327865601,7.00999975204468,0.356000006198883
1988-10-01,-58.8,-0.0114334603717819,61.195,58.288,38.163,64.189,61.212,46.776,43.962,56.734,75.372,89.413,100.687,41.379,229.536013339012,3.932,245884,0.0960389825126649,120.300003051758,10.5133333206177,7.72666645050049,0.356000006198883
1989-01-01,0,0,61.769,58.502,37.994,64.48,61.528,47.242,44.705,56.362,74.909,87.583,97.426,41.95212,230.959076836333,3.932,246378,0.0950293317123873,121.666664123535,10.6433334350586,8.53999996185303,0.360000014305115
1989-04-01,0,0,62.231,58.763,38.501,64.577,61.756,47.307,45.341,54.693,76.069,89.554,99.502,42.51255,231.694158646926,3.983,246906,0.0937803376062571,123.633331298828,10.3666667938232,8.40999984741211,0.360000014305115
1989-07-01,0,0,62.725,59.373,39.371,65.225,62.234,48.13,46.64,54.097,76.786,90.416,100.711,43.06581,233.033209226886,3.927,247573,0.0945962295922387,124.599998474121,9.8866662979126,7.84333324432373,0.360000014305115
1989-10-01,-507.6,-0.0917421243832348,62.862,59.664,38.175,65.964,62.876,47.337,45.952,52.96,77.194,89.962,99.703,43.584,234.722037069656,4.035,248281,0.0942874267213414,125.866668701172,9.81333351135254,7.65333318710327,0.360000014305115
1990-01-01,0,0,63.518,60.135,39.787,65.879,63.15,47.926,46.562,53.5,78.385,91.312,99.921,44.10598,235.711837633968,3.904,248827,0.0944543296236421,128.033340454102,10.0966663360596,7.75999975204468,0.361999988555908
1990-04-01,0,0,63.771,60.334,38.472,65.951,63.937,46.818,45.758,51.442,78.501,91.421,99.639,44.57673,236.071418659768,3.761,249565,0.0950118099107996,129.300003051758,10.3100004196167,7.746666431427,0.361999988555908
1990-07-01,0,0,63.77,60.563,38.082,66.058,64.429,46.312,46.05,48.519,78.478,90.605,97.934,44.99325,235.796123872316,3.861,250439,0.0943895405256924,131.533340454102,10.4166669845581,7.47666645050049,0.361999988555908
1990-10-01,112.1,0.0191604279902916,63.211,60.091,37.033,65.395,64.252,44.993,45.17,45.832,79.257,91.401,99.725,45.335,234.130101092875,3.828,251346,0.0926166989863804,133.766662597656,10.5966663360596,6.98999977111816,0.361999988555908
1991-01-01,0,0,62.905,59.92,36.013,65.426,64.296,43.452,44.004,43.105,79.579,92.11,100.593,45.5914,232.040026062539,3.829,252135,0.094575204765157,134.766662597656,10.203332901001,6.02333307266235,0.370999991893768
1991-04-01,0,0,63.33,60.377,36.194,65.81,64.864,43.387,43.582,44.124,79.857,92.371,100.318,45.80204,231.516954838666,3.798,252913,0.0959319076535088,135.566665649414,9.92000007629395,5.55999994277954,0.370999991893768
1991-07-01,0,0,63.596,60.608,36.75,65.921,65.025,43.532,43.17,45.952,79.478,90.65,97.631,45.998,231.439473264116,3.745,253807,0.0967993138560696,136.600006103516,9.68333339691162,5.37666654586792,0.370999991893768
1991-10-01,-112.1,-0.0185789813878715,63.846,60.581,36.151,65.355,65.41,43.614,42.942,46.96,79.144,88.871,94.314,46.203,231.89324625268,3.669,254718,0.0967899126549151,137.733337402344,9.39999961853027,4.53999996185303,0.370999991893768
1992-01-01,0,0,64.546,61.622,37.57,66.327,66.326,44.065,42.749,49.356,79.745,88.899,92.843,46.45923,233.162199207422,3.622,255448,0.09716006469096,138.66667175293,9.20333290100098,3.89333319664001,0.368999987840652
1992-04-01,0,0,65.232,61.988,37.831,66.607,66.751,45.798,44.445,51.244,79.651,88.81,92.91,46.75208,233.546706604837,3.547,256285,0.0969352972356023,139.733337402344,9.13000011444092,3.6800000667572,0.368999987840652
1992-07-01,0,0,65.905,62.673,38.638,67.003,67.493,46.494,45.343,51.361,80.06,89.824,94.185,47.07785,233.257970178061,3.422,257232,0.0973371170160033,140.800003051758,8.70333290100098,3.08333349227905,0.368999987840652
1992-10-01,0,0,66.599,63.438,39.406,67.675,68.276,47.942,46.707,53.106,80.083,89.87,93.464,47.428,233.679775933732,3.339,258147,0.0972629794215593,142.033340454102,8.86999988555908,3.0699999332428,0.368999987840652
1993-01-01,0,0,66.721,63.695,39.788,67.743,68.56,48.221,47.004,53.348,79.239,87.106,89.785,47.79009,235.345711601408,3.296,258919,0.097335946411613,143.066665649414,8.40333366394043,2.96000003814697,0.379000008106232
1993-04-01,0,0,67.148,64.306,41.08,68.281,68.963,49.3,48.255,53.976,79.18,85.876,88.463,48.17601,236.048250192373,3.289,259680,0.0973816204311535,144.100006103516,8.14000034332275,2.96666669845581,0.379000008106232
1993-07-01,0,0,67.502,65.004,41.538,68.957,69.732,50.174,48.793,55.839,79.101,84.97,87.26,48.58186,237.709239112147,3.177,260566,0.098737014585676,144.766662597656,7.62333345413208,3.00333333015442,0.379000008106232
1993-10-01,0,0,68.393,65.582,42.537,69.437,70.198,52.403,50.841,58.651,79.491,85.415,88.097,49.017,239.92725529464,3.154,261425,0.0993006923947339,145.966674804688,7.5533332824707,3.05999994277954,0.379000008106232
1994-01-01,0,0,69.059,66.313,43.55,70.366,70.745,53.099,51.347,59.895,78.48,82.358,83.683,49.48619,238.663066825276,3.139,262123,0.0997771510269398,146.699996948242,7.84666681289673,3.24333333969116,0.384999990463257
1994-04-01,0,0,70.003,66.805,44.019,70.923,71.209,54.376,52.384,61.879,78.81,81.893,83.726,49.97567,242.573628602256,3.1,262877,0.0995843660708974,147.533325195312,8.59666633605957,3.98666667938232,0.384999990463257
1994-07-01,0,0,70.454,67.34,44.482,71.534,71.727,54.916,53.366,61.204,80.192,84.14,86.484,50.47681,243.645420123034,3.047,263724,0.0995048218509054,148.899993896484,8.84000015258789,4.47666645050049,0.384999990463257
1994-10-01,0,0,71.237,68.004,46.046,72.293,72.051,56.419,55.729,60.401,79.5,81.83,82.395,50.993,244.624881833244,2.974,264559,0.0998356608315902,149.766662597656,9.20666694641113,5.27999973297119,0.384999990463257
1995-01-01,0,0,71.412,68.084,45.091,72.553,72.394,57.707,58.007,59.06,79.816,81.63,82.174,51.48654,246.851913754507,2.975,265270,0.099376861292708,150.866668701172,8.87666702270508,5.73666667938232,0.386000007390976
1995-04-01,0,0,71.565,68.642,45.55,72.909,73.048,57.488,58.41,57.161,80.083,81.307,82.028,51.9797,247.473762058652,2.939,265998,0.0987935672423832,152.100006103516,8.23333358764648,5.59666681289673,0.386000007390976
1995-07-01,0,0,72.167,69.255,46.836,73.168,73.569,58.247,58.801,58.929,79.907,80.754,81.047,52.48813,247.564049377706,2.914,266843,0.0996515671320045,152.866668701172,8.0533332824707,5.36666679382324,0.386000007390976
1995-10-01,0,0,72.67,69.742,47.649,73.546,73.985,59.461,59.984,60.265,79.013,77.722,78.495,53.014,248.236675672346,2.843,267715,0.0995472726336254,153.699996948242,7.6399998664856,5.26000022888184,0.386000007390976
1996-01-01,0,0,73.168,70.38,48.167,74.022,74.709,60.964,61.473,61.85,79.519,79.341,80.026,53.56173,244.773091654317,2.742,268364,0.0997615869835539,155.066665649414,7.71000003814697,4.92999982833862,0.384999990463257
1996-04-01,0,0,74.432,71.177,49.699,74.973,75.206,62.947,63.24,64.462,80.661,80.472,81.117,54.14074,247.992788301629,2.805,269108,0.10005244983703,156.399993896484,8.29666614532471,5.01999998092651,0.384999990463257
1996-07-01,0,0,75.08,71.603,50.051,75.506,75.608,64.403,65.345,64.284,80.583,79.053,79.396,54.73492,252.413157417371,2.82,269976,0.100628271639594,157.300003051758,8.29333400726318,5.09666681289673,0.384999990463257
1996-10-01,0,0,75.899,72.186,51.028,76.118,76.053,65.479,67.112,63.62,81.266,78.825,78.886,55.349,254.255631944194,2.821,270878,0.100676732463344,158.66667175293,7.91666650772095,4.97666645050049,0.384999990463257
1997-01-01,0,0,76.483,72.913,52.411,76.581,76.671,66.758,68.825,63.835,81.411,77.764,76.352,55.98514,254.741096328657,2.752,271585,0.101693591392135,159.633331298828,8.06999969482422,5.05999994277954,0.386000007390976
1997-04-01,0,0,77.617,73.208,52.242,76.623,77.191,68.196,70.533,64.643,82.116,79.142,78.151,56.63229,257.15973381857,2.737,272342,0.102431375840131,160,8.18666648864746,5.04666662216187,0.386000007390976
1997-07-01,0,0,78.591,74.453,54.571,77.856,78.109,70.823,74.129,64.939,82.208,78.884,77.772,57.32989,258.018140264288,2.74,273237,0.103328089324372,160.800003051758,7.75666666030884,5.04666662216187,0.386000007390976
1997-10-01,0,0,79.194,75.305,55.964,78.404,78.904,71.431,74.725,65.606,82.344,78.776,78.199,58.076,259.19432102381,2.731,274126,0.104579948825353,161.66667175293,7.43666696548462,5.08999967575073,0.386000007390976
1998-01-01,0,0,79.942,76.054,56.433,78.983,79.782,73.582,77.309,66.775,81.849,76.319,73.543,58.86814,260.852263210295,2.732,274838,0.106183934865938,162,7.253333568573,5.0533332824707,0.386999994516373
1998-04-01,0,0,80.661,77.362,59.31,79.959,80.755,76.146,80.139,68.782,83.628,78.419,76.359,59.74192,261.863148622539,2.692,275564,0.106388599496895,162.533340454102,7.253333568573,4.97666645050049,0.386999994516373
1998-07-01,0,0,81.726,78.388,61.022,80.548,81.736,77.595,81.347,70.847,84.402,77.767,77.308,60.68273,262.937904559708,2.669,276418,0.106691352328447,163.366668701172,7.12666654586792,4.82333326339722,0.386999994516373
1998-10-01,0,0,83.14,79.59,64.644,81.65,82.305,79.967,84.031,72.544,85.157,78.529,76.7,61.723,264.265009121597,2.664,277277,0.10731836381594,164.133331298828,7.25,4.25333309173584,0.386999994516373
1999-01-01,15,0.00166158958737192,83.881,80.376,64.804,83.158,83.001,81.449,85.98,72.975,85.593,78.01,75.772,62.80886,265.044318028919,2.644,277992,0.108139539349893,164.733337402344,7.40333318710327,4.40666675567627,0.389999985694885
1999-04-01,0,0,84.537,81.64,67.921,83.939,83.939,83.356,88.39,73.76,85.95,78.009,75.81,63.98227,265.833302778446,2.664,278717,0.108148342928956,165.966659545898,7.74000024795532,4.45333337783813,0.389999985694885
1999-07-01,0,0,85.612,82.622,69.575,84.338,84.947,85.295,90.931,74.373,87.061,79.646,78.056,65.20994,265.146826286481,2.611,279602,0.10808785756429,167.199996948242,8.09999942779541,4.65000009536743,0.389999985694885
1999-10-01,0,0,87.149,83.787,70.44,86.066,85.988,85.777,91.216,75.283,88.438,81.416,79.904,66.468,268.792600127735,2.609,280471,0.107544759278934,168.433334350586,8.23999977111816,5.04333353042603,0.389999985694885
2000-01-01,0,0,87.377,85.058,74.402,85.323,87.289,88.286,94.608,75.872,87.714,78.194,75.179,67.80119,273.559453217318,2.627,281190,0.107249313672427,170.100006103516,8.32999992370605,5.51999998092651,0.391999989748001
2000-04-01,0,0,89.081,85.858,73.063,87.027,88.303,90.505,98.098,75.355,88.884,81.324,78.647,69.10696,273.456769947042,2.629,281877,0.10690172298396,171.433334350586,8.59333324432373,5.71333312988281,0.391999989748001
2000-07-01,0,0,89.156,86.698,74.327,87.619,89.122,90.824,99.182,74.032,88.604,79.747,77.03,70.42419,273.572364453985,2.63,282649,0.107112664287191,173,8.32000064849854,6.01666688919067,0.391999989748001
2000-10-01,0,0,89.684,87.465,74.873,88.475,89.904,91.097,99.566,74.096,88.874,79.379,77.09,71.732,274.201644716572,2.646,283439,0.107671369118952,174.233337402344,8.21333312988281,6.01666688919067,0.391999989748001
2001-01-01,0,0,89.388,87.814,76.143,87.959,90.327,90.552,98.619,74.435,90.188,81.069,78.447,73.03452,273.193738554922,2.646,284113,0.107943580484563,175.900009155273,7.88000011444092,4.81666660308838,0.384999990463257
2001-04-01,0,0,89.974,88.145,76.105,88.379,90.71,89.137,96.029,75.482,92.061,82.805,79.544,74.31797,271.963700656949,2.642,284775,0.108041177012566,177.133331298828,8.03666687011719,3.65999984741211,0.384999990463257
2001-07-01,97.1,0.0094259947773582,89.727,88.533,77.026,88.807,90.954,88.203,94.445,75.89,91.893,83.361,80.267,75.60745,270.538291449616,2.663,285526,0.110108750549577,177.633331298828,7.94999980926514,3.17000007629395,0.384999990463257
2001-10-01,0,0,90.044,89.919,83.497,89.576,91.359,85.988,91.453,75.245,93.525,84.368,81.374,77.005,268.968421436822,2.666,286288,0.112713567447621,177.5,7.92333316802979,1.90666675567627,0.384999990463257
2002-01-01,296.3,0.0285642671911001,90.818,90.229,82.541,89.94,91.951,85.225,89.315,77.254,94.958,86.376,83.128,78.39703,268.992801678135,2.655,286931,0.11432533978705,178.066665649414,7.95666646957397,1.72333335876465,0.379999995231628
2002-04-01,0,0,91.299,90.688,83.409,90.055,92.436,84.887,87.869,79.149,95.87,88.372,85.041,79.80513,269.612423664806,2.712,287552,0.113893742819253,179.466674804688,8.02333354949951,1.71666669845581,0.379999995231628
2002-07-01,93,0.00877201256378574,91.756,91.303,85.851,90.311,92.761,84.739,87.417,79.61,96.646,89.772,86.482,81.24638,270.297972889328,2.729,288279,0.114317667606013,180.433334350586,7.62666654586792,1.6433333158493,0.379999995231628
2002-10-01,0,0,91.775,91.627,84.719,91.455,93.125,84.054,85.771,80.826,97.293,91.289,88.476,82.651,269.524225864157,2.721,289016,0.114967832533247,181.5,7.59999990463257,1.33333337306976,0.379999995231628
2003-01-01,123.8,0.0114982028253258,92.146,92.1,84.8,92.435,93.503,84.066,85.385,81.607,97.091,91.315,87.785,84.02973,270.733568251548,2.705,289614,0.113713597370392,183.366668701172,7.11999988555908,1.15666663646698,0.358999997377396
2003-04-01,0,0,92.881,92.956,88.116,92.864,93.971,86.215,87.682,83.465,98.534,95.718,95.191,85.43906,270.800720066212,2.716,290237,0.115132223816848,183.066665649414,6.47333335876465,1.03999996185303,0.358999997377396
2003-07-01,41,0.00372453011873075,94.438,94.253,91.652,94.686,94.614,88.992,89.679,87.722,98.824,95.812,94.066,86.88605,270.438942294674,2.724,290953,0.115322779436296,184.433334350586,6.8066668510437,0.930000007152557,0.358999997377396
2003-10-01,78.2,0.00694759099833862,95.288,94.773,92.244,95.066,95.168,90.584,90.845,90.101,98.895,96.511,95.929,88.329,272.327145946062,2.732,291679,0.11520792774506,185.133331298828,6.66333341598511,0.916666686534882,0.358999997377396
2004-01-01,0,0,95.959,95.676,93.265,95.962,96.052,90.404,90.124,90.904,99.366,97.749,97.359,89.78012,273.824791867459,2.75,292230,0.114528074913982,186.699996948242,6.27333354949951,0.916666686534882,0.358000010251999
2004-04-01,25,0.00215569275342324,96.641,96.193,93.919,96.217,96.633,93.189,92.555,94.324,99.73,98.304,97.871,91.23126,272.909567748326,2.737,292850,0.112710275820785,188.166656494141,6.66333341598511,1.07666659355164,0.358000010251999
2004-07-01,0,0,97.351,97.016,95.768,96.921,97.294,95.166,95.095,95.284,100.094,100.01,100.708,92.69827,274.456167769997,2.695,293562,0.112897242194152,189.366668701172,6.44999980926514,1.48666667938232,0.358000010251999
2004-10-01,0,0,98.195,98.132,97.34,97.925,98.359,96.779,97.197,96.032,99.482,98.778,98.201,94.174,276.207110477635,2.668,294300,0.11176873666643,191.399993896484,6.18666648864746,2.00666666030884,0.358000010251999
2005-01-01,100,0.00823390888356429,99.175,98.866,97.992,99.045,98.978,97.968,98.086,97.773,99.577,99.19,99.068,95.64169,277.372261698331,2.683,294928,0.111400129863648,192.433334350586,5.96666669845581,2.53666663169861,0.351000010967255
2005-04-01,0,0,99.598,99.818,100.733,99.65,99.7,99.704,99.516,100.049,99.685,99.286,99.826,97.12654,279.581143238731,2.637,295518,0.110410161230562,193.633331298828,5.97333335876465,2.86333322525024,0.351000010967255
2005-07-01,0,0,100.354,100.528,101.917,100.174,100.384,100.975,100.919,101.073,100.59,101.608,102.492,98.59906,281.306179520578,2.625,296244,0.108949673239866,196.466659545898,5.98000001907349,3.3600001335144,0.351000010967255
2005-10-01,0,0,100.873,100.788,99.359,101.132,100.937,101.352,101.479,101.105,100.147,99.915,98.614,100,281.813320542589,2.596,297001,0.108288246271891,198.633331298828,6.33666658401489,3.82666683197021,0.351000010967255
2006-01-01,0,0,102.196,101.901,103.327,101.793,101.67,103.67,105.759,100.031,101.147,102.763,101.115,101.4153,283.473207777015,2.625,297640,0.108344145765572,199.566665649414,6.30666637420654,4.39333343505859,0.352999985218048
2006-04-01,227.7,0.0172715894868586,102.564,102.45,103.064,102.191,102.421,103.186,107.643,95.502,101.232,101.887,101.384,102.8013,285.369188673429,2.612,298273,0.10580808633007,201.233337402344,6.73666667938232,4.70333337783813,0.352999985218048
2006-07-01,0,0,102.592,103.081,104.216,102.851,102.945,101.88,108.811,89.988,101.386,101.792,100.892,104.1929,286.953875683295,2.612,299029,0.105966384279704,203.033340454102,6.59333324432373,4.90666675567627,0.352999985218048
2006-10-01,0,0,103.341,104.112,105.647,104.383,103.731,100.499,109.44,85.194,101.67,102.066,102.963,105.61,288.887507470408,2.629,299848,0.108312028101929,202.5,6.27999973297119,4.90333318710327,0.352999985218048
2007-01-01,0,0,103.652,105.059,107.074,105.177,104.641,99.838,110.561,81.521,101.671,100.738,100.952,107.0697,287.701048648248,2.585,300535,0.107908060550299,204.426330566406,6.29666662216187,4.98333358764648,0.352999985218048
2007-04-01,0,0,104.475,105.358,107.634,104.961,105.068,100.726,113.579,78.764,102.764,102.558,103.059,108.5081,287.152905593667,2.611,301200,0.10561567903635,206.54167175293,6.49333333969116,4.73666667938232,0.352999985218048
2007-07-01,0,0,105.402,105.858,109.001,105.507,105.403,100.626,116.219,73.932,103.757,104.871,105.546,109.8824,288.377264108399,2.606,301967,0.105817737615752,207.746673583984,6.63000011444092,4.3033332824707,0.352999985218048
2007-10-01,739.3,0.0521371800929485,105.957,106.175,110.464,105.973,105.477,99.564,118.109,67.745,104.169,105.57,105.668,111.137,290.125453573703,2.628,302754,0.104465359232211,210.678665161133,6.51000022888184,3.39000010490417,0.352999985218048
2008-01-01,0,0,105.764,106.016,107.931,105.165,105.953,97.969,118.674,62.355,104.845,107.654,107.76,112.1736,288.390561644778,2.622,303399,0.103108503951355,213.007339477539,6.75,2.04333329200745,0.352999985218048
2008-04-01,0,0,106.147,106.032,106.354,105.738,106.047,97.291,119.083,59.738,105.782,109.698,109.597,113.0573,287.818306389345,2.645,304006,0.0988447906458246,215.358337402344,6.98999977111816,1.62666666507721,0.352999985218048
2008-07-01,0,0,105.43,105.088,103.083,104.219,105.697,95.199,117.21,57.208,107.036,113.152,114.668,113.8264,284.625320886053,2.652,304733,0.0968789732969526,218.620330810547,7.20666646957397,1.49333333969116,0.352999985218048
2008-10-01,-243.6,-0.0167460661180886,103.984,104.267,97.401,102.929,105.837,89.964,111.04,53.549,107.346,114.946,115.732,114.513,280.851140447859,2.669,305510,0.105408581198194,213.90966796875,8.84000015258789,0.29666668176651,0.352999985218048
