"year","bottom90","top10","top5","top1","top05","top01","top001"
1913,,,,0.440213924342302,0.39208625067717,0.22531783408552,0.0881305948090459
1914,,,,0.440617094140532,0.393106110527889,0.221877487821527,0.0917211264788205
1915,,,,0.437755521868841,0.392343583351855,0.233136216760278,0.111337793137128
1916,,,,0.426838751385579,0.370967063392955,0.2476542960993,0.114063352600576
1917,0.204876358931306,0.795123641068694,0.673100371870463,0.410817423975098,0.34837108776891,0.220017007555753,0.0943238369539054
1918,0.222356069161792,0.777643930838208,0.646856220264751,0.373897113250468,0.301797098678412,0.176360898922465,0.0703506021027501
1919,0.20634129843219,0.79365870156781,0.672270933300613,0.399732353525344,0.323707870891332,0.184814385044375,0.0694127560562306
1920,0.227405954698081,0.772594045301919,0.627439428605651,0.355994224270234,0.28279381849709,0.149546239120481,0.0506332033733533
1921,0.225899478949647,0.774100521050353,0.62983903109177,0.359489150459351,0.286252627825166,0.1507951999603,0.0490497894956863
1922,0.213921774610977,0.786078225389023,0.651962468220256,0.39093978552263,0.315409430709653,0.171719464229059,0.0602641708079532
1923,0.207466805411631,0.792533194588369,0.634456089421467,0.347459736109986,0.279109292110623,0.149111023137705,0.0516654759049177
1924,0.193159793870898,0.806840206129102,0.652256869840396,0.367926094180135,0.297083287147606,0.160089676320447,0.055759200620813
1925,0.177012304141714,0.822987695858286,0.707850873633704,0.430548091307408,0.346258881556638,0.186407630797141,0.0671632490948068
1926,0.169776107122324,0.830223892877676,0.724376892411192,0.451255989660194,0.364618642494942,0.202698955595958,0.0751184577687762
1927,0.161067065670504,0.838932934329496,0.733310294841533,0.494607909466615,0.402585682036493,0.226411862135567,0.0853505791020991
1928,0.155622089406958,0.844377910593042,0.741023170037541,0.514098061715649,0.423099260120056,0.246173475761623,0.0976166804847311
1929,0.157421206514796,0.842578793485204,0.740589916044007,0.505533209731026,0.417106529374605,0.247900424898164,0.101938913266898
1930,0.163812146886847,0.836187853113153,0.746936684855453,0.489513409285756,0.399882212711654,0.229722373211112,0.0895894141185368
1931,0.164294619647742,0.835705380352258,0.739464797173981,0.479656896212023,0.387575381757639,0.216201481767133,0.0818176399590421
1932,0.160144924883949,0.839855075116051,0.742758466435708,0.470348965570125,0.390375495322027,0.224171747207859,0.0751335294300971
1933,0.158558935893933,0.841441064106067,0.748341798369022,0.470753447574121,0.386181471565576,0.221877668221508,0.0776526106539847
1934,0.174681563396001,0.825318436603999,0.734505159541242,0.472145547068807,0.392683142520122,0.217792661179378,0.0740267913242929
1935,0.188380007649462,0.811619992350538,0.718312671267441,0.45274818369984,0.376687336760669,0.207662750840695,0.0703299758211269
1936,0.184313370205417,0.815686629794583,0.719043116308307,0.451933053247541,0.372624241971172,0.199683619906148,0.0654998995258985
1937,0.201044907494956,0.798955092505044,0.682536247354004,0.453153571020033,0.365869946187084,0.197376594926006,0.0664115737779489
1938,0.203029315464175,0.796970684535825,0.661813078777985,0.406660961242877,0.320934589663941,0.167915825962136,0.0583252277890358
1939,0.199349532516234,0.800650467483766,0.67114727442694,0.419464053205291,0.332181785379632,0.174325117522263,0.0583272138483081
1940,0.224260290021112,0.775739709978888,0.638655350800486,0.379293085603151,0.297310410039555,0.15335431181742,0.0517804430310103
1941,0.238236771465608,0.761763228534392,0.620618549418751,0.35035574331191,0.268784232324701,0.133927145578348,0.04428528036367
1942,0.253232535393626,0.746767464606374,0.604379301805969,0.346028574421889,0.265522485638588,0.129859972388532,0.0408593733705377
1943,0.248178745688892,0.751821254311108,0.615577027876232,0.350529643706763,0.26522072338268,0.126678952753615,0.0367007902635381
1944,0.251379305086006,0.748620694913994,0.61608083390531,0.34463177591038,0.258290050576469,0.121729930098372,0.0380599585900765
1945,0.247691810694813,0.752308189305187,0.623724739086127,0.343978019095201,0.255427080054201,0.118694800106689,0.035126150896502
1946,0.254094567881212,0.745905432118788,0.608882936124624,0.31831027415762,0.234639782487193,0.109118808395294,0.0344189493157163
1947,0.270020003315496,0.729979996684504,0.590027916194625,0.302310862210113,0.223421116090474,0.104770813766533,0.0334597917648338
1948,0.281343608126085,0.718656391873915,0.576477585094697,0.299211416246598,0.222487345368155,0.103223438013103,0.0317868868285202
1949,0.288783759397115,0.711216240602885,0.562335235894006,0.290557773139919,0.215738470992755,0.0999517748449976,0.0310494752779099
1950,0.284342455592151,0.715657544407849,0.572974229359967,0.305304163393099,0.226689751147168,0.105869021806649,0.0280353377644849
1951,0.285634449344863,0.714365550655137,0.57210932385617,0.300093887833752,0.221419870890563,0.101307239412733,0.0310429086504046
1952,0.288692053540851,0.711307946459149,0.565862779521635,0.297001931221689,0.217764332709733,0.0994554188207558,0.0305277505716268
1953,0.29683605927098,0.70316394072902,0.554150757351892,0.283302583954548,0.207244922166653,0.0944392299225612,0.0294759197297299
1954,0.294466501079471,0.705533498920529,0.55105288585965,0.288182783044313,0.210090406369206,0.0950568830834937,0.0291543117011647
1955,0.290325611559032,0.709674388440968,0.550140790526085,0.290640817702411,0.210089989904262,0.0974356151072645,0.0307644512658072
1956,0.28693742954386,0.71306257045614,0.559602460984686,0.294183353764475,0.216161797449186,0.0996197383960225,0.0316369114103978
1957,0.281954699024275,0.718045300975725,0.571541833354618,0.291764782779603,0.21451443766882,0.0991034693142967,0.0314499004347805
1958,0.282400353899731,0.717599646100269,0.569442448074372,0.28853538016803,0.211293690342816,0.097240042081319,0.0308072170320968
1959,0.275350405753458,0.724649594246542,0.579766953236343,0.294097483652153,0.216299675333774,0.0982701214173208,0.0307038354054294
1960,0.273198608304731,0.726801391695269,0.580602262366819,0.293767548772779,0.215622420619271,0.100913412517372,0.0329453452486953
1961,0.270744821504341,0.729255178495659,0.577454810522408,0.29446265538305,0.214359493679423,0.100131580893922,0.0326385645386725
1962,0.26375,0.73625,0.58259,0.29621,0.21712,0.10095,0.03278
1963,0.268625,0.731375,0.576845,0.290845,0.21214,0.099115,0.032945
1964,0.2735,0.7265,0.5711,0.28548,0.20716,0.09728,0.03311
1965,0.278405,0.721595,0.56455,0.284475,0.20765,0.098875,0.033265
1966,0.28331,0.71669,0.558,0.28347,0.20814,0.10047,0.03342
1967,0.2919675,0.7080325,0.54681,0.2779,0.20204,0.09403,0.03052
1968,0.29529,0.70471,0.55734,0.28639,0.21031,0.09996,0.03285
1969,0.2989,0.7011,0.53856,0.27878,0.2057,0.0998,0.0342
1970,0.299975,0.700025,0.54718,0.27554,0.19892,0.09465,0.03186
1971,0.3010975,0.6989025,0.54061,0.26989,0.19586,0.09223,0.02972
1972,0.3034425,0.6965575,0.5379,0.26495,0.19032,0.08723,0.02904
1973,0.309345,0.690655,0.52715,0.24857,0.17548,0.07969,0.02463
1974,0.3147625,0.6852375,0.5192,0.24876,0.17847,0.07953,0.02421
1975,0.3179225,0.6820775,0.52133,0.24714,0.17465,0.07597,0.02416
1976,0.322905,0.677095,0.50486,0.2346,0.16441,0.07187,0.02278
1977,0.3281525,0.6718475,0.51241,0.23906,0.16799,0.07332,0.02289
1978,0.33223,0.66777,0.49384,0.22941,0.1613,0.07072,0.02218
1979,0.32581,0.67419,0.5104,0.2436,0.17331,0.0789,0.02632
1980,0.3287,0.6713,0.50713,0.24341,0.17432,0.08019,0.026
1981,0.33047,0.66953,0.51073,0.25288,0.18494,0.08765,0.03001
1982,0.34087,0.65913,0.5046,0.25663,0.19031,0.09416,0.03251
1983,0.34996,0.65004,0.49377,0.24722,0.1824,0.08938,0.0311
1984,0.35618,0.64382,0.48963,0.24809,0.18474,0.09307,0.03362
1985,0.36316,0.63684,0.48637,0.25073,0.18869,0.0966,0.03571
1986,0.36386,0.63614,0.48647,0.25108,0.18825,0.09293,0.03407
1987,0.35746,0.64254,0.49508,0.26159,0.19726,0.1015,0.03732
1988,0.34662,0.65338,0.50858,0.27934,0.21503,0.11631,0.04435
1989,0.34767,0.65233,0.50759,0.27807,0.21418,0.11501,0.04334
1990,0.34266,0.65734,0.51163,0.28127,0.21744,0.1169,0.04458
1991,0.34502,0.65498,0.50997,0.27616,0.2107,0.11177,0.04253
1992,0.32905,0.67095,0.52676,0.29193,0.22561,0.12195,0.04838
1993,0.32542,0.67458,0.53025,0.2946,0.22796,0.12464,0.04982
1994,0.32624,0.67376,0.52962,0.29167,0.2246,0.121,0.04705
1995,0.32392,0.67608,0.53148,0.29465,0.22767,0.12345,0.04835
1996,0.319679975509644,0.680320024490356,0.537479996681213,0.302749991416931,0.235939994454384,0.131569996476173,0.0538400001823902
1997,0.313939988613129,0.686060011386871,0.545109987258911,0.312370002269745,0.245429992675781,0.139400005340576,0.0570299997925758
1998,0.308319985866547,0.691680014133453,0.554090023040771,0.322899997234344,0.254409998655319,0.145190000534058,0.0592899993062019
1999,0.304820001125336,0.695179998874664,0.560209989547729,0.333009988069534,0.263359993696213,0.150299996137619,0.06216000020504
2000,0.301530003547668,0.698469996452332,0.566349983215332,0.341490000486374,0.27318000793457,0.159899994730949,0.0692000016570091
2001,0.307969987392426,0.692030012607574,0.557539999485016,0.332370012998581,0.265450000762939,0.157100006937981,0.0699300020933151
2002,0.309800028800964,0.690199971199036,0.552169978618622,0.320230007171631,0.25246000289917,0.14546999335289,0.0629800036549568
2003,0.307290017604828,0.692709982395172,0.554679989814758,0.322959989309311,0.254040002822876,0.146720007061958,0.0650200024247169
2004,0.300279974937439,0.699720025062561,0.564679980278015,0.335359990596771,0.266849994659424,0.156210005283356,0.0701899975538254
2005,0.300589978694916,0.699410021305084,0.565490007400513,0.33976998925209,0.273070007562637,0.162970006465912,0.0741500034928322
2006,0.293389976024628,0.706610023975372,0.574919998645782,0.348980009555817,0.280730009078979,0.167679995298386,0.0766699984669685
2007,0.283590018749237,0.716409981250763,0.585520029067993,0.359510004520416,0.290529996156693,0.176709994673729,0.0846299976110458
2008,0.253709971904755,0.746290028095245,0.613829970359802,0.381330013275146,0.310070008039474,0.189750000834465,0.0916899964213371
2009,0.249239981174469,0.750760018825531,0.615339994430542,0.378470003604889,0.306419998407364,0.188690006732941,0.0961899980902672
2010,0.242630004882812,0.757369995117188,0.625970005989075,0.395229995250702,0.324360013008118,0.207080006599426,0.107739999890327
2011,0.240230023860931,0.759769976139069,0.629779994487762,0.398009985685349,0.325170010328293,0.203349992632866,0.101190000772476
2012,0.22759997844696,0.77240002155304,0.646390020847321,0.418240010738373,0.345189988613129,0.220080003142357,0.112190000712872
