"dataset","variable","description"
"bbe2005","IPP","INDUSTRIAL PRODUCTION: PRODUCTS, TOTAL (1992=100,SA)"
"bbe2005","IPF","INDUSTRIAL PRODUCTION: FINAL PRODUCTS (1992=100,SA)"
"bbe2005","IPC","INDUSTRIAL PRODUCTION: CONSUMER GOODS (1992=100,SA)"
"bbe2005","IPCD","INDUSTRIAL PRODUCTION: DURABLE CONS. GOODS (1992=100,SA)"
"bbe2005","IPCN","INDUSTRIAL PRODUCTION: NONDURABLE CONS. GOODS (1992=100,SA)"
"bbe2005","IPE","INDUSTRIAL PRODUCTION: BUSINESS EQUIPMENT (1992=100,SA)"
"bbe2005","IPI","INDUSTRIAL PRODUCTION: INTERMEDIATE PRODUCTS (1992=100,SA)"
"bbe2005","IPM","INDUSTRIAL PRODUCTION: MATERIALS (1992=100,SA)"
"bbe2005","IPMD","INDUSTRIAL PRODUCTION: DURABLE GOODS MATERIALS (1992=100,SA)"
"bbe2005","IPMND","INDUSTRIAL PRODUCTION: NONDUR. GOODS MATERIALS (1992=100,SA)"
"bbe2005","IPMFG","INDUSTRIAL PRODUCTION: MANUFACTURING (1992=100,SA)"
"bbe2005","IPD","INDUSTRIAL PRODUCTION: DURABLE MANUFACTURING (1992=100,SA)"
"bbe2005","IPN","INDUSTRIAL PRODUCTION: NONDUR. MANUFACTURING (1992=100,SA)"
"bbe2005","IPMIN","INDUSTRIAL PRODUCTION: MINING (1992=100,SA)"
"bbe2005","IPUT","INDUSTRIAL PRODUCTION: UTILITIES (1992-=100,SA)"
"bbe2005","IP","INDUSTRIAL PRODUCTION: TOTAL INDEX (1992=100,SA)"
"bbe2005","IPXMCA","CAPACITY UTIL RATE: MANUFAC.,TOTAL(% OF CAPACITY,SA)(FRB)"
"bbe2005","PMI","PURCHASING MANAGERS' INDEX (SA)"
"bbe2005","PMP","NAPM PRODUCTION INDEX (PERCENT)"
"bbe2005","GMPYQ","PERSONAL INCOME (CHAINED) (SERIES #52) (BIL 92$,SAAR)"
"bbe2005","GMYXPQ","PERSONAL INC. LESS TRANS. PAYMENTS (CHAINED) (#51) (BIL 92$,SAAR)"
"bbe2005","LHEL","INDEX OF HELP-WANTED ADVERTISING IN NEWSPAPERS (1967=100;SA)"
"bbe2005","LHELX","EMPLOYMENT: RATIO; HELP-WANTED ADS:NO. UNEMPLOYED CLF"
"bbe2005","LHEM","CIVILIAN LABOR FORCE: EMPLOYED, TOTAL (THOUS.,SA)"
"bbe2005","LHNAG","CIVILIAN LABOR FORCE: EMPLOYED, NONAG.INDUSTRIES (THOUS.,SA)"
"bbe2005","LHUR","UNEMPLOYMENT RATE: ALL WORKERS, 16 YEARS & OVER (%,SA)"
"bbe2005","LHU680","UNEMPLOY.BY DURATION: AVERAGE(MEAN)DURATION IN WEEKS (SA)"
"bbe2005","LHU5","UNEMPLOY.BY DURATION: PERS UNEMPL.LESS THAN 5 WKS (THOUS.,SA)"
"bbe2005","LHU14","UNEMPLOY.BY DURATION: PERS UNEMPL.5 TO 14 WKS (THOUS.,SA)"
"bbe2005","LHU15","UNEMPLOY.BY DURATION: PERS UNEMPL.15 WKS + (THOUS.,SA)"
"bbe2005","LHU26","UNEMPLOY.BY DURATION: PERS UNEMPL.15 TO 26 WKS (THOUS.,SA)"
"bbe2005","LPNAG","EMPLOYEES ON NONAG. PAYROLLS: TOTAL (THOUS.,SA)"
"bbe2005","LP","EMPLOYEES ON NONAG PAYROLLS: TOTAL, PRIVATE (THOUS,SA)"
"bbe2005","LPGD","EMPLOYEES ON NONAG. PAYROLLS: GOODS-PRODUCING (THOUS.,SA)"
"bbe2005","LPMI","EMPLOYEES ON NONAG. PAYROLLS: MINING (THOUS.,SA)"
"bbe2005","LPCC","EMPLOYEES ON NONAG. PAYROLLS: CONTRACT CONSTRUC. (THOUS.,SA)"
"bbe2005","LPEM","EMPLOYEES ON NONAG. PAYROLLS: MANUFACTURING (THOUS.,SA)"
"bbe2005","LPED","EMPLOYEES ON NONAG. PAYROLLS: DURABLE GOODS (THOUS.,SA)"
"bbe2005","LPEN","EMPLOYEES ON NONAG. PAYROLLS: NONDURABLE GOODS (THOUS.,SA)"
"bbe2005","LPSP","EMPLOYEES ON NONAG. PAYROLLS: SERVICE-PRODUCING (THOUS.,SA)"
"bbe2005","LPTU","EMPLOYEES ON NONAG. PAYROLLS: TRANS. & PUBLIC UTIL. (THOUS.,SA)"
"bbe2005","LPT","EMPLOYEES ON NONAG. PAYROLLS: WHOLESALE & RETAIL (THOUS.,SA)"
"bbe2005","LPFR","EMPLOYEES ON NONAG. PAYROLLS: FINANCE,INS.&REAL EST (THOUS.,SA"
"bbe2005","LPS","EMPLOYEES ON NONAG. PAYROLLS: SERVICES (THOUS.,SA)"
"bbe2005","LPGOV","EMPLOYEES ON NONAG. PAYROLLS: GOVERNMENT (THOUS.,SA)"
"bbe2005","LPHRM","AVG. WEEKLY HRS. OF PRODUCTION WKRS.: MANUFACTURING (SA)"
"bbe2005","LPMOSA","AVG. WEEKLY HRS. OF PROD. WKRS.: MFG.,OVERTIME HRS. (SA)"
"bbe2005","PMEMP","NAPM EMPLOYMENT INDEX (PERCENT)"
"bbe2005","GMCQ","PERSONAL CONSUMPTION EXPEND (CHAINED) - TOTAL (BIL 92$,SAAR)"
"bbe2005","GMCDQ","PERSONAL CONSUMPTION EXPEND (CHAINED) – TOT. DUR. (BIL 96$,SAAR)"
"bbe2005","GMCNQ","PERSONAL CONSUMPTION EXPEND (CHAINED) – NONDUR. (BIL 92$,SAAR)"
"bbe2005","GMCSQ","PERSONAL CONSUMPTION EXPEND (CHAINED) - SERVICES (BIL 92$,SAAR)"
"bbe2005","GMCANQ","PERSONAL CONS EXPEND (CHAINED) - NEW CARS (BIL 96$,SAAR)"
"bbe2005","HSFR","HOUSING STARTS:NONFARM(1947-58);TOT.(1959-)(THOUS.,SA"
"bbe2005","HSNE","HOUSING STARTS:NORTHEAST (THOUS.U.)S.A."
"bbe2005","HSMW","HOUSING STARTS:MIDWEST(THOUS.U.)S.A."
"bbe2005","HSSOU","HOUSING STARTS:SOUTH (THOUS.U.)S.A."
"bbe2005","HSWST","HOUSING STARTS:WEST (THOUS.U.)S.A."
"bbe2005","HSBR","HOUSING AUTHORIZED: TOTAL NEW PRIV HOUSING (THOUS.,SAAR)"
"bbe2005","HMOB","MOBILE HOMES: MANUFACTURERS' SHIPMENTS (THOUS.OF UNITS,SAAR)"
"bbe2005","PMNV","NAPM INVENTORIES INDEX (PERCENT)"
"bbe2005","PMNO","NAPM NEW ORDERS INDEX (PERCENT)"
"bbe2005","PMDEL","NAPM VENDOR DELIVERIES INDEX (PERCENT)"
"bbe2005","MOCMQ","NEW ORDERS (NET) - CONSUMER GOODS & MATERIALS, 1992 $ (BCI)"
"bbe2005","MSONDQ","NEW ORDERS, NONDEFENSE CAPITAL GOODS, IN 1992 DOLLARS (BCI)"
"bbe2005","FSNCOM","NYSE COMMON STOCK PRICE INDEX: COMPOSITE (12/31/65=50)"
"bbe2005","FSPCOM","S&P'S COMMON STOCK PRICE INDEX: COMPOSITE (1941-43=10)"
"bbe2005","FSPIN","S&P'S COMMON STOCK PRICE INDEX: INDUSTRIALS (1941-43=10)"
"bbe2005","FSPCAP","S&P'S COMMON STOCK PRICE INDEX: CAPITAL GOODS (1941-43=10)"
"bbe2005","FSPUT","S&P'S COMMON STOCK PRICE INDEX: UTILITIES (1941-43=10)"
"bbe2005","FSDXP","S&P'S COMPOSITE COMMON STOCK: DIVIDEND YIELD (% PER ANNUM)"
"bbe2005","FSPXE","S&P'S COMPOSITE COMMON STOCK: PRICE-EARNINGS RATIO (%,NSA)"
"bbe2005","EXRSW","FOREIGN EXCHANGE RATE: SWITZERLAND (SWISS FRANC PER U.S.$)"
"bbe2005","EXRJAN","FOREIGN EXCHANGE RATE: JAPAN (YEN PER U.S.$)"
"bbe2005","EXRUK","FOREIGN EXCHANGE RATE: UNITED KINGDOM (CENTS PER POUND)"
"bbe2005","EXRCAN","FOREIGN EXCHANGE RATE: CANADA (CANADIAN $ PER U.S.$)"
"bbe2005","FYFF","INTEREST RATE: FEDERAL FUNDS (EFFECTIVE) (% PER ANNUM,NSA)"
"bbe2005","FYGM3","INTEREST RATE: U.S.TREASURY BILLS,SEC MKT,3-MO.(% PER ANN,NSA)"
"bbe2005","FYGM6","INTEREST RATE: U.S.TREASURY BILLS,SEC MKT,6-MO.(% PER ANN,NSA)"
"bbe2005","FYGT1","INTEREST RATE: U.S.TREASURY CONST MATUR. ,1-YR.(% PER ANN,NSA)"
"bbe2005","FYGT5","INTEREST RATE: U.S.TREASURY CONST MATUR., 5-YR.(% PER ANN,NSA)"
"bbe2005","FYGT10","INTEREST RATE: U.S.TREASURY CONST MATUR.,10-YR.(% PER ANN,NSA)"
"bbe2005","FYAAAC","BOND YIELD: MOODY'S AAA CORPORATE (% PER ANNUM)"
"bbe2005","FYBAAC","BOND YIELD: MOODY'S BAA CORPORATE (% PER ANNUM)"
"bbe2005","SFYGM3","Spread FYGM3 - FYFF"
"bbe2005","SFYGM6","Spread FYGM6 - FYFF"
"bbe2005","SFYGT1","Spread FYGT1 - FYFF"
"bbe2005","SFYGT5","Spread FYGT5 - FYFF"
"bbe2005","SFYGT10","Spread FYGT10 - FYFF"
"bbe2005","SFYAAAC","Spread FYAAAC - FYFF"
"bbe2005","SFYBAAC","Spread FYBAAC - FYFF"
"bbe2005","FM1","MONEY STOCK: M1 (BIL$,SA)"
"bbe2005","FM2","MONEY STOCK:M2 (BIL$, SA)"
"bbe2005","FM3","MONEY STOCK: M3 (BIL$,SA)"
"bbe2005","FM2DQ","MONEY SUPPLY - M2 IN 1992 DOLLARS (BCI)"
"bbe2005","FMFBA","MONETARY BASE, ADJ FOR RESERVE REQUIREMENT CHANGES(MIL$,SA)"
"bbe2005","FMRRA","DEPOSITORY INST RESERVES:TOTAL,ADJ FOR RES. REQ CHGS(MIL$,SA)"
"bbe2005","FMRNBA","DEPOSITORY INST RESERVES:NONBOR. ,ADJ RES REQ CHGS(MIL$,SA)"
"bbe2005","FCLNQ","OMMERCIAL & INDUST. LOANS OUSTANDING IN 1992 DOLLARS (BCI"
"bbe2005","FCLBMC","WKLY RP LG COM. BANKS: NET CHANGE COM & IND. LOANS(BIL$,SAAR)"
"bbe2005","CCINRV","CONSUMER CREDIT OUTSTANDING NONREVOLVING G19"
"bbe2005","PMCP","NAPM COMMODITY PRICES INDEX (PERCENT)"
"bbe2005","PWFSA","PRODUCER PRICE INDEX: FINISHED GOODS (82=100,SA)"
"bbe2005","PWFCSA","PRODUCER PRICE INDEX:FINISHED CONSUMER GOODS (82=100,SA)"
"bbe2005","PWIMSA","PRODUCER PRICE INDEX:INTERMED MAT.SUP & COMPONENTS(82=100,SA)"
"bbe2005","PWCMSA","PRODUCER PRICE INDEX:CRUDE MATERIALS (82=100,SA)"
"bbe2005","PSM99Q","INDEX OF SENSITIVE MATERIALS PRICES (1990=100)(BCI-99A)"
"bbe2005","PUNEW","CPI-U: ALL ITEMS (82-84=100,SA)"
"bbe2005","PU83","CPI-U: APPAREL & UPKEEP (82-84=100,SA)"
"bbe2005","PU84","CPI-U: TRANSPORTATION (82-84=100,SA)"
"bbe2005","PU85","CPI-U: MEDICAL CARE (82-84=100,SA)"
"bbe2005","PUC","CPI-U: COMMODITIES (82-84=100,SA)"
"bbe2005","PUCD","CPI-U: DURABLES (82-84=100,SA)"
"bbe2005","PUS","CPI-U: SERVICES (82-84=100,SA)"
"bbe2005","PUXF","CPI-U: ALL ITEMS LESS FOOD (82-84=100,SA)"
"bbe2005","PUXHS","CPI-U: ALL ITEMS LESS SHELTER (82-84=100,SA)"
"bbe2005","PUXM","CPI-U: ALL ITEMS LESS MIDICAL CARE (82-84=100,SA)"
"bbe2005","LEHCC","AVG HR EARNINGS OF CONSTR WKRS: CONSTRUCTION ($,SA)"
"bbe2005","LEHM","AVG HR EARNINGS OF PROD WKRS: MANUFACTURING ($,SA)"
"bbe2005","HHSNTN","U. OF MICH. INDEX OF CONSUMER EXPECTATIONS(BCD-83)"
"r2016_monetary","lip","log of industrial production - October 16, 2010 data"
"r2016_monetary","unemp","unemployment rate"
"r2016_monetary","lcpi","log of CPI"
"r2016_monetary","ffr","federal funds rate"
"r2016_monetary","lpcom","log of commodity price index"
"r2016_monetary","lrcdur","log of real consumer durables - October 30, 2015"
"r2016_monetary","lrcnd","log of real consumer nondurables"
"r2016_monetary","lrcsv","log of real consumer services"
"r2016_monetary","rrshock","Romer-Romer shock - reestimated for sample through 2007:12 by Johannes Wieland"
"r2016_monetary","cumrrshock","Cumulation of rrshock"
"r2016_monetary","lm1","log of M1"
"r2016_monetary","bcshock","Barakchian_Crowe shock"
"r2016_monetary","cumbcshock","Cumulation of BC shock"
"r2016_monetary","mp1_tc","Gertler-Karadi monthly shocks, current futures"
"r2016_monetary","ff4_tc","Gertler-Karadi monthly shocks, fed funds futures 3 months from now"
"r2016_monetary","ed2_tc","Gertler-Karadi monthly shocks, Euro-dollar futures 6 months from now"
"r2016_monetary","ed3_tc","Gertler-Karadi monthly shocks, Euro-dollar futures 9 months from now"
"r2016_monetary","ed4_tc","Gertler-Karadi monthly shocks, Euro-dollar futures 12 months from now"
"r2016_monetary","gs1","One-year government tbill rate"
"r2016_monetary","ebp","Gilchrist-Zakrajsek spread"
"r2016_monetary","szshock","Sims-Zha shock"
"r2016_monetary","rrshock83","Romer-Romer shock, estimated for sample 1983-2007"
"r2016_monetary","cumrrshock83","Cumulation of rrshock83"
"r2016_monetary","rrshock83b","Romer-Romer shock, estimated for sample 1983-2007 using long-horizon Greenbook forecasts"
"r2016_monetary","ff1_vr","Gertler-Karadi current fed funds futures shock, my conversion from FOMC announcements, following Romer-Romer"
"r2016_monetary","ff4_vr","Gertler-Karadi 3-months from now fed funds futures shock, my conversion from FOMC announcements, following Romer-Romer"
"r2016_monetary","ed2_vr","Gertler-Karadi 6 months euro-dollar futures shock, my conversion from FOMC announcements, following Romer-Romer"
"r2016_monetary","ff1_gkgreen","Residual after regressing on Romer-Romer Greenbook variables by FOMC date - sets between meeting announcements to 0"
"r2016_monetary","ff4_gkgreen","Residual after regressing on Romer-Romer Greenbook variables by FOMC date - sets between meeting announcements to 0"
"r2016_monetary","ed2_gkgreen","Residual after regressing on Romer-Romer Greenbook variables by FOMC date - sets between meeting announcements to 0"
"r2016_govt","ngdp","nominal GDP"
"r2016_govt","ncons","nominal total consumption"
"r2016_govt","ncdur","nominal durable consumption expenditures"
"r2016_govt","ncnd","nominal nondurable consumption"
"r2016_govt","ncsv","nominal services consumption"
"r2016_govt","ntotinv","nominal total investment"
"r2016_govt","nfxinv","nominal fixed investment"
"r2016_govt","nnri","nominal nonresidential investment"
"r2016_govt","nres","nominal residential investment"
"r2016_govt","ngov","nominal government purchases (federal + state + local)"
"r2016_govt","nfed","nominal federal government purchases"
"r2016_govt","ndef","nominal federal defense purchases"
"r2016_govt","pgdp","GDP deflator"
"r2016_govt","pcons","consumption deflator"
"r2016_govt","pcdur","deflator for durable consumption"
"r2016_govt","pcnd","deflator for nondurable consumption"
"r2016_govt","pcsv","deflator for services consumption"
"r2016_govt","pcndsv","deflator for consumption nondurables plus services"
"r2016_govt","ptotinv","deflator for total investment"
"r2016_govt","pfxinv","deflator for fixed investment"
"r2016_govt","pnri","deflator for nonresidential investment"
"r2016_govt","pres","deflator for residential investment"
"r2016_govt","pgov","deflator for government purchases"
"r2016_govt","pfed","deflator for federal government purchase"
"r2016_govt","pdef","deflator for federal defense purchases"
"r2016_govt","nwbus","nominal compensation in private business"
"r2016_govt","pbus","deflator for private business output"
"r2016_govt","tothours","total hours worked (includes military etc.)"
"r2016_govt","pop","total population"
"r2016_govt","tbill3","3-month Treasury bill"
"r2016_govt","rypot","real potential GDP CBO"
"r2016_govt","rameynews","military news from Ramey"
"r2016_govt","nfedreceipts","nominal federal receipts"
"r2016_govt","top3xsret","Fisher-Peters excess returns of defense contractors"
"r2016_govt","mfev","Ben Zeev - Pappa defense news"
"r2016_tech","ngdp","nominal GDP"
"r2016_tech","rgdp","real GDP"
"r2016_tech","pgdp","GDP deflator"
"r2016_tech","ncons","nominal consumption"
"r2016_tech","ntotinv","nominal total investment"
"r2016_tech","rcons","real consumption"
"r2016_tech","rnri","real nonresidential investment"
"r2016_tech","tothours","total hours"
"r2016_tech","ybus","output in private business"
"r2016_tech","xbus","output per hour in private business"
"r2016_tech","nbus","hours in private business"
"r2016_tech","ltfp","log TFP - Fernald series"
"r2016_tech","ltfp_i","log TFP in investment goods - Fernald series"
"r2016_tech","ltfp_util","log TFP - utilitzation adjusted, Fernald series"
"r2016_tech","ltfp_i_util","log TFP in investment goods - utilization adjusted, Fernald series"
"r2016_tech","relp","relative price of investment ogods"
"r2016_tech","pop","total population"
"r2016_tech","civpop","civilian noninstitutional pop 16+"
"r2016_tech","baa","BAA bond intereswt rate"
"r2016_tech","tbond10","10 year Treasury bond rate"
"r2016_tech","tbill3","3-month Treasury bill"
"r2016_tech","stockp_sh","stock prices, from Shiller"
"r2016_tech","stockp_ff","Stock prices, from Fama-French"
"r2016_tech","ford_tfp","Francis, Owyang, Roush, DeCicio shock - sent by Riccardo December 14, 2015"
"r2016_tech","bp_tfp_news_sr","Ramey update of Beaudry-Portier TFP news shock based on short-run restrictions"
"r2016_tech","bp_tfp_news_lr","Ramey update of Beaudry-Portier TFP news shock based on long-run restrictions"
"r2016_tech","bs_tfp_news","Barsky-Sims TFP news"
"r2016_tech","bzk_ist_news","Ben Zeev-Khan JMCB investment specific news shocks"
"r2016_tech","bzk_ist","Ben Zeev-Khan JMCB unanticipated investment specific shocks"
"r2016_tech","bzk_tfp","Ben Zeev-Khan JMCB TFP shocks"
"r2016_tech","jpt_tfp","Justiniano, Primaceri, and Tambolotti's RED 2011 TFP shocks"
"r2016_tech","jpt_mei","Justiniano, Primaceri, and Tambolotti's RED 2011 marginal efficiency of investment shocks"
"r2016_tech","jpt_ist","Justiniano, Primaceri, and Tambolotti's RED 2011 investment specific technology shocks"
"r2016_tech","mn_tfp_p","Miyamoto-Nguyen's permanent TFP shock"
"r2016_tech","mn_ist_p","Miyamoto-Nguyen's permanent IST shock"
"r2016_tech","mn_tfp_s","Miyamoto-Nguyen's stationary TFP shock"
"r2016_tech","mn_ist_s","Miyamoto-Nguyen's stationary IST shock"
"r2016_tech","mn_tfp_p_n4","Miyamoto-Nguyen's 4-quarter ahead news about permanent TFP shock"
"r2016_tech","mn_tfp_p_n8","Miyamoto-Nguyen's8-quarter ahead news about permanent TFP shock"
"r2016_tech","mn_ist_p_n4","Miyamoto-Nguyen's 4-quarter ahead news about permanent IST shock"
"r2016_tech","mn_ist_p_n8","Miyamoto-Nguyen's 8-quarter ahead news about permanent IST shock"
"r2016_tech","mn_tfp_s_n4","Miyamoto-Nguyen's 4-quarter ahead news about stationary TFP shock"
"r2016_tech","mn_tfp_s_n8","Miyamoto-Nguyen's8-quarter ahead news about stationary TFP shock"
"r2016_tech","mn_ist_s_n4","Miyamoto-Nguyen's 4-quarter ahead news about stationary IST shock"
"r2016_tech","mn_ist_s_n8","Miyamoto-Nguyen's 8-quarter ahead news about stationary IST shock"
"r2016_tax","ngdp","nominal GDP"
"r2016_tax","rgdp","real GDP"
"r2016_tax","rcons","real consumption"
"r2016_tax","rcndsv","real nondurables plus services consumption, aggregated using Whelan method"
"r2016_tax","rcdur","real durables consumption"
"r2016_tax","rinv","real investment"
"r2016_tax","rnri","real nonresidential investment"
"r2016_tax","rres","real residential investment"
"r2016_tax","tothours","total hours"
"r2016_tax","ngov","nominal government purchases"
"r2016_tax","nfed","nominal federal purchases"
"r2016_tax","rameynews","military news"
"r2016_tax","mfev","Ben Zeev - Pappa military news"
"r2016_tax","ntaxrev","nominal tax receipts"
"r2016_tax","nfedtaxrev","nominal federal tax receipts"
"r2016_tax","pgdp","GDP deflator"
"r2016_tax","ybus","real private business output"
"r2016_tax","xbus","real private business output per hour"
"r2016_tax","nbus","hours worked in private business"
"r2016_tax","pop","total population"
"r2016_tax","baa","interest rate on BAA bonds"
"r2016_tax","tbond10","interest rate on 10 year Treasury bonds"
"r2016_tax","tbill3","interest rate on 3-month Tbill"
"r2016_tax","ffr","federal funds rate"
"r2016_tax","aftr15","Leeper, Richter, Walker tax expectations, 1 - 5 years ahead"
"r2016_tax","endognrratio","Romer-Romer endogenous tax changes, ratio to GDP"
"r2016_tax","exogenrratio","Romer-Romer exogenous tax changes, ratio to GDP"
"r2016_tax","rrtaxu","Romer-Romer, unanticipated tax changes Mertens-Ravn, JME data"
"r2016_tax","taxu","Romer-Romer, unanticipated tax changes,  Mertens-Ravn RED data"
"r2016_tax","taxnews","Romer-Romer, anticipated tax changes, Mertens-Ravn RED data"
"rz2018","ngov","nominal government purchases"
"rz2018","ngdp","nominal GDP"
"rz2018","pgdp","GDP implicit price deflator"
"rz2018","pop","total population, including armed forces overseas"
"rz2018","recession","recession indicator"
"rz2018","unemp","civilian unemployment rate"
"rz2018","news","military news"
"rz2018","rgdp","real GDP"
"rz2018","nfedcurrreceipts_nipa","nominal Federal current receipts, NIPA accrual basis"
"rz2018","ndeficit_nipa","nominal deficit, NIPA accrual basis, constructed as *total* federal expenditures - total federal receipts"
"rz2018","tbill","3-month treasury bill rate, secondary market"
"rz2018","zlb_dummy","dummy for zlb periods"
"rz2018","rgdp_potcbo","real potential GDP, based on cubic polynomial fit from 1889:1 - 1950:2( omitting Great Depression and WWII), overlapped with CBO from 1949:1 - on"
"rz2018","rgdp_pott6","real potential GDP, based on 6th degree polynomial fit from 1889:1 - 2015:4, ommiting Great Depression and WWII"
"rz2018","unemp_altcr","alternative unemployment Christina Romer"
"rz2018","rgdp_altcr","alternative real GDP, Christina Romer"
"rz2018","pgdp_altcr","alternative price deflator, Christina Romer"
"rz2018","ngdp_altcr","alternative nominal GDP, Christina Romer"
"rz2018","ntotrev_nipa","nominal total government revenue (federal + state and local), NIPA accrual basis."
"rz2018","pubfeddebt_treas","nominal federal debt in the hands of the public, cash basis"
"rz2018","fedrevq_treas","nominal federal revenue, Treasury data, cash basis"
"rz2018","fedexpq_treas","nominal federal outlays, Treasury data, cash basis"
"rz2018","nfedexp_nipa","nominal federal expenditures, NIPA accrual basis"
"rz2018","hpunemp_split","HP unemployment, split sample"
"rz2018","hpunemp_full","HP unemployment, full sample"
"rz2018","tbill_interp","Tbill interpolated with NY discount rate for early years"
"rz2018","nydiscrate","NY discount rate"
"ci2022","GPR","Recent GPR (Index: 1985:2019=100)"
"ci2022","GPRT","Recent GPR Threats (Index: 1985:2019=100)"
"ci2022","GPRA","Recent GPR Acts (Index: 1985:2019=100)"
"ci2022","GPRH","Historical GPR (Index: 1900:2019=100)"
"ci2022","GPRHT","Historical GPR Threats (Index: 1900:2019=100)"
"ci2022","GPRHA","Historical GPR Acts (Index: 1900:2019=100)"
"ci2022","SHARE_GPR","Percent of Recent GPR Articles"
"ci2022","N10","Number of articles (10 recent newspapers, 1985-)"
"ci2022","SHARE_GPRH","Percent of Historical GPR Articles"
"ci2022","N3H","Number of articles (3 historical newspapers, 1900-)"
"ci2022","SHAREH_CAT_1","Share of articles Cat.1"
"ci2022","SHAREH_CAT_2","Share of articles Cat.2"
"ci2022","SHAREH_CAT_3","Share of articles Cat.3"
"ci2022","SHAREH_CAT_4","Share of articles Cat.4"
"ci2022","SHAREH_CAT_5","Share of articles Cat.5"
"ci2022","SHAREH_CAT_6","Share of articles Cat.6"
"ci2022","SHAREH_CAT_7","Share of articles Cat.7"
"ci2022","SHAREH_CAT_8","Share of articles Cat.8"
"ci2022","GPRC_ARG","Country GPR: Percent of articles (Argentina)"
"ci2022","GPRC_AUS","Country GPR: Percent of articles (Australia)"
"ci2022","GPRC_BEL","Country GPR: Percent of articles (Belgium)"
"ci2022","GPRC_BRA","Country GPR: Percent of articles (Brazil)"
"ci2022","GPRC_CAN","Country GPR: Percent of articles (Canada)"
"ci2022","GPRC_CHE","Country GPR: Percent of articles (Switzerland)"
"ci2022","GPRC_CHL","Country GPR: Percent of articles (Chile)"
"ci2022","GPRC_CHN","Country GPR: Percent of articles (China)"
"ci2022","GPRC_COL","Country GPR: Percent of articles (Colombia)"
"ci2022","GPRC_DEU","Country GPR: Percent of articles (Germany)"
"ci2022","GPRC_DNK","Country GPR: Percent of articles (Denmark)"
"ci2022","GPRC_EGY","Country GPR: Percent of articles (Egypt)"
"ci2022","GPRC_ESP","Country GPR: Percent of articles (Spain)"
"ci2022","GPRC_FIN","Country GPR: Percent of articles (Finland)"
"ci2022","GPRC_FRA","Country GPR: Percent of articles (France)"
"ci2022","GPRC_GBR","Country GPR: Percent of articles (United Kingdom)"
"ci2022","GPRC_HKG","Country GPR: Percent of articles (Hong Kong)"
"ci2022","GPRC_HUN","Country GPR: Percent of articles (Hungary)"
"ci2022","GPRC_IDN","Country GPR: Percent of articles (Indonesia)"
"ci2022","GPRC_IND","Country GPR: Percent of articles (India)"
"ci2022","GPRC_ISR","Country GPR: Percent of articles (Israel)"
"ci2022","GPRC_ITA","Country GPR: Percent of articles (Italy)"
"ci2022","GPRC_JPN","Country GPR: Percent of articles (Japan)"
"ci2022","GPRC_KOR","Country GPR: Percent of articles (South Korea)"
"ci2022","GPRC_MEX","Country GPR: Percent of articles (Mexico)"
"ci2022","GPRC_MYS","Country GPR: Percent of articles (Malaysia)"
"ci2022","GPRC_NLD","Country GPR: Percent of articles (Netherlands)"
"ci2022","GPRC_NOR","Country GPR: Percent of articles (Norway)"
"ci2022","GPRC_PER","Country GPR: Percent of articles (Peru)"
"ci2022","GPRC_PHL","Country GPR: Percent of articles (Philippines)"
"ci2022","GPRC_POL","Country GPR: Percent of articles (Poland)"
"ci2022","GPRC_PRT","Country GPR: Percent of articles (Portugal)"
"ci2022","GPRC_RUS","Country GPR: Percent of articles (Russia)"
"ci2022","GPRC_SAU","Country GPR: Percent of articles (Saudi Arabia)"
"ci2022","GPRC_SWE","Country GPR: Percent of articles (Sweden)"
"ci2022","GPRC_THA","Country GPR: Percent of articles (Thailand)"
"ci2022","GPRC_TUN","Country GPR: Percent of articles (Tunisia)"
"ci2022","GPRC_TUR","Country GPR: Percent of articles (Turkey)"
"ci2022","GPRC_TWN","Country GPR: Percent of articles (Taiwan)"
"ci2022","GPRC_UKR","Country GPR: Percent of articles (Ukraine)"
"ci2022","GPRC_USA","Country GPR: Percent of articles (United States)"
"ci2022","GPRC_VEN","Country GPR: Percent of articles (Venezuela)"
"ci2022","GPRC_VNM","Country GPR: Percent of articles (Vietnam)"
"ci2022","GPRC_ZAF","Country GPR: Percent of articles (South Africa)"
"bw2016","GDPC96","Real Gross Domestic Product, 3 Decimal"
"bw2016","RecQtr","Indicator variable that is 1 if any month in quarter is in recession"
"bw2016","A939RC0Q052SBEA","Nominal Gross domestic product per capita (Fred: A939RC0Q052SBEA)"
"bw2016","GDPDEF","Gross Domestic Product: Implicit Price Deflator"
"bw2016","OUTNFB","Nonfarm Business Sector: Output"
"bw2016","HOANBS","Nonfarm Business Sector: Hours of All Persons"
"bw2016","CPAXTAX","Corporate profits with inventory valuation and capital consumption adjustments, domestic industries, After Tax, from NIPA Table 1.10"
"bw2016","GDI","Nominal Gross Domesting Income (Billions)"
"bw2016","PCECTPI","Personal Consumption Expenditures: Chain-type Price Index"
"bw2016","OPHNFB","Nonfarm Business Sector: Output Per Hour of All Persons"
"bw2016","COMPRNFB","Nonfarm Business Sector: Real Compensation Per Hour"
"bw2016","dtfp","Fernald d_tfp"
"bw2016","dtfp_util","Fernald d_tfp (adj for utilization)"
"bw2016","fe_surp","Net Federal Government Saving Without Automatic Stabilizers as Percent of potential output (CBO XLS File (43977_Web … ) Col. Q)"
"bw2016","D_House","Dems control House"
"bw2016","D_Senate","Dems Control Senate"
"bw2016","D_Fed","Fed Chair Nominated by Dem Pres"
"bw2016","Killian_OPEC","OPEC Oil Production Shortfall (From Killian Webpage) RESTAT (2008)"
"bw2016","DRIWCIL","FRB Senior Loans Officer Opions. Net Percentage of Domestic Respondents Reporting Increased Willingness to Make Consumer Installment Loans"
"bw2016","R_News","Ramey News Divided by lagged Nominal GDP"
"bw2016","FP_EXRET","Fisher-Peters Excess Returns"
"bw2016","RR_EXTAX","Romer and Romer Exog. Tax (Relative to Nom GDP)"
"bw2016","ICS","UMCSent Components: Current Index"
"bw2016","ICC","UMCSent Components: Current Index"
"bw2016","ICE","UMCSent Components: Expected Index"
"bw2016","UK_g_gdp","GDP Growth UK"
"bw2016","UK_Left","1 if Labor"
"bw2016","FR_g_gdp","GDP Growth France"
"bw2016","Fr_left","1 if left party"
"bw2016","CN_g_gdp","GDP Growth Canada"
"bw2016","cn_left","1 if left party"
"bw2016","DE_g_gdp","GDP Growth Germany"
"bw2016","de_left","1 if left party"
"bw2016","oecd_gdp","Growth Rate of Real GDP OECD"
"bw2016","oecd_gdp_e","Growth Rate of Real GDP Europe"
"bw2006","SENT","Sentiment index; updated version of Eq. (2) in Baker-Wurgler (2006); first principal component of five standardized sentiment proxies"
"bw2006","SENT_ORTH","Sentiment index orthogonalized to six macro indicators; updated version of Eq. (3) in Baker-Wurgler (2006)"
"bw2006","pdnd","Value-weighted dividend premium (log P/B of dividend payers minus non-payers), t-12 value"
"bw2006","ripo","First-day IPO returns, 12-month trailing NIPO-weighted average, t-12 value"
"bw2006","nipo","Number of IPOs, 12-month trailing sum"
"bw2006","cefd","Closed-end fund discount (unlevered general equity funds, equal-weighted)"
"bw2006","s","Equity share in new issues: equity issuance over equity+debt issuance, 12-month trailing"
"bw2006","indpro","Industrial production index"
"bw2006","consdur","Nominal durable goods consumption"
"bw2006","consnon","Nominal nondurable goods consumption"
"bw2006","consserv","Nominal services consumption"
"bw2006","recess","NBER recession indicator (1 = recession)"
"bw2006","employ","Employment"
"bw2006","cpi","Consumer price index"
"fr2009","tothrs","Sprague-method total hours worked, billions"
"fr2009","avgwkhrs","Average weekly hours, unadjusted"
"fr2009","avgwkhrs_adj","Average weekly hours, demographically adjusted"
"fr2009","effhrsvw","Efficiency hours, variable wage weights"
"fr2009","effhrstorn","Efficiency hours, Tornqvist index"
"fr2009","civnipop16","Civilian noninstitutional population, ages 16+"
"fr2009","nipop16","Total noninstitutional population, ages 16+"
"fr2009","nipop16_17","Noninstitutional population, ages 16-17"
"fr2009","nipop18_21","Noninstitutional population, ages 18-21"
"fr2009","nipop22_24","Noninstitutional population, ages 22-24"
"fr2009","nipop25_34","Noninstitutional population, ages 25-34"
"fr2009","nipop35_44","Noninstitutional population, ages 35-44"
"fr2009","nipop45_54","Noninstitutional population, ages 45-54"
"fr2009","nipop55_64","Noninstitutional population, ages 55-64"
"fr2009","nipop65","Noninstitutional population, ages 65+"
"fr2009","gengovhrs","General government hours"
"fr2009","nprofhrs","Nonprofit sector hours"
"fr2009","bushrs","Business sector hours"
"fr2009","effhrs70","Efficiency hours, fixed 1970 wage weights"
"fr2009","effhrs80","Efficiency hours, fixed 1980 wage weights"
"fr2009","effhrs7080","Efficiency hours, fixed 1970-80 average wage weights"
"fr2009","rgdp","Real GDP"
"fr2009","xbus","Labour productivity in the private business sector"
"fr2009","hrsbusindex","Index of hours in the private business sector"
"fr2009","fisherdlp","Fisher chain-weighted log change in labour productivity (input to investment-specific technology change); missing before 2006"
"fr2009","dlp","Log change in labour productivity; missing before 2006"
"fr2009","ffr","Federal funds rate; missing before 2006"
"gwz2024_monthly","price","S&P 500 price index level"
"gwz2024_monthly","d12","12-month trailing dividends"
"gwz2024_monthly","e12","12-month trailing earnings"
"gwz2024_monthly","ret","S&P 500 return including dividends (CRSP)"
"gwz2024_monthly","retx","S&P 500 return excluding dividends (CRSP)"
"gwz2024_monthly","AAA","Moody's AAA-rated corporate bond yield"
"gwz2024_monthly","BAA","Moody's BAA-rated corporate bond yield"
"gwz2024_monthly","lty","Long-term government bond yield"
"gwz2024_monthly","ltr","Long-term government bond return"
"gwz2024_monthly","corpr","Long-term corporate bond return"
"gwz2024_monthly","tbl","Treasury bill rate (3-month)"
"gwz2024_monthly","Rfree","Risk-free rate"
"gwz2024_monthly","dp","Dividend-price ratio (log d12/price)"
"gwz2024_monthly","dy","Dividend yield (log d12/lagged price)"
"gwz2024_monthly","ep","Earnings-price ratio (log e12/price)"
"gwz2024_monthly","de","Dividend-payout ratio (log d12/e12)"
"gwz2024_monthly","bm","Book-to-market ratio, Dow Jones Industrial Average"
"gwz2024_monthly","tms","Term spread (long-term yield minus T-bill rate)"
"gwz2024_monthly","dfy","Default yield spread (BAA minus AAA)"
"gwz2024_monthly","dfr","Default return spread (corporate bond minus long-term government bond return)"
"gwz2024_monthly","infl","CPI inflation, lagged one month"
"gwz2024_monthly","eqis","Equity issuing activity (net equity expansion)"
"gwz2024_monthly","ntis","Net equity expansion, alternative"
"gwz2024_monthly","svar","Stock market variance (sum of squared daily returns)"
"gwz2024_monthly","cay","Consumption-wealth ratio (Lettau-Ludvigson)"
"gwz2024_monthly","ik","Investment-to-capital ratio"
"gwz2024_monthly","csp","Cross-sectional premium"
"gwz2024_monthly","pce","Personal consumption expenditure growth"
"gwz2024_monthly","vp","Variance premium"
"gwz2024_monthly","impvar","Implied variance"
"gwz2024_monthly","vrp","Variance risk premium"
"gwz2024_monthly","govik","Government investment-to-capital ratio"
"gwz2024_monthly","lzrt","Long-term zero-coupon real rate"
"gwz2024_monthly","skew","Skewness measure"
"gwz2024_monthly","crdstd","Credit standards tightening index"
"gwz2024_monthly","ogap","Output gap"
"gwz2024_monthly","wtexas","West Texas crude oil price growth"
"gwz2024_monthly","accrul","Accruals"
"gwz2024_monthly","cfacc","Cash-flow-based accruals"
"gwz2024_monthly","sntm","Sentiment measure"
"gwz2024_monthly","ndrbl","New orders for durable goods"
"gwz2024_monthly","skvw","Value-weighted skewness"
"gwz2024_monthly","tail","Tail risk measure"
"gwz2024_monthly","fbm","Fama-Bliss forward spread / book-to-market variant"
"gwz2024_monthly","dtoy","Detrended turnover, year"
"gwz2024_monthly","dtoat","Detrended turnover, alternative"
"gwz2024_monthly","ygap","Yield gap"
"gwz2024_monthly","rdsp","R&D spending ratio"
"gwz2024_monthly","rsvix","Realized-vs-implied variance spread"
"gwz2024_monthly","gpce","Growth in personal consumption expenditure"
"gwz2024_monthly","gip","Growth in industrial production"
"gwz2024_monthly","tchi","Technical/momentum indicator"
"gwz2024_monthly","house","Housing collateral ratio"
"gwz2024_monthly","avgcor","Average pairwise stock return correlation"
"gwz2024_monthly","shtint","Short interest"
"gwz2024_monthly","disag","Analyst forecast disagreement"
"ck1994","sheet","Sheet number (unique store id)"
"ck1994","chain","Chain: 1=Burger King, 2=KFC, 3=Roy Rogers, 4=Wendy's"
"ck1994","co_owned","1 if company owned"
"ck1994","state","1 if New Jersey, 0 if Pennsylvania"
"ck1994","southj","1 if in southern NJ"
"ck1994","centralj","1 if in central NJ"
"ck1994","northj","1 if in northern NJ"
"ck1994","pa1","1 if in PA, northeast suburbs of Philadelphia"
"ck1994","pa2","1 if in PA, Easton etc."
"ck1994","shore","1 if on the NJ shore"
"ck1994","ncalls","Wave 1: number of call-backs (0 if reached on first call)"
"ck1994","empft","Wave 1: number of full-time employees"
"ck1994","emppt","Wave 1: number of part-time employees"
"ck1994","nmgrs","Wave 1: number of managers/assistant managers"
"ck1994","wage_st","Wave 1: starting wage ($/hour)"
"ck1994","inctime","Wave 1: months to usual first raise"
"ck1994","firstinc","Wave 1: usual amount of first raise ($/hour)"
"ck1994","bonus","Wave 1: 1 if cash bounty offered for new workers"
"ck1994","pctaff","Wave 1: percent of employees affected by the new minimum wage"
"ck1994","meals","Wave 1: free/reduced-price meal code (0 none, 1 free, 2 reduced, 3 both)"
"ck1994","open","Wave 1: hour of opening"
"ck1994","hrsopen","Wave 1: number of hours open per day"
"ck1994","psoda","Wave 1: price of medium soda, including tax"
"ck1994","pfry","Wave 1: price of small fries, including tax"
"ck1994","pentree","Wave 1: price of an entree, including tax"
"ck1994","nregs","Wave 1: number of cash registers in the store"
"ck1994","nregs11","Wave 1: number of registers open at 11:00 am"
"ck1994","type2","Wave 2 interview type: 1=phone, 2=personal"
"ck1994","status2","Wave 2 interview status (0 refused ... 5 closed, mall fire)"
"ck1994","date2","Date of the wave 2 interview"
"ck1994","ncalls2","Wave 2: number of call-backs"
"ck1994","empft2","Wave 2: number of full-time employees"
"ck1994","emppt2","Wave 2: number of part-time employees"
"ck1994","nmgrs2","Wave 2: number of managers/assistant managers"
"ck1994","wage_st2","Wave 2: starting wage ($/hour)"
"ck1994","inctime2","Wave 2: months to usual first raise"
"ck1994","firstin2","Wave 2: usual amount of first raise ($/hour)"
"ck1994","special2","Wave 2: 1 if a special program for new workers"
"ck1994","meals2","Wave 2: free/reduced-price meal code"
"ck1994","open2r","Wave 2: hour of opening"
"ck1994","hrsopen2","Wave 2: number of hours open per day"
"ck1994","psoda2","Wave 2: price of medium soda, including tax"
"ck1994","pfry2","Wave 2: price of small fries, including tax"
"ck1994","pentree2","Wave 2: price of an entree, including tax"
"ck1994","nregs2","Wave 2: number of cash registers in the store"
"ck1994","nregs112","Wave 2: number of registers open at 11:00 am"
"al1999","grade","Grade level: 4 or 5 (final4.dta / final5.dta)"
"al1999","schlcode","School identifier"
"al1999","c_size","Enrollment (cohort size) in the grade"
"al1999","c_boys","Number of boys in the grade"
"al1999","c_girls","Number of girls in the grade"
"al1999","c_numcl","Number of classes in the grade"
"al1999","c_leom","Religious/ethnic school-type code"
"al1999","towncode","Town identifier"
"al1999","townname","Town name (Hebrew, may not render correctly)"
"al1999","classid","Class identifier within school"
"al1999","classize","Class size (the Maimonides-rule regressor)"
"al1999","cohsize","Cohort size used to construct predicted class size"
"al1999","mathsize","Number of students with a valid math score"
"al1999","avgmath","Average math test score"
"al1999","passmath","Percent of students passing the math test"
"al1999","verbsize","Number of students with a valid verbal score"
"al1999","avgverb","Average verbal (reading) test score"
"al1999","passverb","Percent of students passing the verbal test"
"al1999","c_numrd","Number of reading-test takers (final4/5's c_num4rd/c_num5rd)"
"al1999","flgrm","Flag for reading-grade record"
"al1999","mrkgrm","Mean reading grade"
"al1999","ngrm","Number of reading-grade observations"
"al1999","flmth","Flag for math-grade record"
"al1999","mrkmth","Mean math grade"
"al1999","nmth","Number of math-grade observations"
"al1999","tipuach","School's socio-economic disadvantage index (""Tipuach"")"
"al1999","tip_a","Disadvantage index, alternate coding"
"al1999","tip_s","Disadvantage index, school-level"
"al1999","townid","Town identifier (recoded)"
"al1999","popcode","Town population-size code"
"al1999","c_pik","Supervision/inspectorate code"
"al1999","c_status","School status code"
"al1999","c_type","School type code"
"a1990_a","byr","Year of birth (cohort), 1944-1953"
"a1990_a","race","1 = white, 2 = nonwhite"
"a1990_a","interval","Lottery-number interval: 1 of 73 bins of 5 consecutive numbers"
"a1990_a","year","Calendar year of the earnings observation, 1964-1977"
"a1990_a","vmn1","Mean FICA-taxable earnings in the cell"
"a1990_a","vsd1","Standard deviation of earnings in the cell"
"a1990_a","vnu1","Number of individuals in the cell"
"a1990_a","vnms1","Number of individuals with zero/missing earnings in the cell"
"a1990_a","vfin1","Fraction of the cell with zero earnings"
"a1990_a","ltax","Cell mean, as coded in the CWHS source file"
"a1990_a","xltax","Cell statistic, as coded in the CWHS source file"
"a1990_a","ctr1","Grouping code, as coded in the CWHS source file"
"a1990_b","type","Earnings measure: TAXAB = FICA taxable earnings, TOTAL = total W-2 compensation"
"aai2002","id","Participant identifier"
"aai2002","earnings","Total earnings in the 30 months after random assignment (outcome, y)"
"aai2002","assignment","1 if offered JTPA services (instrument, z)"
"aai2002","training","1 if enrolled in JTPA services (treatment, d)"
"aai2002","male","1 = male, 0 = female"
"aai2002","hsorged","High-school graduate or GED (imputed covariate, may be fractional)"
"aai2002","black","1 if Black"
"aai2002","hispanic","1 if Hispanic"
"aai2002","married","Married (imputed covariate, may be fractional)"
"aai2002","wkless13","Worked less than 13 weeks in the past year (imputed covariate, may be fractional)"
"aai2002","afdc","1 if receiving AFDC (women only)"
"aai2002","class_tr","1 if recommended service strategy is classroom training"
"aai2002","ojt_jsa","1 if recommended service strategy is OJT/JSA/other"
"aai2002","age2225","1 if age 22-25"
"aai2002","age2629","1 if age 26-29"
"aai2002","age3035","1 if age 30-35"
"aai2002","age3644","1 if age 36-44"
"aai2002","age4554","1 if age 45-54"
"aai2002","f2sms","1 if earnings are from the second follow-up survey"
"al2009","year","Cohort year: 2000, 2001 or 2002"
"al2009","school_id","Fictitious school identifier"
"al2009","student_id","Fictitious student identifier (not consistent across data formats)"
"al2009","treated","1 if in the treatment (award) group"
"al2009","pair","Treatment-pair number (1-19, no 6; 7 is a triple)"
"al2009","m_ahim","Number of siblings"
"al2009","boy","1 if male"
"al2009","ole5","1 if immigrant within 5 years"
"al2009","educav","Father's education (years)"
"al2009","educem","Mother's education (years)"
"al2009","zakaibag","1 if eligible for Bagrut (matriculation) status"
"al2009","lagscore","Lagged Bagrut score"
"al2009","semrel","1 if a religious school"
"al2009","semarab","1 if an Arab-sector school"
"al2009","att18","1 if attempted 18 Bagrut credit units"
"al2009","att20","1 if attempted 20 Bagrut credit units"
"al2009","att22","1 if attempted 22 Bagrut credit units"
"al2009","att24","1 if attempted 24 Bagrut credit units"
"al2009","awr18","1 if awarded 18 Bagrut credit units"
"al2009","awr20","1 if awarded 20 Bagrut credit units"
"al2009","awr22","1 if awarded 22 Bagrut credit units"
"al2009","awr24","1 if awarded 24 Bagrut credit units"
"al2009","achv_math","1 if satisfied the Bagrut math requirement"
"al2009","achv_eng","1 if satisfied the Bagrut English requirement"
"al2009","achv_hib","1 if satisfied the Bagrut Hebrew requirement"
"alo2009","GPA_year1","First-year GPA (0-4)"
"alo2009","GPA_year2","Second-year GPA (0-4)"
"alo2009","age","Age"
"alo2009","chooseUTM","1 if attending first-choice school"
"alo2009","compsurv","1 if completed the follow-up survey"
"alo2009","control","1 if in the control group"
"alo2009","credits_earned1","Credits earned in year 1"
"alo2009","credits_earned2","Credits earned in year 2"
"alo2009","dad1","1 if father is a high-school graduate"
"alo2009","dad2","1 if father is a college graduate"
"alo2009","dad_edn","Father's education (1-9 scale)"
"alo2009","english","1 if mother tongue is English"
"alo2009","female","1 if female"
"alo2009","finish4","1 if intends to finish in 4 years"
"alo2009","goodstanding_year1","1 if in good standing in year 1"
"alo2009","goodstanding_year2","1 if in good standing in year 2"
"alo2009","gpa0","High-school GPA (68-87.3 scale)"
"alo2009","graddeg","1 if wants more than a bachelor's degree"
"alo2009","grade_20059_fall","Fall 2005 grade average"
"alo2009","hcom","1 if lives at home"
"alo2009","hsgroup","High-school group (1-3)"
"alo2009","lastmin","How often studying for tests is left until the last minute (1-5)"
"alo2009","lm_never","1 if never puts off studying for tests"
"alo2009","lm_rarely","1 if rarely puts off studying for tests"
"alo2009","mathsci","Number of math and science credits attempted"
"alo2009","mom1","1 if mother is a high-school graduate"
"alo2009","mom2","1 if mother is a college graduate"
"alo2009","mom_edn","Mother's education (1-9 scale)"
"alo2009","mtongue","Mother tongue: English, French, or other"
"alo2009","noshow","1 if a no-show"
"alo2009","numcourses_nov1","Courses enrolled as of fall 2005"
"alo2009","prob_year1","1 if on academic probation in year 1"
"alo2009","prob_year2","1 if on academic probation in year 2"
"alo2009","sex","M or F"
"alo2009","sfp","1 if offered the Student Financial Program (SFP)"
"alo2009","sfp_p","1 if signed up for SFP"
"alo2009","sfpany","1 if offered SFP or SFSP"
"alo2009","sfpany_p","1 if signed up for SFP or SFSP"
"alo2009","sfsp","1 if offered the Summer Financial Support Program (SFSP)"
"alo2009","sfsp_p","1 if signed up for SFSP"
"alo2009","signup","1 if signed up for STAR"
"alo2009","ssp","1 if offered the Student Support Program (SSP)"
"alo2009","ssp_p","1 if signed up for SSP"
"alo2009","totcredits_year1","Total credits attempted, year 1"
"alo2009","used_adv","1 if met with or emailed an advisor"
"alo2009","used_fsg","1 if attended focused study groups (FSGs)"
"alo2009","used_ssp","1 if received SSP services"
"alo2009","work1","1 if plans to work while in school"
"abk2006","vouch0","1 if won the original PACES voucher lottery"
"abk2006","sex_name","1 if a male first name was recorded"
"abk2006","match_i","1 if matched to the ICFES exam-taker file by ID"
"abk2006","match_ic","1 if matched by ID and city"
"abk2006","match_i7","1 if matched by ID and first 7 letters of name"
"abk2006","age","Age"
"abk2006","phone","1 if has a phone"
"abk2006","checkid","1 if has a valid national ID"
"abk2006","math","Math score on the ICFES exam"
"abk2006","read","Language score on the ICFES exam"
"abk2006","match_ic7","1 if matched by ID, city and first 7 letters of name"
"abk2006","readcens1","Reading score, censored at the 1st percentile"
"abk2006","readcens10","Reading score, censored at the 10th percentile"
"abk2006","mathcens1","Math score, censored at the 1st percentile"
"abk2006","mathcens10","Math score, censored at the 10th percentile"
"abbkk2002","id","Applicant identifier"
"abbkk2002","dbogota","1 if the Bogota lottery"
"abbkk2002","djamundi","1 if the Jamundi lottery"
"abbkk2002","d1993","1 if the 1993 lottery (Jamundi)"
"abbkk2002","d1995","1 if the 1995 lottery (Bogota)"
"abbkk2002","d1997","1 if the 1997 lottery (Bogota)"
"abbkk2002","vouch0","1 if won the voucher lottery"
"abbkk2002","sex","1 if male"
"abbkk2002","age","Age at application"
"abbkk2002","mom_sch","Mother's years of schooling"
"abbkk2002","mom_age","Mother's age"
"abbkk2002","dad_sch","Father's years of schooling"
"abbkk2002","dad_age","Father's age"
"abbkk2002","stratams","Sampling stratum indicator"
"abbkk2002","rept6","1 if repeated 6th grade"
"abbkk2002","totscyrs","Total years of schooling completed"
"abbkk2002","finish6","1 if finished 6th grade"
"abbkk2002","finish7","1 if finished 7th grade"
"abbkk2002","finish8","1 if finished 8th grade"
"abbkk2002","usngsch","1 if currently using the voucher/scholarship"
"abbkk2002","hoursum","Hours worked per week"
"abbkk2002","working","1 if currently working"
"abbkk2002","married","1 if married"
"abbkk2002","haschild","1 if has a child"
"abbkk2002","test_tak","1 if took the follow-up achievement test"
"abbkk2002","response","1 if responded to the follow-up survey"
"abbkk2002","svy","1 if surveyed using the new (post-1997) questionnaire"
"adh2013","czone","Commuting zone identifier"
"adh2013","statefip","State FIPS code"
"adh2013","city","City name if the CZ is centered on one, else ""undefined"""
"adh2013","yr","End year of the 10-year period: 2000 (1990-2000) or 2007 (2000-2007)"
"adh2013","t2","1 if the 2000-2007 period"
"adh2013","timepwt48","Commuting-zone population share, used as regression weight"
"adh2013","reg_midatl","1 if Mid-Atlantic census division"
"adh2013","reg_encen","1 if East North Central census division"
"adh2013","reg_wncen","1 if West North Central census division"
"adh2013","reg_satl","1 if South Atlantic census division"
"adh2013","reg_escen","1 if East South Central census division"
"adh2013","reg_wscen","1 if West South Central census division"
"adh2013","reg_mount","1 if Mountain census division"
"adh2013","reg_pacif","1 if Pacific census division"
"adh2013","l_popcount","Start-of-period working-age population"
"adh2013","l_shind_manuf_cbp","Start-of-period manufacturing share of employment"
"adh2013","l_sh_popedu_c","Start-of-period share of population with a college degree"
"adh2013","l_sh_popfborn","Start-of-period share of population foreign born"
"adh2013","l_sh_empl_f","Start-of-period female share of employment"
"adh2013","l_sh_routine33","Start-of-period share of employment in routine occupations"
"adh2013","l_task_outsource","Start-of-period task-offshorability index"
"adh2013","d_sh_empl","10-year change in the employment-to-population ratio"
"adh2013","d_sh_empl_mfg","10-year change in the manufacturing employment share"
"adh2013","d_sh_empl_nmfg","10-year change in the non-manufacturing employment share"
"adh2013","d_sh_unempl","10-year change in the unemployment share"
"adh2013","d_sh_nilf","10-year change in the not-in-labour-force share"
"adh2013","d_avg_lnwkwage","10-year change in average log weekly wage"
"adh2013","d_avg_lnwkwage_mfg","10-year change in average log weekly wage, manufacturing"
"adh2013","d_avg_lnwkwage_nmfg","10-year change in average log weekly wage, non-manufacturing"
"adh2013","d_tradeusch_pw","10-year change in Chinese import exposure per worker (main regressor)"
"adh2013","d_tradeotch_pw_lag","Instrument: change in other countries' Chinese import exposure per worker"
"duflo2001","birthpl","Birth province and regency code, 1995"
"duflo2001","nin","New INPRES schools per child aged 5-14 (program intensity)"
"duflo2001","recp","High-treatment (high program intensity) dummy"
"duflo2001","ch71","Number of children aged 5-14, 1971"
"duflo2001","en71","Population school-enrollment rate, 1971"
"duflo2001","wsppc","Water and sanitation spending per capita"
"duflo2001","dens71","Population density, 1971"
"duflo2001","moldyed","Average years of schooling among the old cohort"
"duflo2001","birthlat","Birth regency centroid latitude"
"duflo2001","birthlong","Birth regency centroid longitude"
"duflo2001","schools73new","Number of new INPRES schools built, 1973/74"
"duflo2001","schools74new","Number of new INPRES schools built, 1974/75"
"duflo2001","schools75new","Number of new INPRES schools built, 1975/76"
"duflo2001","schools76new","Number of new INPRES schools built, 1976/77"
"duflo2001","schools77new","Number of new INPRES schools built, 1977/78"
"duflo2001","schools78new","Number of new INPRES schools built, 1978/79"
"duflo2001","totinnew","Total new INPRES schools built"
"duflo2001","ninnew","New schools per 5-14 population (recomputed)"
"duflo2001","ch71new","Population aged 5-14, 1971 (recomputed)"
"duflo2001","nch71new","Population aged 5+, 1971, used for the attendance rate"
"duflo2001","atsc71new","Population aged 5+ attending school, 1971"
"duflo2001","en71newish","Enrollment rate, 1971 (ch71new denominator)"
"duflo2001","en71new","Enrollment rate, 1971 (nch71new denominator)"
"duflo2001","recpnew","High-treatment dummy (recomputed)"
"duflo2001","java","1 if the regency is on Java"
"duflo2001","nin_lch71new","Component of the treatment variable explained by log population"
"duflo2001","nen71new","Non-enrollment rate, 1971 (nch71new denominator)"
"duflo2001","nen71newish","Non-enrollment rate, 1971 (ch71new denominator)"
"duflo2001","poor","1 if a poor regency, as defined in Duflo (2001, Table 6, note b)"
"eampd","date","Date of the Governing Council monetary policy event"
"eampd","ois_sw","1-week EONIA/€STR OIS rate change in the event window (basis points)"
"eampd","ois_1m","1-month OIS rate change (basis points)"
"eampd","ois_3m","3-month OIS rate change (basis points)"
"eampd","ois_6m","6-month OIS rate change (basis points)"
"eampd","ois_1y","1-year OIS rate change (basis points)"
"eampd","ois_2y","2-year OIS rate change (basis points)"
"eampd","ois_3y","3-year OIS rate change (basis points)"
"eampd","ois_4y","4-year OIS rate change (basis points)"
"eampd","ois_5y","5-year OIS rate change (basis points)"
"eampd","ois_6y","6-year OIS rate change (basis points)"
"eampd","ois_7y","7-year OIS rate change (basis points)"
"eampd","ois_8y","8-year OIS rate change (basis points)"
"eampd","ois_9y","9-year OIS rate change (basis points)"
"eampd","ois_10y","10-year OIS rate change (basis points)"
"eampd","ois_15y","15-year OIS rate change (basis points)"
"eampd","ois_20y","20-year OIS rate change (basis points)"
"eampd","de3m","3-month German government bond yield change (basis points)"
"eampd","de6m","6-month German government bond yield change (basis points)"
"eampd","de1y","1-year German government bond yield change (basis points)"
"eampd","de2y","2-year German government bond yield change (basis points)"
"eampd","de3y","3-year German government bond yield change (basis points)"
"eampd","de4y","4-year German government bond yield change (basis points)"
"eampd","de5y","5-year German government bond yield change (basis points)"
"eampd","de6y","6-year German government bond yield change (basis points)"
"eampd","de7y","7-year German government bond yield change (basis points)"
"eampd","de8y","8-year German government bond yield change (basis points)"
"eampd","de9y","9-year German government bond yield change (basis points)"
"eampd","de10y","10-year German government bond yield change (basis points)"
"eampd","de15y","15-year German government bond yield change (basis points)"
"eampd","de20y","20-year German government bond yield change (basis points)"
"eampd","de30y","30-year German government bond yield change (basis points)"
"eampd","it2y","2-year Italian government bond yield change (basis points)"
"eampd","fr2y","2-year French government bond yield change (basis points)"
"eampd","es2y","2-year Spanish government bond yield change (basis points)"
"eampd","it5y","5-year Italian government bond yield change (basis points)"
"eampd","es5y","5-year Spanish government bond yield change (basis points)"
"eampd","fr5y","5-year French government bond yield change (basis points)"
"eampd","es10y","10-year Spanish government bond yield change (basis points)"
"eampd","fr10y","10-year French government bond yield change (basis points)"
"eampd","it10y","10-year Italian government bond yield change (basis points)"
"eampd","stoxx50","EURO STOXX 50 index percent change"
"eampd","sx7e","EURO STOXX Banks index percent change"
"eampd","eurusd","EUR/USD exchange rate percent change"
"eampd","eurgbp","EUR/GBP exchange rate percent change"
"eampd","eurjpy","EUR/JPY exchange rate percent change"
"eampd_pr","date","Date of the Governing Council monetary policy event"
"eampd_pr","ois_sw","1-week EONIA/€STR OIS rate change in the event window (basis points)"
"eampd_pr","ois_1m","1-month OIS rate change (basis points)"
"eampd_pr","ois_3m","3-month OIS rate change (basis points)"
"eampd_pr","ois_6m","6-month OIS rate change (basis points)"
"eampd_pr","ois_1y","1-year OIS rate change (basis points)"
"eampd_pr","ois_2y","2-year OIS rate change (basis points)"
"eampd_pr","ois_3y","3-year OIS rate change (basis points)"
"eampd_pr","ois_4y","4-year OIS rate change (basis points)"
"eampd_pr","ois_5y","5-year OIS rate change (basis points)"
"eampd_pr","ois_6y","6-year OIS rate change (basis points)"
"eampd_pr","ois_7y","7-year OIS rate change (basis points)"
"eampd_pr","ois_8y","8-year OIS rate change (basis points)"
"eampd_pr","ois_9y","9-year OIS rate change (basis points)"
"eampd_pr","ois_10y","10-year OIS rate change (basis points)"
"eampd_pr","ois_15y","15-year OIS rate change (basis points)"
"eampd_pr","ois_20y","20-year OIS rate change (basis points)"
"eampd_pr","de3m","3-month German government bond yield change (basis points)"
"eampd_pr","de6m","6-month German government bond yield change (basis points)"
"eampd_pr","de1y","1-year German government bond yield change (basis points)"
"eampd_pr","de2y","2-year German government bond yield change (basis points)"
"eampd_pr","de3y","3-year German government bond yield change (basis points)"
"eampd_pr","de4y","4-year German government bond yield change (basis points)"
"eampd_pr","de5y","5-year German government bond yield change (basis points)"
"eampd_pr","de6y","6-year German government bond yield change (basis points)"
"eampd_pr","de7y","7-year German government bond yield change (basis points)"
"eampd_pr","de8y","8-year German government bond yield change (basis points)"
"eampd_pr","de9y","9-year German government bond yield change (basis points)"
"eampd_pr","de10y","10-year German government bond yield change (basis points)"
"eampd_pr","de15y","15-year German government bond yield change (basis points)"
"eampd_pr","de20y","20-year German government bond yield change (basis points)"
"eampd_pr","de30y","30-year German government bond yield change (basis points)"
"eampd_pr","it2y","2-year Italian government bond yield change (basis points)"
"eampd_pr","fr2y","2-year French government bond yield change (basis points)"
"eampd_pr","es2y","2-year Spanish government bond yield change (basis points)"
"eampd_pr","it5y","5-year Italian government bond yield change (basis points)"
"eampd_pr","es5y","5-year Spanish government bond yield change (basis points)"
"eampd_pr","fr5y","5-year French government bond yield change (basis points)"
"eampd_pr","es10y","10-year Spanish government bond yield change (basis points)"
"eampd_pr","fr10y","10-year French government bond yield change (basis points)"
"eampd_pr","it10y","10-year Italian government bond yield change (basis points)"
"eampd_pr","stoxx50","EURO STOXX 50 index percent change"
"eampd_pr","sx7e","EURO STOXX Banks index percent change"
"eampd_pr","eurusd","EUR/USD exchange rate percent change"
"eampd_pr","eurgbp","EUR/GBP exchange rate percent change"
"eampd_pr","eurjpy","EUR/JPY exchange rate percent change"
"eampd_pc","date","Date of the Governing Council monetary policy event"
"eampd_pc","ois_sw","1-week EONIA/€STR OIS rate change in the event window (basis points)"
"eampd_pc","ois_1m","1-month OIS rate change (basis points)"
"eampd_pc","ois_3m","3-month OIS rate change (basis points)"
"eampd_pc","ois_6m","6-month OIS rate change (basis points)"
"eampd_pc","ois_1y","1-year OIS rate change (basis points)"
"eampd_pc","ois_2y","2-year OIS rate change (basis points)"
"eampd_pc","ois_3y","3-year OIS rate change (basis points)"
"eampd_pc","ois_4y","4-year OIS rate change (basis points)"
"eampd_pc","ois_5y","5-year OIS rate change (basis points)"
"eampd_pc","ois_6y","6-year OIS rate change (basis points)"
"eampd_pc","ois_7y","7-year OIS rate change (basis points)"
"eampd_pc","ois_8y","8-year OIS rate change (basis points)"
"eampd_pc","ois_9y","9-year OIS rate change (basis points)"
"eampd_pc","ois_10y","10-year OIS rate change (basis points)"
"eampd_pc","ois_15y","15-year OIS rate change (basis points)"
"eampd_pc","ois_20y","20-year OIS rate change (basis points)"
"eampd_pc","de3m","3-month German government bond yield change (basis points)"
"eampd_pc","de6m","6-month German government bond yield change (basis points)"
"eampd_pc","de1y","1-year German government bond yield change (basis points)"
"eampd_pc","de2y","2-year German government bond yield change (basis points)"
"eampd_pc","de3y","3-year German government bond yield change (basis points)"
"eampd_pc","de4y","4-year German government bond yield change (basis points)"
"eampd_pc","de5y","5-year German government bond yield change (basis points)"
"eampd_pc","de6y","6-year German government bond yield change (basis points)"
"eampd_pc","de7y","7-year German government bond yield change (basis points)"
"eampd_pc","de8y","8-year German government bond yield change (basis points)"
"eampd_pc","de9y","9-year German government bond yield change (basis points)"
"eampd_pc","de10y","10-year German government bond yield change (basis points)"
"eampd_pc","de15y","15-year German government bond yield change (basis points)"
"eampd_pc","de20y","20-year German government bond yield change (basis points)"
"eampd_pc","de30y","30-year German government bond yield change (basis points)"
"eampd_pc","it2y","2-year Italian government bond yield change (basis points)"
"eampd_pc","fr2y","2-year French government bond yield change (basis points)"
"eampd_pc","es2y","2-year Spanish government bond yield change (basis points)"
"eampd_pc","it5y","5-year Italian government bond yield change (basis points)"
"eampd_pc","es5y","5-year Spanish government bond yield change (basis points)"
"eampd_pc","fr5y","5-year French government bond yield change (basis points)"
"eampd_pc","es10y","10-year Spanish government bond yield change (basis points)"
"eampd_pc","fr10y","10-year French government bond yield change (basis points)"
"eampd_pc","it10y","10-year Italian government bond yield change (basis points)"
"eampd_pc","stoxx50","EURO STOXX 50 index percent change"
"eampd_pc","sx7e","EURO STOXX Banks index percent change"
"eampd_pc","eurusd","EUR/USD exchange rate percent change"
"eampd_pc","eurgbp","EUR/GBP exchange rate percent change"
"eampd_pc","eurjpy","EUR/JPY exchange rate percent change"
"bs2023_fomc","date","Date of the FOMC announcement"
"bs2023_fomc","time","Local time of the announcement (Eastern time)"
"bs2023_fomc","unscheduled","1 if an unscheduled/intermeeting FOMC action"
"bs2023_fomc","ff1","Current-month fed funds futures rate change (30-minute window)"
"bs2023_fomc","ff2","One-month-ahead fed funds futures rate change"
"bs2023_fomc","ed1","Nearest Eurodollar futures rate change (quarterly contract 1)"
"bs2023_fomc","ed2","Eurodollar futures rate change, contract 2"
"bs2023_fomc","ed3","Eurodollar futures rate change, contract 3"
"bs2023_fomc","ed4","Eurodollar futures rate change, contract 4"
"bs2023_fomc","sp500","S&P 500 futures percent change"
"bs2023_fomc","sp500_emini","S&P 500 e-mini futures percent change (available later sample)"
"bs2023_fomc","tnote02","2-year Treasury note yield change"
"bs2023_fomc","tnote05","5-year Treasury note yield change"
"bs2023_fomc","tnote10","10-year Treasury note yield change"
"bs2023_fomc","tbond","30-year Treasury bond yield change"
"bs2023_fomc","mps","Raw high-frequency monetary policy surprise (first principal component of ff1/ff2/ed1-ed4, sign-normalised)"
"bs2023_fomc","mps_orth","MPS orthogonalised against the pre-FOMC-window control surprises below"
"bs2023_fomc","nfp_surp","Surprise in the most recent nonfarm payrolls release before the announcement"
"bs2023_fomc","nfp_12m","Trailing 12-month payrolls growth before the announcement"
"bs2023_fomc","sp500_3m","S&P 500 return over the 3 months before the announcement"
"bs2023_fomc","slope_3m","Change in the 10-year minus 3-month Treasury slope over the prior 3 months"
"bs2023_fomc","bcom_3m","Bloomberg Commodity index return over the prior 3 months"
"bs2023_fomc","tr_skew","Implied skewness of Treasury yield options before the announcement"
"hlw2017","g_us","US trend GDP growth, annualised (HLW state-space estimate)"
"hlw2017","g_ca","Canada trend GDP growth, annualised"
"hlw2017","g_ea","Euro area trend GDP growth, annualised"
"hlw2017","z_us","US ""other factor"" z (persistent demand-side determinant of r*)"
"hlw2017","z_ca","Canada other factor z"
"hlw2017","z_ea","Euro area other factor z"
"hlw2017","rstar_us","US natural rate of interest r*"
"hlw2017","rstar_ca","Canada natural rate of interest r*"
"hlw2017","rstar_ea","Euro area natural rate of interest r*"
"hlw2017","gap_us","US output gap implied by the model"
"hlw2017","gap_ca","Canada output gap implied by the model"
"hlw2017","gap_ea","Euro area output gap implied by the model"
