"date","ff","shadow"
1960-01-01,4,
1960-02-01,4,
1960-03-01,4,
1960-04-01,4,
1960-05-01,3.5,
1960-06-01,3.5,
1960-07-01,3.25,
1960-08-01,3,
1960-09-01,3,
1960-10-01,2.75,
1960-11-01,0.25,
1960-12-01,3,
1961-01-01,2.25,
1961-02-01,2,
1961-03-01,2,
1961-04-01,0.5,
1961-05-01,1,
1961-06-01,0.5,
1961-07-01,2.5,
1961-08-01,1.75,
1961-09-01,1.5,
1961-10-01,2,
1961-11-01,1.75,
1961-12-01,2.5,
1962-01-01,1.5,
1962-02-01,2.75,
1962-03-01,2.75,
1962-04-01,2.5,
1962-05-01,2.75,
1962-06-01,2.75,
1962-07-01,2.75,
1962-08-01,3,
1962-09-01,2.75,
1962-10-01,3,
1962-11-01,2.88,
1962-12-01,3,
1963-01-01,3,
1963-02-01,3,
1963-03-01,3,
1963-04-01,3,
1963-05-01,3,
1963-06-01,3,
1963-07-01,3.5,
1963-08-01,3.5,
1963-09-01,3.5,
1963-10-01,3.5,
1963-11-01,3.5,
1963-12-01,3.25,
1964-01-01,3.5,
1964-02-01,3.5,
1964-03-01,3.5,
1964-04-01,3.5,
1964-05-01,3.5,
1964-06-01,3.5,
1964-07-01,3.5,
1964-08-01,3.5,
1964-09-01,2.75,
1964-10-01,3.5,
1964-11-01,4,
1964-12-01,4,
1965-01-01,4,
1965-02-01,4,
1965-03-01,4,
1965-04-01,4.13,
1965-05-01,4.13,
1965-06-01,4.13,
1965-07-01,4.13,
1965-08-01,4,
1965-09-01,4.13,
1965-10-01,4.13,
1965-11-01,4.13,
1965-12-01,4.63,
1966-01-01,4.5,
1966-02-01,4.63,
1966-03-01,4.75,
1966-04-01,4.63,
1966-05-01,4.75,
1966-06-01,5.5,
1966-07-01,5.75,
1966-08-01,4.5,
1966-09-01,5.75,
1966-10-01,5.75,
1966-11-01,5.75,
1966-12-01,5,
1967-01-01,4,
1967-02-01,4.75,
1967-03-01,4.5,
1967-04-01,4,
1967-05-01,4.13,
1967-06-01,3.5,
1967-07-01,3.75,
1967-08-01,4,
1967-09-01,3.75,
1967-10-01,4.13,
1967-11-01,4.5,
1967-12-01,4.5,
1968-01-01,4.75,
1968-02-01,4.75,
1968-03-01,5.25,
1968-04-01,6.25,
1968-05-01,6.13,
1968-06-01,5.5,
1968-07-01,6,
1968-08-01,5.75,
1968-09-01,5.5,
1968-10-01,6,
1968-11-01,6,
1968-12-01,4,
1969-01-01,6.38,
1969-02-01,7,
1969-03-01,6.25,
1969-04-01,8,
1969-05-01,9.38,
1969-06-01,7.5,
1969-07-01,8.75,
1969-08-01,9.75,
1969-09-01,8.5,
1969-10-01,9,
1969-11-01,9.25,
1969-12-01,5,
1970-01-01,9.38,
1970-02-01,8.5,
1970-03-01,7.5,
1970-04-01,8.5,
1970-05-01,7.88,
1970-06-01,5.75,
1970-07-01,6.75,
1970-08-01,6.5,
1970-09-01,5,
1970-10-01,6.13,
1970-11-01,5.5,
1970-12-01,3,
1971-01-01,4,
1971-02-01,3.38,
1971-03-01,4.5,
1971-04-01,4.25,
1971-05-01,4.88,
1971-06-01,4.75,
1971-07-01,5.5,
1971-08-01,5.75,
1971-09-01,5.38,
1971-10-01,5.13,
1971-11-01,4.25,
1971-12-01,3,
1972-01-01,3.13,
1972-02-01,3.25,
1972-03-01,4,
1972-04-01,4.31,
1972-05-01,4.75,
1972-06-01,4.5,
1972-07-01,4.5,
1972-08-01,5.13,
1972-09-01,4.88,
1972-10-01,4.88,
1972-11-01,5.19,
1972-12-01,5.5,
1973-01-01,6.5,
1973-02-01,7.5,
1973-03-01,7.38,
1973-04-01,7.63,
1973-05-01,8.13,
1973-06-01,8.88,
1973-07-01,11.22,
1973-08-01,11.22,
1973-09-01,10.82,
1973-10-01,10.61,
1973-11-01,10.34,
1973-12-01,9.83,
1974-01-01,9.31,
1974-02-01,8.87,
1974-03-01,9.95,
1974-04-01,11,
1974-05-01,11.64,
1974-06-01,13.31,
1974-07-01,12.06,
1974-08-01,11.6,
1974-09-01,11.11,
1974-10-01,9.66,
1974-11-01,9.47,
1974-12-01,3.87,
1975-01-01,6.76,
1975-02-01,6.07,
1975-03-01,5.39,
1975-04-01,7.03,
1975-05-01,5.23,
1975-06-01,5.97,
1975-07-01,6.23,
1975-08-01,6.13,
1975-09-01,6.22,
1975-10-01,5.65,
1975-11-01,5.29,
1975-12-01,5.37,
1976-01-01,4.84,
1976-02-01,4.89,
1976-03-01,5.07,
1976-04-01,5.1,
1976-05-01,5.67,
1976-06-01,5.71,
1976-07-01,5.32,
1976-08-01,5.31,
1976-09-01,5.31,
1976-10-01,5.02,
1976-11-01,4.69,
1976-12-01,4.17,
1977-01-01,4.65,
1977-02-01,4.73,
1977-03-01,4.72,
1977-04-01,5.12,
1977-05-01,5.47,
1977-06-01,5.64,
1977-07-01,5.86,
1977-08-01,6.03,
1977-09-01,6.46,
1977-10-01,6.6,
1977-11-01,6.56,
1977-12-01,6.53,
1978-01-01,6.79,
1978-02-01,6.83,
1978-03-01,6.97,
1978-04-01,7.25,
1978-05-01,7.43,
1978-06-01,8.01,
1978-07-01,8,
1978-08-01,8.4,
1978-09-01,8.9,
1978-10-01,9.35,
1978-11-01,9.94,
1978-12-01,10.84,
1979-01-01,10.57,
1979-02-01,10.24,
1979-03-01,10.07,
1979-04-01,10.43,
1979-05-01,10.31,
1979-06-01,10.54,
1979-07-01,10.81,
1979-08-01,11.29,
1979-09-01,12.16,
1979-10-01,14.82,
1979-11-01,13.96,
1979-12-01,14.77,
1980-01-01,13.4,
1980-02-01,16.33,
1980-03-01,19.85,
1980-04-01,14.64,
1980-05-01,11.06,
1980-06-01,10.44,
1980-07-01,9.93,
1980-08-01,10.74,
1980-09-01,13.19,
1980-10-01,13.77,
1980-11-01,18.56,
1980-12-01,22,
1981-01-01,17.25,
1981-02-01,15.53,
1981-03-01,14.63,
1981-04-01,18.92,
1981-05-01,17.56,
1981-06-01,18.64,
1981-07-01,17.46,
1981-08-01,16.83,
1981-09-01,16.58,
1981-10-01,14.44,
1981-11-01,12.44,
1981-12-01,13.13,
1982-01-01,14.21,
1982-02-01,13.74,
1982-03-01,16.8,
1982-04-01,15.28,
1982-05-01,13.38,
1982-06-01,14.58,
1982-07-01,11.41,
1982-08-01,10.63,
1982-09-01,12.17,
1982-10-01,9.41,
1982-11-01,8.93,
1982-12-01,11.2,
1983-01-01,8.56,
1983-02-01,8.53,
1983-03-01,10.81,
1983-04-01,8.84,
1983-05-01,8.94,
1983-06-01,10.06,
1983-07-01,9.52,
1983-08-01,9.59,
1983-09-01,10.59,
1983-10-01,9.43,
1983-11-01,9.34,
1983-12-01,9.92,
1984-01-01,9.35,
1984-02-01,9.45,
1984-03-01,10.24,
1984-04-01,10.9,
1984-05-01,10.81,
1984-06-01,10.85,
1984-07-01,11.83,
1984-08-01,11.64,
1984-09-01,11.23,
1984-10-01,9.99,
1984-11-01,8.92,
1984-12-01,8.74,
1985-01-01,8.73,
1985-02-01,8.74,
1985-03-01,8.58,
1985-04-01,8.58,
1985-05-01,7.64,
1985-06-01,7.95,
1985-07-01,8.61,
1985-08-01,7.8,
1985-09-01,8.84,
1985-10-01,8.08,
1985-11-01,8.54,
1985-12-01,13.46,
1986-01-01,8.09,
1986-02-01,7.95,
1986-03-01,8.06,
1986-04-01,7.05,
1986-05-01,6.84,
1986-06-01,7.72,
1986-07-01,6.35,
1986-08-01,5.77,
1986-09-01,6.9,
1986-10-01,5.93,
1986-11-01,6.03,
1986-12-01,14.35,
1987-01-01,6.28,
1987-02-01,6.02,
1987-03-01,6.23,
1987-04-01,7.63,
1987-05-01,6.63,
1987-06-01,6.56,
1987-07-01,6.75,
1987-08-01,6.95,
1987-09-01,8.38,
1987-10-01,6.62,
1987-11-01,7.19,
1987-12-01,6.89,
1988-01-01,6.79,
1988-02-01,6.67,
1988-03-01,6.83,
1988-04-01,6.98,
1988-05-01,7.48,
1988-06-01,8.27,
1988-07-01,7.84,
1988-08-01,8.14,
1988-09-01,8.54,
1988-10-01,8.39,
1988-11-01,8.5,
1988-12-01,9.04,
1989-01-01,9.14,
1989-02-01,9.87,
1989-03-01,9.79,
1989-04-01,9.82,
1989-05-01,10.48,
1989-06-01,9.63,
1989-07-01,8.94,
1989-08-01,8.92,
1989-09-01,9.24,
1989-10-01,8.89,
1989-11-01,8.6,
1989-12-01,7.97,
1990-01-01,8.26,7.94979833297833
1990-02-01,8.29,7.79750347102762
1990-03-01,8.3,7.9509563482731
1990-04-01,8.23,8.13632876790624
1990-05-01,8.23,7.7727899094338
1990-06-01,8.32,7.66850936415486
1990-07-01,8.05,7.53042621904417
1990-08-01,8.06,7.55474901762004
1990-09-01,8.03,7.51045173170882
1990-10-01,9.52,7.33898999500339
1990-11-01,7.61,7.1907365810926
1990-12-01,5.53,6.7576338713869
1991-01-01,8.18,6.38995533371065
1991-02-01,6.99,6.10359516636096
1991-03-01,5.53,5.75942857834753
1991-04-01,5.98,5.56057274920347
1991-05-01,5.92,5.54275588809492
1991-06-01,6.74,5.52920423423313
1991-07-01,5.85,5.45452539442252
1991-08-01,5.5,5.20854894699444
1991-09-01,5.6,5.01706150028372
1991-10-01,5.23,4.79698094421584
1991-11-01,4.86,4.40738547370066
1991-12-01,4.09,3.74803748176444
1992-01-01,4.4,3.59653493247717
1992-02-01,4.13,3.53362033549439
1992-03-01,4.07,3.52929196186183
1992-04-01,3.85,3.26677246702553
1992-05-01,3.8,3.28777197770274
1992-06-01,4.53,3.41979860362263
1992-07-01,3.37,3.10088820021058
1992-08-01,3.51,3.0814570659258
1992-09-01,4.47,2.84950075215069
1992-10-01,3.04,2.94839943228799
1992-11-01,3.45,2.98305317212807
1992-12-01,2.66,2.75757713285953
1993-01-01,3.02,2.8158270528483
1993-02-01,3.18,2.87044820279727
1993-03-01,3.83,2.92547776657819
1993-04-01,3.01,2.91226032848024
1993-05-01,3.02,3.10141099184876
1993-06-01,3.92,3.13662932663363
1993-07-01,3.07,3.0810375894548
1993-08-01,3.19,3.08617962334254
1993-09-01,3.99,3.03764463590414
1993-10-01,3.03,3.11137145125299
1993-11-01,3.16,3.13468518506237
1993-12-01,2.85,3.12744610945956
1994-01-01,3.68,3.04533151132082
1994-02-01,3.49,3.42867923113284
1994-03-01,4.18,3.6875159333393
1994-04-01,3.73,4.06585809458144
1994-05-01,4.6,4.43178311604578
1994-06-01,5.96,4.68378122592799
1994-07-01,4.29,4.70136387674415
1994-08-01,4.7,4.74293162888099
1994-09-01,5.44,5.07684064075015
1994-10-01,4.9,5.27249469612321
1994-11-01,5.66,5.9660258232882
1994-12-01,4.94,7.11696591754881
1995-01-01,5.86,6.31897612319883
1995-02-01,6.1,5.99082370658203
1995-03-01,6.3,5.99939187314693
1995-04-01,6.06,5.92735561215657
1995-05-01,6.17,5.79438634954385
1995-06-01,6.11,5.67747200995314
1995-07-01,5.97,5.53971165647244
1995-08-01,5.93,5.49249788588316
1995-09-01,6.2,5.54190451131708
1995-10-01,5.97,5.49329901046092
1995-11-01,6.11,5.42126620313277
1995-12-01,4.73,5.33246134496444
1996-01-01,5.71,5.02564375725774
1996-02-01,6.05,5.04741368199452
1996-03-01,5.25,5.15158036118086
1996-04-01,5.5,5.18779164513949
1996-05-01,5.31,5.1512951307061
1996-06-01,5,5.26490948898661
1996-07-01,6.75,5.38540561725767
1996-08-01,5.28,5.27906133305749
1996-09-01,6.09,5.29365760174813
1996-10-01,5.63,5.21158787044813
1996-11-01,5.44,5.19788131996585
1996-12-01,6.26,5.22491331019614
1997-01-01,5.37,5.22578309638506
1997-02-01,5.5,5.27440919204632
1997-03-01,7.07,5.491629838658
1997-04-01,5.82,5.45833177098214
1997-05-01,5.58,5.35430551180994
1997-06-01,6.87,5.32470041499037
1997-07-01,5.96,5.34740114227826
1997-08-01,5.52,5.40115431563394
1997-09-01,5.81,5.52925471321592
1997-10-01,5.56,5.37910041576989
1997-11-01,5.5,5.45887869129273
1997-12-01,5.84,5.4233050386952
1998-01-01,5.48,5.35993614930382
1998-02-01,5.57,5.40832580782691
1998-03-01,5.88,5.36670399251365
1998-04-01,5.59,5.33143516179223
1998-05-01,5.63,5.41204263534644
1998-06-01,7.06,5.29416504942893
1998-07-01,5.63,5.23162320227019
1998-08-01,5.89,5.12985037110949
1998-09-01,6.14,4.84767091690398
1998-10-01,5.35,4.73358858499737
1998-11-01,5.11,4.73528744067834
1998-12-01,4.07,4.69305814446258
1999-01-01,4.79,4.75866389196294
1999-02-01,4.84,4.84695457653347
1999-03-01,4.98,4.72902102600073
1999-04-01,5.03,4.74413016979967
1999-05-01,4.61,4.74167408507213
1999-06-01,5.12,4.926389087238
1999-07-01,5.07,4.934898554419
1999-08-01,5.57,5.18506536787065
1999-09-01,5.51,5.17266376850968
1999-10-01,5.27,5.31492068433884
1999-11-01,5.63,5.58918206133865
1999-12-01,3.99,5.82636795344202
2000-01-01,5.87,5.85175203565732
2000-02-01,5.85,5.84966145657935
2000-03-01,6.17,6.06302629790308
2000-04-01,6.06,6.16280090696727
2000-05-01,6.83,6.62301990463349
2000-06-01,6.86,6.46070069383597
2000-07-01,6.64,6.40821254976943
2000-08-01,6.65,6.38924460886586
2000-09-01,6.6,6.52055231529091
2000-10-01,6.59,6.64675209900896
2000-11-01,6.62,6.43569011037557
2000-12-01,5.41,5.98895430540875
2001-01-01,5.74,5.04285760684301
2001-02-01,5.59,4.7619666035574
2001-03-01,5.29,4.29516060628621
2001-04-01,4.67,3.8288098407376
2001-05-01,4.24,3.22761275308208
2001-06-01,3.95,3.27215831423739
2001-07-01,3.82,3.04568810187541
2001-08-01,3.66,2.83288398510451
2001-09-01,2.75,2.17295962684192
2001-10-01,2.66,1.57475238792288
2001-11-01,2.06,1.1332188205058
2001-12-01,1.52,0.674666983016517
2002-01-01,1.85,0.953370118909697
2002-02-01,1.83,0.967124990755745
2002-03-01,1.74,1.39709700433259
2002-04-01,1.82,0.932365917163107
2002-05-01,1.79,1.12163283147348
2002-06-01,1.73,1.02043057988522
2002-07-01,1.76,1.14654718139928
2002-08-01,1.81,1.42980223447613
2002-09-01,1.85,1.58505416394464
2002-10-01,1.82,1.44355818499673
2002-11-01,1.23,1.14342055868714
2002-12-01,1.16,1.12457930507984
2003-01-01,1.33,1.01659600280225
2003-02-01,1.33,1.15571679632111
2003-03-01,1.38,1.05894085723081
2003-04-01,1.31,1.01294603259566
2003-05-01,1.28,1.27863507957076
2003-06-01,1.45,1.10038591922318
2003-07-01,1.04,0.937336726389856
2003-08-01,1.01,0.735197156228515
2003-09-01,1.17,0.855586468881595
2003-10-01,1.03,0.833596129519047
2003-11-01,1.01,0.874236413897754
2003-12-01,0.94,0.740095504779112
2004-01-01,1.03,0.752991180645889
2004-02-01,1.04,0.746520513757225
2004-03-01,1.05,0.907943657718065
2004-04-01,1.03,0.869264846613414
2004-05-01,1.02,1.06775546092764
2004-06-01,1.38,1.32480405146639
2004-07-01,1.29,1.43830942277215
2004-08-01,1.55,1.62659549289253
2004-09-01,1.94,1.92645593398973
2004-10-01,1.79,2.0808222692067
2004-11-01,2.02,2.35313380521062
2004-12-01,1.97,2.53487993883285
2005-01-01,2.5,2.67821170608387
2005-02-01,2.52,2.83935816085375
2005-03-01,2.96,2.96344404553743
2005-04-01,2.97,3.07676341118244
2005-05-01,3.09,3.14537187197785
2005-06-01,3.35,3.31739459862898
2005-07-01,3.31,3.57647821600778
2005-08-01,3.63,3.63162501977122
2005-09-01,3.93,4.13786694864163
2005-10-01,4.02,4.20007900629571
2005-11-01,4.03,4.32579053630772
2005-12-01,4.09,4.36298874870074
2006-01-01,4.47,4.53462380350915
2006-02-01,4.52,4.60423285887278
2006-03-01,5,4.76590061397672
2006-04-01,4.86,4.91222177915761
2006-05-01,5.05,5.06507074618961
2006-06-01,5.05,5.2625752369177
2006-07-01,5.31,5.22584157360975
2006-08-01,5.31,5.20360307269765
2006-09-01,5.34,5.15401919502837
2006-10-01,5.31,5.15263490015359
2006-11-01,5.31,5.12825180407402
2006-12-01,5.17,5.16808265104887
2007-01-01,5.33,5.14285309440101
2007-02-01,5.41,5.13377846395438
2007-03-01,5.3,5.17541857240678
2007-04-01,5.29,5.21803089184151
2007-05-01,5.28,5.10184620706178
2007-06-01,5.31,5.00676996358137
2007-07-01,5.28,5.02065864654597
2007-08-01,4.96,4.63787094433425
2007-09-01,4.58,4.29143551383653
2007-10-01,4.6,4.29260737420666
2007-11-01,4.66,3.6877033491324
2007-12-01,3.06,3.69865434177768
2008-01-01,3.22,2.65585610299258
2008-02-01,3.01,2.13786591024869
2008-03-01,2.51,1.87452862600577
2008-04-01,2.37,1.81242339788963
2008-05-01,1.98,1.95643708973093
2008-06-01,2.47,2.0540120740171
2008-07-01,2.09,2.05230976485117
2008-08-01,1.94,2.12608280761542
2008-09-01,2.03,1.91130426170128
2008-10-01,0.22,1.83924343043073
2008-11-01,0.52,1.41995423970649
2008-12-01,0.14,0.649730963760244
2009-01-01,0.23,0.611179097838114
2009-02-01,0.22,0.876102516151378
2009-03-01,0.16,0.750245201133062
2009-04-01,0.2,0.426628499975537
2009-05-01,0.19,0.206639054383323
2009-06-01,0.22,0.0215336786947056
2009-07-01,0.18,-0.117377576455868
2009-08-01,0.15,-0.282742693602966
2009-09-01,0.07,-0.406046107991633
2009-10-01,0.11,-0.474629614380003
2009-11-01,0.13,-0.61039679810896
2009-12-01,0.05,-0.153977591909982
2010-01-01,0.12,-0.447700339468446
2010-02-01,0.13,-0.544687849601062
2010-03-01,0.09,-0.47634944389552
2010-04-01,0.2,-0.466496000421938
2010-05-01,0.19,-0.482831830820778
2010-06-01,0.09,-0.542088200647739
2010-07-01,0.18,-0.589675191488225
2010-08-01,0.21,-0.698543957983021
2010-09-01,0.15,-0.795698811889614
2010-10-01,0.2,-0.99515800878257
2010-11-01,0.2,-0.956014091111987
2010-12-01,0.13,-0.884818562231481
2011-01-01,0.17,-1.01123047631742
2011-02-01,0.16,-1.09130647332291
2011-03-01,0.1,-0.9914596073748
2011-04-01,0.09,-1.06627756408161
2011-05-01,0.1,-1.14043545969703
2011-06-01,0.07,-1.12186599861687
2011-07-01,0.11,-1.19226973070459
2011-08-01,0.08,-1.37712980238424
2011-09-01,0.06,-1.40245812380008
2011-10-01,0.09,-1.43724788969704
2011-11-01,0.1,-1.48353862120547
2011-12-01,0.04,-1.46643799480887
2012-01-01,0.11,-1.53978596169267
2012-02-01,0.1,-1.45168716871696
2012-03-01,0.09,-1.26608957943896
2012-04-01,0.16,-1.26201966646296
2012-05-01,0.16,-1.23722528649586
2012-06-01,0.09,-1.11106693479822
2012-07-01,0.13,-1.17877412651023
2012-08-01,0.13,-1.25866907485365
2012-09-01,0.09,-1.36046425687295
2012-10-01,0.18,-1.33897514089338
2012-11-01,0.16,-1.42284634490325
2012-12-01,0.09,-1.42990080075533
2013-01-01,0.15,-1.35762847246476
2013-02-01,0.14,-1.4224785555073
2013-03-01,0.09,-1.44058932608899
2013-04-01,0.14,-1.52367528531987
2013-05-01,0.09,-1.26902008457479
2013-06-01,0.07,-0.969520218355705
2013-07-01,0.09,-1.52227133190116
2013-08-01,0.07,-1.6664045260805
2013-09-01,0.06,-1.80234780471166
2013-10-01,0.07,-1.85210477371612
2013-11-01,0.07,-1.99894110950279
2013-12-01,0.07,-2.13323502669663
2014-01-01,0.07,-2.37612327846534
2014-02-01,0.06,-2.54228501034923
2014-03-01,0.06,-2.62438688706391
2014-04-01,0.09,-2.89178582148479
2014-05-01,0.08,-2.98564268572991
2014-06-01,0.09,-2.88858153972402
2014-07-01,0.08,-2.83669739100699
2014-08-01,0.07,-2.89256162970558
2014-09-01,0.07,-2.80513891104033
2014-10-01,0.07,-2.80170947134757
2014-11-01,0.08,-2.76834431914866
2014-12-01,0.06,-2.42074792801607
2015-01-01,0.06,-2.26875500815227
2015-02-01,0.06,-1.973647789146
2015-03-01,0.06,-1.80844507528458
2015-04-01,0.08,-1.59495316051584
2015-05-01,0.08,-1.43363711401323
2015-06-01,0.08,-1.40202799414047
2015-07-01,0.08,-1.28821950636037
2015-08-01,0.08,-0.920617426160186
2015-09-01,0.07,-0.742078595295798
2015-10-01,0.07,-0.532405065727792
2015-11-01,0.08,-0.00499964982073198
2015-12-01,0.2,0.257343933402011
2016-01-01,0.29,0.401942967500766
2016-02-01,0.29,0.525883588463189
2016-03-01,0.25,0.506534787355903
2016-04-01,0.3,0.407831709060983
2016-05-01,0.29,0.484172489259397
2016-06-01,0.3,0.417986941505961
2016-07-01,0.3,0.470311803865135
2016-08-01,0.3,0.44985547994314
2016-09-01,0.29,0.510288419099323
2016-10-01,0.31,0.522724628315569
2016-11-01,0.31,0.429255899729838
2016-12-01,0.55,0.422156164009528
2017-01-01,0.56,0.379160199687785
2017-02-01,0.57,0.391065588301561
2017-03-01,0.82,0.636018155030697
2017-04-01,0.83,0.846359595135167
2017-05-01,0.83,1.02901067145467
2017-06-01,1.06,1.05618329169534
2017-07-01,1.07,1.07966960562922
2017-08-01,1.07,1.10630020131335
2017-09-01,1.06,1.10453559025884
2017-10-01,1.07,1.15656697583062
2017-11-01,1.07,1.28358141481448
2017-12-01,1.33,1.40846047043339
2018-01-01,1.34,1.39948536398389
2018-02-01,1.35,1.54602068572774
2018-03-01,1.67,1.64631903440365
2018-04-01,1.69,1.70511573717164
2018-05-01,1.7,1.76917033392566
2018-06-01,1.91,1.89002249336376
2018-07-01,1.91,1.91867145732572
2018-08-01,1.91,2.01071407923434
2018-09-01,2.18,2.16541811803027
2018-10-01,2.2,2.29952410988981
2018-11-01,2.2,2.40300690574254
2018-12-01,2.4,2.53086883426369
2019-01-01,2.4,2.49400295152578
2019-02-01,2.4,2.45541896246867
2019-03-01,2.43,2.4034558197094
2019-04-01,2.45,2.40873044657267
2019-05-01,2.4,2.41446822425448
2019-06-01,2.4,2.18571970212691
2019-07-01,2.4,2.17202441536753
2019-08-01,2.13,2.02046075763572
2019-09-01,1.9,1.95836814200176
2019-10-01,1.58,1.65551873833082
2019-11-01,1.56,1.63859104305014
2019-12-01,1.55,1.60878113820007
2020-01-01,1.59,1.628595281384
2020-02-01,1.58,1.4138110506738
2020-03-01,0.08,0.691363936803738
2020-04-01,0.05,0.497377727737894
2020-05-01,0.05,0.479820931521692
2020-06-01,0.08,0.40381232446004
2020-07-01,0.1,0.252578367728285
2020-08-01,0.09,0.260382931499674
2020-09-01,0.09,0.0790725601400126
2020-10-01,0.09,0.171979140319624
2020-11-01,0.09,-0.22662215495493
2020-12-01,0.09,-0.287665702873503
2021-01-01,0.07,-0.415645088470845
2021-02-01,0.07,-0.479678779411198
2021-03-01,0.06,-1.56151388250159
2021-04-01,0.05,-1.79975298088588
2021-05-01,0.05,-1.99830062009982
2021-06-01,0.08,-1.82668725470846
2021-07-01,0.07,-1.88987060500664
2021-08-01,0.06,-1.7964574077744
2021-09-01,0.06,-1.80964930955821
2021-10-01,0.07,-1.70210147277595
2021-11-01,0.07,-1.84979476366234
2021-12-01,0.07,-1.15481851209033
2022-01-01,0.08,-0.197424790864561
2022-02-01,0.08,0.206380642030308
