year,month,pc1_mpd,STOXX50_mpd,MP_pm_mpd,CBI_pm_mpd,MP_median_mpd,CBI_median_mpd
1999,1,-0.03345442,-1.44356899454738,0.00353432,-0.03698874,0.02888572,-0.06234014
1999,2,0,0.174157405728259,0,0,-0.00550291,0.00550291
1999,3,-0.00259264,0.143328364777773,-0.00259264,-0,-0.00582511,0.00323247
1999,4,-0.00997308,0.0546567687663924,-0.00264763,-0.00732545,-0.00671354,-0.00325954
1999,5,0.00597554,-0.388000916890441,0.00597554,0,0.01524756,-0.00927202
1999,6,-0.00538824,-0.326330449642853,0.00176716,-0.0071554,0.00761705,-0.01300529
1999,7,0.02274525,0.512535518184621,0.00132382,0.02142143,-0.00482213,0.02756738
1999,8,-0.0014715,-0.235598412564997,-0,-0.0014715,0.00670853,-0.00818003
1999,9,-0.04619539,0.569366320267762,-0.04619539,-0,-0.04108815,-0.00510724
1999,10,-0.17155881,-0.594183283838312,-0,-0.17155881,-0.0670048,-0.10455401
1999,11,0.05645488,0.567512568978756,0,0.05645488,0.01029555,0.04615933
1999,12,-0.00026476,0.243088747026832,-0.00026476,0,-0.00781333,0.00754857
2000,1,-0.01180361,-0.545534796089342,0,-0.01180361,0.01133563,-0.02313924
2000,2,0.02456118,1.64447893549315,0,0.02456118,-0.03968055,0.06424173
2000,3,-0.08318458,0.767717894775366,-0.08318458,-0,-0.06585012,-0.01733446
2000,4,0.00845393,-0.611048782703527,0,0.00845393,0.02353447,-0.01508054
2000,5,-0.000678540000000002,1.98925877513289,-0.01713111,0.01645257,-0.06319453,0.06251599
2000,6,0.16054282,-1.01204577821203,0.16054282,0,0.11224935,0.04829347
2000,7,0.01792489,-0.356837631170137,0.02457516,-0.00665027,0.02023756,-0.00231267
2000,8,-0.08266621,0.178254520565524,-0.0692315,-0.01343471,-0.04696547,-0.03570074
2000,9,-0.03208793,0.50002941975702,-0.03208793,-0,-0.03184356,-0.00024437
2000,10,0.07891672,0.343892885683062,0.0775317,0.00138502,0.02859226,0.05032446
2000,11,-0.02197587,-0.126091228774072,-0.00140175,-0.02057412,-0.00700379,-0.01497208
2000,12,0.0219739,0.379688001477341,0,0.0219739,-0.00101018,0.02298408
2001,1,0.01023125,-0.192447108077154,0.01023125,0,0.01119644,-0.00096519
2001,2,0.01692798,0.333627512295643,0,0.01692798,-0.00207775,0.01900573
2001,3,0.09843149,-0.585069541562255,0.0925154,0.00591609,0.06770237,0.03072912
2001,4,0.18866448,0.984079213087874,0,0.18866448,0.06323796,0.12542652
2001,5,-0.22120879,0.763245272738722,-0.22120879,0,-0.13472091,-0.08648788
2001,6,0.05162129,-0.0717149585566905,0.00368301,0.04793828,0.02807664,0.02354465
2001,7,0.04453284,-0.233657627363116,0.02360871,0.02092413,0.02964938,0.01488346
2001,8,0.02644885,-1.1670881558258,0.06495761,-0.03850876,0.05010129,-0.02365244
2001,9,0.01720802,-0.708215348012686,0.01720802,0,0.03098172,-0.0137737
2001,10,0.11136176,0.415907501806068,0.03025663,0.08110513,0.04253932,0.06882244
2001,11,0.02884174,-0.517173851952002,0.02884174,0,0.03076218,-0.00192044
2001,12,0.02967283,-0.364115081394623,0.02967283,0,0.02634148,0.00333135
2002,1,0.02110632,0.0225673215647149,0,0.02110632,0.00984009,0.01126623
2002,2,0.03296201,0.730119987800393,0,0.03296201,-0.00658884,0.03955085
2002,3,0.01277576,0.203278025648324,0,0.01277576,-3.516e-05,0.01281092
2002,4,-0.01430277,-0.148461664538146,-0,-0.01430277,-0.00246039,-0.01184238
2002,5,0.04771133,-0.253706095368855,0.04771133,0,0.0318721,0.01583923
2002,6,0.00567854,-0.282230683628271,0.00567854,0,0.01175701,-0.00607847
2002,7,-0.00800684,-0.23717285198952,-0,-0.00800684,0.00349061,-0.01149745
2002,8,0.002382,-0.526377316919646,0.002382,0,0.01782312,-0.01544112
2002,9,-0.02394084,-0.880993008893327,-0,-0.02394084,0.0158666,-0.03980744
2002,10,0.03134879,-0.184623307066101,0.03134879,0,0.021508,0.00984079
2002,11,0.02874494,-1.6045496113783,0.02874494,0,0.06507195,-0.03632701
2002,12,-0.04433715,-0.891277315403283,-0,-0.04433715,0.00599341,-0.05033056
2003,1,0.02476896,1.23744907061862,0,0.02476896,-0.0267156,0.05148456
2003,2,0.02055698,-1.40471361424188,0.02055698,0,0.05466369,-0.03410671
2003,3,0.04476834,-1.38558258236667,0.04476834,0,0.06616488,-0.02139654
2003,4,0.02107291,-0.236794942893681,0.02107291,0,0.01801854,0.00305437
2003,5,0.03905268,-1.12156216574055,0.03905268,0,0.05496471,-0.01591203
2003,6,-0.0567028,-0.937799933318395,-0,-0.0567028,0.00128057,-0.05798337
2003,7,0.01439925,0.172592150678152,0.00663807,0.00776118,0.00174617,0.01265308
2003,8,0,0,0,0,0,0
2003,9,-0.00494424,-0.151109047456011,-0,-0.00494424,0.00230252,-0.00724676
2003,10,0.01447577,-0.77918704616744,0.01447577,0,0.03185811,-0.01738234
2003,11,0.00457366,0.101156847360606,0,0.00457366,-0.00090946,0.00548312
2003,12,-0.00938552,-0.46528059302382,-0,-0.00938552,0.01000886,-0.01939438
2004,1,-0.00570172,0.322019162705267,-0.00570172,-0,-0.01302581,0.00732409
2004,2,-0.00843765,-0.0822140681755457,-0,-0.00843765,-0.00162108,-0.00681657
2004,3,0.03998277,0.246645374901266,0,0.03998277,0.01219805,0.02778472
2004,4,0.07415338,-0.37845870785036,0.07415338,0,0.04903497,0.02511841
2004,5,0.01080948,-0.375669422951397,0.01080948,0,0.01727489,-0.00646541
2004,6,-0.01064261,0.163673965777633,-0.01064261,-0,-0.01049296,-0.00014965
2004,7,0.00050249,-0.26212149850684,0.00050249,0,0.00853358,-0.00803109
2004,8,0.00074697,0.0559026346179437,0,0.00074697,-0.00139289,0.00213986
2004,9,0.0122666,-0.162259395543973,0.0122666,0,0.01126026,0.00100634
2004,10,-0.01192496,-0.0609701318114553,-0,-0.01192496,-0.00403599,-0.00788897
2004,11,-0.00550317,-0.0772547901275012,-0,-0.00550317,-0.00031054,-0.00519263
2004,12,0.01344267,-0.346588745823784,0.01344267,0,0.01767261,-0.00422994
2005,1,-0.0338608,0.0242332812877777,-0.0338608,-0,-0.01769611,-0.01616469
2005,2,-0.00349108,-0.328877728129484,-0,-0.00349108,0.00864612,-0.0121372
2005,3,-0.00724673,0.169307953804854,-0.00724673,-0,-0.00897304,0.00172631
2005,4,-0.0136499,-0.313127566136373,-0,-0.0136499,0.00306904,-0.01671894
2005,5,0.0014925,0.255663487706315,0,0.0014925,-0.00733203,0.00882453
2005,6,0.0152359,-0.143928175912933,0.0152359,0,0.0121657,0.0030702
2005,7,0.01948674,0.933380773970072,0,0.01948674,-0.01974897,0.03923571
2005,8,0.0010603,-0.0524284318734303,0.0010603,0,0.00218675,-0.00112645
2005,9,-0.00476698,0.117994472816285,-0.00476698,-0,-0.0061118,0.00134482
2005,10,-0.00190147,0.196845205132767,-0.00190147,-0,-0.00717052,0.00526905
2005,11,-0.01053171,0.658218208543993,-0.01053171,-0,-0.02606379,0.01553208
2005,12,-0.02713102,0.468173717201736,-0.02713102,-0,-0.02835855,0.00122753
2006,1,-0.02255823,0.115551209822584,-0.02255823,-0,-0.01493022,-0.00762801
2006,2,-0.00854761,0.0344480510655387,-0.00854761,-0,-0.00536227,-0.00318534
2006,3,0.00851418,-0.543618066514107,0.00851418,0,0.02143397,-0.01291979
2006,4,-0.09111298,0.317085567836806,-0.09111298,-0,-0.05557555,-0.03553743
2006,5,-0.00211059,-0.0396690769093766,-0,-0.00211059,0.00019814,-0.00230873
2006,6,-0.04057938,0.590529580651022,-0.04057938,-0,-0.03894885,-0.00163053
2006,7,0.02021379,-0.12308403961736,0.02021379,0,0.01399602,0.00621777
2006,8,0.02847849,-0.0189868012729022,0.02847849,0,0.01483918,0.01363931
2006,9,0,0,0,0,0,0
2006,10,-0.00019456,0.0946219063218123,-0.00019456,-0,-0.00308708,0.00289252
2006,11,-0.00547435,-0.900673254099615,-0,-0.00547435,0.02572169,-0.03119604
2006,12,0.01983231,0.697180658989183,0,0.01983231,-0.01211289,0.0319452
2007,1,-0.04200314,0.644947006706076,-0.04200314,-0,-0.04138017,-0.00062297
2007,2,0.00772362,-0.254627685623987,0.00772362,0,0.01190736,-0.00418374
2007,3,0.01005512,0.0854472550656737,0,0.01005512,0.00232766,0.00772746
2007,4,-0.00351854,-0.3214999202239,-0,-0.00351854,0.00839927,-0.01191781
2007,5,-0.00288936,-0.11738420423022,-0,-0.00288936,0.00226435,-0.00515371
2007,6,-0.0070427,-0.110733823750842,-0,-0.0070427,-2.246e-05,-0.00702024
2007,7,0.00073494,-0.120659650220034,0.00073494,0,0.00417999,-0.00344505
2007,8,-0.00336702,-0.0510285526303278,-0,-0.00336702,-7.114e-05,-0.00329588
2007,9,-0.03852001,0.526312026752507,-0.03852001,-0,-0.03589006,-0.00262995
2007,10,-0.00197149,-0.0832170679183619,-0,-0.00197149,0.00164369,-0.00361518
2007,11,-0.02006683,-0.349102776992005,-0,-0.02006683,0.0009973,-0.02106413
2007,12,0.01959002,-0.381738081675564,0.01959002,0,0.02185691,-0.00226689
2008,1,-0.0017905,-0.295615027060769,-0,-0.0017905,0.00844539,-0.01023589
2008,2,-0.04948655,-0.605038240964717,-0,-0.04948655,-0.00562568,-0.04386087
2008,3,0.02942885,-0.564470604921574,0.02942885,0,0.03255019,-0.00312134
2008,4,0.00100444,0.0499747449866916,0,0.00100444,-0.00107685,0.00208129
2008,5,-0.01112855,-0.425319727903428,-0,-0.01112855,0.00787469,-0.01900324
2008,6,0.14507378,-0.433983633554824,0.14507378,0,0.08624961,0.05882417
2008,7,-0.08515931,1.35320062185773,-0.08515931,-0,-0.08533718,0.00017787
2008,8,-0.04140478,-0.637270002828849,-0,-0.04140478,-0.00056636,-0.04083842
2008,9,-0.00692684,-0.755483514443789,-0,-0.00692684,0.02040784,-0.02733468
2008,10,-0.05711344,-0.810760493031637,-0,-0.05711344,-0.00293885,-0.05417459
2008,11,0.20066293,-1.30428193491552,0.20066293,0,0.14154329,0.05911964
2008,12,0.04992427,-1.47784599256786,0.04992427,0,0.07165812,-0.02173385
2009,1,-0.02472847,-0.571526476159256,-0,-0.02472847,0.00569447,-0.03042294
2009,2,-0.05699711,-0.458091676403427,-0,-0.05699711,-0.01402408,-0.04297303
2009,3,0.0043218,0.228659642468632,0,0.0043218,-0.00506413,0.00938593
2009,4,0.08276869,-0.0510608946750146,0.08276869,0,0.04299773,0.03977096
2009,5,-0.0239308,-0.292221535248149,-0,-0.0239308,-0.00273198,-0.02119882
2009,6,0.03868445,0.0120242890783828,0,0.03868445,0.01896229,0.01972216
2009,7,-0.06646617,-1.66959763168348,-0,-0.06646617,0.01952174,-0.08598791
2009,8,0.00160176,-0.0954478917656765,0.00160176,0,0.00381678,-0.00221502
2009,9,-0.0431427,-0.219099207942719,-0,-0.0431427,-0.0146484,-0.0284943
2009,10,-0.02347063,-0.173400424928793,-0,-0.02347063,-0.00625632,-0.01721431
2009,11,-0.0154261,0.807551135358597,-0.0154261,-0,-0.03322951,0.01780341
2009,12,-0.0397096,0.314817376122178,-0.0397096,-0,-0.02980219,-0.00990741
2010,1,-0.01154394,-0.181830713177078,-0,-0.01154394,-2.661e-05,-0.01151733
2010,2,-0.00497081,-0.957506306342903,-0,-0.00497081,0.02776924,-0.03274005
2010,3,-0.01256865,0.307755207621874,-0.01256865,-0,-0.01600857,0.00343992
2010,4,0.00434575,-0.10028072619539,0.00434575,0,0.00534148,-0.00099573
2010,5,0.00817292,-0.692771714286966,0.00817292,0,0.02597619,-0.01780327
2010,6,-0.00339417,0.687814364196093,-0.00339417,-0,-0.02343018,0.02003601
2010,7,0.04677953,0.576790905550251,0,0.04677953,0.00516471,0.04161482
2010,8,-0.00996589,-0.601873012236265,-0,-0.00996589,0.01403463,-0.02400052
2010,9,-0.01327597,-0.118663756991477,-0,-0.01327597,-0.00288853,-0.01038744
2010,10,-0.00118935,0.0691707954803,-0.00118935,-0,-0.00278029,0.00159094
2010,11,-0.00810088,-0.124715076894244,-0,-0.00810088,-0.00010978,-0.0079911
2010,12,-0.02765037,-0.287375382852861,-0,-0.02765037,-0.00474489,-0.02290548
2011,1,0.03553229,-0.0161646733454646,0.03553229,0,0.01827691,0.01725538
2011,2,-0.03837712,0.158118655338946,-0.03837712,-0,-0.02418469,-0.01419243
2011,3,0.12901932,-0.157459333306953,0.12901932,0,0.06948495,0.05953437
2011,4,0.01671464,0.342264608402143,0,0.01671464,-0.00245733,0.01917197
2011,5,-0.10342982,0.226453328699172,-0.10342982,-0,-0.05887023,-0.04455959
2011,6,-0.01737918,0.206542270286469,-0.01737918,-0,-0.01521577,-0.00216341
2011,7,0.01397534,0.645466470627998,0,0.01397534,-0.01340735,0.02738269
2011,8,-0.16180212,-1.19662957846849,-0,-0.16180212,-0.04309076,-0.11871136
2011,9,0.00187561,-0.345565513869506,0.00187561,0,0.01185675,-0.00998114
2011,10,0.15435875,-0.874495698297029,0.15435875,0,0.1048111,0.04954765
2011,11,-0.1310721,0.167902536674891,-0.1310721,-0,-0.07084132,-0.06023078
2011,12,-0.00589102,-1.14186082996621,-0,-0.00589102,0.03313424,-0.03902526
2012,1,-0.00206959,-0.855914502238875,-0,-0.00206959,0.02600982,-0.02807941
2012,2,0.00100563,0.464658734617274,0,0.00100563,-0.01417916,0.01518479
2012,3,-0.00146547,-0.23682095091635,-0,-0.00146547,0.00675017,-0.00821564
2012,4,0.00079408,-0.201766452683749,0.00079408,0,0.00677232,-0.00597824
2012,5,0.0149391,-1.05730906443915,0.0149391,0,0.04087769,-0.02593859
2012,6,0.02680761,-0.620527275185268,0.02680761,0,0.03301081,-0.0062032
2012,7,-0.11241256,-1.55924455878518,-0,-0.11241256,-0.00693832,-0.10547424
2012,8,0.02971076,-2.76954372443159,0.02971076,0,0.10236556,-0.0726548
2012,9,0.00373173,1.15497068951793,0,0.00373173,-0.03462812,0.03835985
2012,10,0.00451293,-0.0971934466925006,0.00451293,0,0.00532752,-0.00081459
2012,11,0.01249565,-0.0376311590433609,0.01249565,0,0.00743687,0.00505878
2012,12,-0.00852136,-0.0176918314198637,-0,-0.00852136,-0.00370167,-0.00481969
2013,1,0.01476135,0.332287413595012,0,0.01476135,-0.00311872,0.01788007
2013,2,-0.01600097,-0.049772888481936,-0,-0.01600097,-0.00642779,-0.00957318
2013,3,0.01292198,-0.0606149648268328,0.01292198,0,0.00837626,0.00454572
2013,4,-0.00229544,-0.826106968306117,-0,-0.00229544,0.02495505,-0.02725049
2013,5,-0.01064868,0.00368932898524577,-0.01064868,-0,-0.00544091,-0.00520777
2013,6,0.01693853,-0.740490336627264,0.01693853,0,0.03186678,-0.01492825
2013,7,-0.0183371,1.60533889301364,-0.0183371,-0,-0.05989297,0.04155587
2013,8,0.00841092,0.222118586710174,0,0.00841092,-0.00281289,0.01122381
2013,9,-0.00495061,0.119633884026715,-0.00495061,-0,-0.00625542,0.00130481
2013,10,0.00067118,-0.201354070967952,0.00067118,0,0.00669784,-0.00602666
2013,11,-0.01181985,0.922527796492822,-0.01181985,-0,-0.03505934,0.02323949
2013,12,0.01349568,-0.346216518112818,0.01349568,0,0.01768736,-0.00419168
2014,1,-0.00755296,-0.351263273130797,-0,-0.00755296,0.0073225,-0.01487546
2014,2,0.03970336,0.0241025161514585,0,0.03970336,0.0190901,0.02061326
2014,3,0.04188543,-0.320062253482334,0.04188543,0,0.03105583,0.0108296
2014,4,0.02259083,0.794019096892917,0,0.02259083,-0.01379347,0.0363843
2014,5,0.00459456,0.240326960179971,0,0.00459456,-0.00529641,0.00989097
2014,6,-0.0238121,0.758521647014021,-0.0238121,-0,-0.03587331,0.01206121
2014,7,-0.00484793,0.481366345706569,-0.00484793,-0,-0.01763386,0.01278593
2014,8,0.00255536,0.0183792157843143,0,0.00255536,0.00069695,0.00185841
2014,9,-0.06391348,0.994292288364384,-0.06391348,-0,-0.06337372,-0.00053976
2014,10,0.00513321,-1.6111924196748,0.00513321,0,0.05347598,-0.04834277
2014,11,0.00261956,1.19355647700861,0,0.00261956,-0.03640342,0.03902298
2014,12,0.00754788,-1.63189595075242,0.00754788,0,0.05533749,-0.04778961
2015,1,-0.00742577,0.484450069633269,-0.00742577,-0,-0.01902021,0.01159444
2015,2,0,0,0,0,0,0
2015,3,-0.00344837,-0.0658903807275735,-0,-0.00344837,0.00035777,-0.00380614
2015,4,0.00660762,0.149348759673984,0,0.00660762,-0.00141521,0.00802283
2015,5,0,0,0,0,0,0
2015,6,-0.00266015,-0.319661970526575,-0,-0.00266015,0.00877039,-0.01143054
2015,7,0.00062077,0.0554046727915036,0,0.00062077,-0.00144025,0.00206102
2015,8,0,0,0,0,0,0
2015,9,-0.0018109,0.963531198367384,-0.0018109,-0,-0.03135046,0.02953956
2015,10,-0.02067151,2.00693573812121,-0.02067151,-0,-0.07374956,0.05307805
2015,11,0,0,0,0,0,0
2015,12,0.09622981,-3.64585351797242,0.09622981,0,0.16331413,-0.06708432
2016,1,-0.02126385,0.400713909185058,-0.02126385,-0,-0.02329341,0.00202956
2016,2,0,0,0,0,0,0
2016,3,0.04932123,0.688633760156954,0,0.04932123,0.00290163,0.0464196
2016,4,0.00158982,-0.248670697023989,0.00158982,0,0.00865224,-0.00706242
2016,5,0,0,0,0,0,0
2016,6,-0.00052953,-0.451695280376896,-0,-0.00052953,0.0140076,-0.01453713
2016,7,0.02518167,0.268560697187237,0,0.02518167,0.00410503,0.02107664
2016,8,0,0,0,0,0,0
2016,9,0.01323998,-0.706778671544051,0.01323998,0,0.02895231,-0.01571233
2016,10,-0.0005472,0.098839863016309,-0.0005472,-0,-0.00339668,0.00284948
2016,11,0,0,0,0,0,0
2016,12,0.0012475,0.761089152288008,0,0.0012475,-0.02342463,0.02467213
2017,1,-0.00011306,0.353983744241937,-0.00011306,-0,-0.01124147,0.01112841
2017,2,0,0,0,0,0,0
2017,3,0.00092149,0.392688205950087,0,0.00092149,-0.01194715,0.01286864
2017,4,-0.00278251,0.0252352487292384,-0.00278251,-0,-0.00218862,-0.00059389
2017,5,0,0,0,0,0,0
2017,6,-0.00148089,-0.169991000363723,-0,-0.00148089,0.00463082,-0.00611171
2017,7,-0.01117621,0.0560513035871679,-0.01117621,-0,-0.00735918,-0.00381703
2017,8,0,0,0,0,0,0
2017,9,0.00102202,0.0566490534406938,0,0.00102202,-0.00127895,0.00230097
2017,10,0.00142696,0.400000844215143,0,0.00142696,-0.01192548,0.01335244
2017,11,0,0,0,0,0,0
2017,12,-0.00179841,0.198614748025783,-0.00179841,-0,-0.0071749,0.00537649
2018,1,-3.047e-05,-0.606828780520452,-0,-3.047e-05,0.01915893,-0.0191894
2018,2,0,0,0,0,0,0
2018,3,0.00235651,0.662802364929327,0,0.00235651,-0.01976453,0.02212104
2018,4,-0.00080049,-0.123114981463424,-0,-0.00080049,0.00348986,-0.00429035
2018,5,0,0,0,0,0,0
2018,6,-0.00607283,1.24082942656702,-0.00607283,-0,-0.04224331,0.03617048
2018,7,0,0.235891422414625,0,0,-0.00745354,0.00745354
2018,8,0,0,0,0,0,0
2018,9,-0.00093179,-0.186954190537492,-0,-0.00093179,0.00544136,-0.00637315
2018,10,0.00170687,-0.598837432179167,0.00170687,0,0.0197751,-0.01806823
2018,11,0,0,0,0,0,0
2018,12,-0.00059572,0.120556037672337,-0.00059572,-0,-0.00410711,0.00351139
2019,1,-0.00380213,-0.61087131377473,-0,-0.00380213,0.01740084,-0.02120297
2019,2,0,0,0,0,0,0
2019,3,-0.00566994,-0.361680374541073,-0,-0.00566994,0.00859316,-0.0142631
2019,4,-0.00289121,0.0399349047151887,-0.00289121,-0,-0.00270744,-0.00018377
2019,5,0,0,0,0,0,0
2019,6,0.02315282,-0.590257025325513,0.02315282,0,0.03022695,-0.00707413
2019,7,0.03656744,-0.73933,0.03656744,0,0.04164457,-0.00507713
2019,8,0,0,0,0,0,0
2019,9,0.06622554,0.042317,0,0.06622554,0.03177567,0.03444987
2019,10,0.00098251,-0.22371,0.00098251,0,0.00755989,-0.00657738
2019,11,0,0,0,0,0,0
2019,12,0.00068847,0.3329,0,0.00068847,-0.01017452,0.01086299
2020,1,0.00556573,-0.470577457078569,0.00556573,0,0.01765186,-0.01208613
2020,2,0,0,0,0,0,0
2020,3,0.12343174,-3.98467470715058,0.12343174,0,0.18762094,-0.0641892
2020,4,0.01599427,-1.1385433664616,0.01599427,0,0.04397206,-0.02797779
2020,5,0,0,0,0,0,0
2020,6,0.00291419,0.0227421999305477,0,0.00291419,0.0007385,0.00217569
2020,7,-0.00383441,0.268275073196023,-0.00383441,-0,-0.01039398,0.00655957
2020,8,0,0,0,0,0,0
2020,9,0.00936494,0.505103406069196,0,0.00936494,-0.01127745,0.02064239
2020,10,-0.00609327,1.29373772749455,-0.00609327,-0,-0.04392529,0.03783202
2020,11,0,0,0,0,0,0
2020,12,0.01472434,-0.693229281993979,0.01472434,0,0.02926636,-0.01454202
2021,1,0.00253541,-0.342275252965329,0.00253541,0,0.01208269,-0.00954728
2021,2,0,0,0,0,0,0
2021,3,0.01239025,0.107737627767968,0,0.01239025,0.0027909,0.00959935
2021,4,-0.00153379,-0.083392067188548,-0,-0.00153379,0.00186807,-0.00340186
2021,5,0,0,0,0,0,0
2021,6,-0.00092322,0.474655205577434,-0.00092322,-0,-0.01545945,0.01453623
2021,7,-0.00037465,-0.234586766037204,-0,-0.00037465,0.00722499,-0.00759964
2021,8,0,0,0,0,0,0
2021,9,0.00158657,0.465143772255594,0,0.00158657,-0.01390402,0.01549059
2021,10,0.00051765,-0.201671054876584,0.00051765,0,0.00663109,-0.00611344
2021,11,0,0,0,0,0,0
2021,12,-0.0030975,-0.686763891686226,-0,-0.0030975,0.02015115,-0.02324865
2022,1,0,0,0,0,0,0
2022,2,0.01653362,-0.967914358713351,0.01653362,0,0.03885032,-0.0223167
2022,3,0.01440428,-0.13615918320653,0.01440428,0,0.01150441,0.00289987
2022,4,-0.03895759,0.236830009781208,-0.03895759,-0,-0.02696199,-0.0119956
2022,5,0,0,0,0,0,0
2022,6,-0.00971133,-1.41096293636256,-0,-0.00971133,0.03972699,-0.04943832
2022,7,0.12701701,0.119942578418808,0,0.12701701,0.05971864,0.06729837
2022,8,0,0,0,0,0,0
2022,9,0.11525955,-0.22380435893723,0.11525955,0,0.06470139,0.05055816
2022,10,-0.05560581,0.642207387971006,-0.05560581,-0,-0.04809494,-0.00751087
2022,11,0,0,0,0,0,0
2022,12,0.03576375,-2.17950296080822,0.03576375,0,0.08674834,-0.05098459
2023,1,0,0,0,0,0,0
2023,2,-0.0208358,0.557844918201233,-0.0208358,-0,-0.02804431,0.00720851
2023,3,0.1977682,1.14873149172947,0,0.1977682,0.06258725,0.13518095
2023,4,0,0,0,0,0,0
2023,5,-0.07549749,0.506972788081228,-0.07549749,-0,-0.05376773,-0.02172976
2023,6,0.01504849,0.141153566107022,0,0.01504849,0.00306417,0.01198432
